X, Y
0.2, 0.2
0.2, 0.4
0.2, 0.6
0.2, 0.8
0.2, 1
0.2, 1.2
0.2, 1.4
0.2, 1.6
0.2, 1.8
0.2, 2
0.2, 2.2
0.2, 2.4
0.2, 2.6
0.2, 2.8
0.2, 3
0.2, 3.2
0.2, 3.4
0.2, 3.6
0.2, 3.8
0.2, 4
0.2, 4.2
0.2, 4.4
0.2, 4.6
0.2, 4.8
0.2, 5
0.2, 5.2
0.2, 5.4
0.2, 5.6
0.2, 5.8
0.2, 6
0.2, 6.2
0.2, 6.4
0.2, 6.6
0.2, 6.8
0.2, 7
0.2, 7.2
0.2, 7.4
0.2, 7.6
0.2, 7.8
0.2, 8
0.2, 8.2
0.2, 8.4
0.2, 8.6
0.2, 8.8
0.2, 9
0.2, 9.2
0.2, 9.4
0.2, 9.6
0.2, 9.8
0.2, 10
0.2, 10.2
0.2, 10.4
0.2, 10.6
0.2, 10.8
0.2, 11
0.2, 11.2
0.2, 11.4
0.2, 11.6
0.2, 11.8
0.2, 12
0.2, 12.2
0.2, 12.4
0.2, 12.6
0.2, 12.8
0.2, 13
0.2, 13.2
0.2, 13.4
0.2, 13.6
0.2, 13.8
0.2, 14
0.2, 14.2
0.2, 14.4
0.2, 14.6
0.2, 14.8
0.2, 15
0.2, 15.2
0.2, 15.4
0.2, 15.6
0.2, 15.8
0.2, 16
0.2, 16.2
0.2, 16.4
0.2, 16.6
0.2, 16.8
0.2, 17
0.2, 17.2
0.2, 17.4
0.2, 17.6
0.2, 17.8
0.2, 18
0.2, 18.2
0.2, 18.4
0.2, 18.6
0.2, 18.8
0.2, 19
0.2, 19.2
0.2, 19.4
0.2, 19.6
0.2, 19.8
0.2, 20
0.2, 20.2
0.2, 20.4
0.2, 20.6
0.2, 20.8
0.2, 21
0.2, 21.2
0.2, 21.4
0.2, 21.6
0.2, 21.8
0.2, 22
0.2, 22.2
0.2, 22.4
0.2, 22.6
0.2, 22.8
0.2, 23
0.2, 23.2
0.2, 23.4
0.2, 23.6
0.2, 23.8
0.2, 24
0.2, 24.2
0.2, 24.4
0.2, 24.6
0.2, 24.8
0.2, 25
0.2, 25.2
0.2, 25.4
0.2, 25.6
0.2, 25.8
0.2, 26
0.2, 26.2
0.2, 26.4
0.2, 26.6
0.2, 26.8
0.2, 27
0.2, 27.2
0.2, 27.4
0.2, 27.6
0.2, 27.8
0.2, 28
0.2, 28.2
0.2, 28.4
0.2, 28.6
0.2, 28.8
0.2, 29
0.2, 29.2
0.2, 29.4
0.2, 29.6
0.2, 29.8
0.2, 30
0.2, 30.2
0.2, 30.4
0.2, 30.6
0.2, 30.8
0.2, 31
0.2, 31.2
0.2, 31.4
0.2, 31.6
0.2, 31.8
0.2, 32
0.2, 32.2
0.2, 32.4
0.2, 32.6
0.2, 32.8
0.2, 33
0.2, 33.2
0.2, 33.4
0.2, 33.6
0.2, 33.8
0.2, 34
0.2, 34.2
0.2, 34.4
0.2, 34.6
0.2, 34.8
0.2, 35
0.2, 35.2
0.2, 35.4
0.2, 35.6
0.2, 35.8
0.2, 36
0.2, 36.2
0.2, 36.4
0.2, 36.6
0.2, 36.8
0.2, 37
0.2, 37.2
0.2, 37.4
0.2, 37.6
0.2, 37.8
0.2, 38
0.2, 38.2
0.2, 38.4
0.2, 38.6
0.2, 38.8
0.2, 39
0.2, 39.2
0.2, 39.4
0.2, 39.6
0.2, 39.8
0.2, 40
0.2, 40.2
0.2, 40.4
0.2, 40.6
0.2, 40.8
0.2, 41
0.2, 41.2
0.2, 41.4
0.2, 41.6
0.2, 41.8
0.2, 42
0.2, 42.2
0.2, 42.4
0.2, 42.6
0.2, 42.8
0.2, 43
0.2, 43.2
0.2, 43.4
0.2, 43.6
0.2, 43.8
0.2, 44
0.2, 44.2
0.2, 44.4
0.2, 44.6
0.2, 44.8
0.2, 45
0.2, 45.2
0.2, 45.4
0.2, 45.6
0.2, 45.8
0.2, 46
0.2, 46.2
0.2, 46.4
0.2, 46.6
0.2, 46.8
0.2, 47
0.2, 47.2
0.2, 47.4
0.2, 47.6
0.2, 47.8
0.2, 48
0.2, 48.2
0.2, 48.4
0.2, 48.6
0.2, 48.8
0.2, 49
0.2, 49.2
0.2, 49.4
0.2, 49.6
0.2, 49.8
0.2, 50
0.4, 0.2
0.4, 0.4
0.4, 0.6
0.4, 0.8
0.4, 1
0.4, 1.2
0.4, 1.4
0.4, 1.6
0.4, 1.8
0.4, 2
0.4, 2.2
0.4, 2.4
0.4, 2.6
0.4, 2.8
0.4, 3
0.4, 3.2
0.4, 3.4
0.4, 3.6
0.4, 3.8
0.4, 4
0.4, 4.2
0.4, 4.4
0.4, 4.6
0.4, 4.8
0.4, 5
0.4, 5.2
0.4, 5.4
0.4, 5.6
0.4, 5.8
0.4, 6
0.4, 6.2
0.4, 6.4
0.4, 6.6
0.4, 6.8
0.4, 7
0.4, 7.2
0.4, 7.4
0.4, 7.6
0.4, 7.8
0.4, 8
0.4, 8.2
0.4, 8.4
0.4, 8.6
0.4, 8.8
0.4, 9
0.4, 9.2
0.4, 9.4
0.4, 9.6
0.4, 9.8
0.4, 10
0.4, 10.2
0.4, 10.4
0.4, 10.6
0.4, 10.8
0.4, 11
0.4, 11.2
0.4, 11.4
0.4, 11.6
0.4, 11.8
0.4, 12
0.4, 12.2
0.4, 12.4
0.4, 12.6
0.4, 12.8
0.4, 13
0.4, 13.2
0.4, 13.4
0.4, 13.6
0.4, 13.8
0.4, 14
0.4, 14.2
0.4, 14.4
0.4, 14.6
0.4, 14.8
0.4, 15
0.4, 15.2
0.4, 15.4
0.4, 15.6
0.4, 15.8
0.4, 16
0.4, 16.2
0.4, 16.4
0.4, 16.6
0.4, 16.8
0.4, 17
0.4, 17.2
0.4, 17.4
0.4, 17.6
0.4, 17.8
0.4, 18
0.4, 18.2
0.4, 18.4
0.4, 18.6
0.4, 18.8
0.4, 19
0.4, 19.2
0.4, 19.4
0.4, 19.6
0.4, 19.8
0.4, 20
0.4, 20.2
0.4, 20.4
0.4, 20.6
0.4, 20.8
0.4, 21
0.4, 21.2
0.4, 21.4
0.4, 21.6
0.4, 21.8
0.4, 22
0.4, 22.2
0.4, 22.4
0.4, 22.6
0.4, 22.8
0.4, 23
0.4, 23.2
0.4, 23.4
0.4, 23.6
0.4, 23.8
0.4, 24
0.4, 24.2
0.4, 24.4
0.4, 24.6
0.4, 24.8
0.4, 25
0.4, 25.2
0.4, 25.4
0.4, 25.6
0.4, 25.8
0.4, 26
0.4, 26.2
0.4, 26.4
0.4, 26.6
0.4, 26.8
0.4, 27
0.4, 27.2
0.4, 27.4
0.4, 27.6
0.4, 27.8
0.4, 28
0.4, 28.2
0.4, 28.4
0.4, 28.6
0.4, 28.8
0.4, 29
0.4, 29.2
0.4, 29.4
0.4, 29.6
0.4, 29.8
0.4, 30
0.4, 30.2
0.4, 30.4
0.4, 30.6
0.4, 30.8
0.4, 31
0.4, 31.2
0.4, 31.4
0.4, 31.6
0.4, 31.8
0.4, 32
0.4, 32.2
0.4, 32.4
0.4, 32.6
0.4, 32.8
0.4, 33
0.4, 33.2
0.4, 33.4
0.4, 33.6
0.4, 33.8
0.4, 34
0.4, 34.2
0.4, 34.4
0.4, 34.6
0.4, 34.8
0.4, 35
0.4, 35.2
0.4, 35.4
0.4, 35.6
0.4, 35.8
0.4, 36
0.4, 36.2
0.4, 36.4
0.4, 36.6
0.4, 36.8
0.4, 37
0.4, 37.2
0.4, 37.4
0.4, 37.6
0.4, 37.8
0.4, 38
0.4, 38.2
0.4, 38.4
0.4, 38.6
0.4, 38.8
0.4, 39
0.4, 39.2
0.4, 39.4
0.4, 39.6
0.4, 39.8
0.4, 40
0.4, 40.2
0.4, 40.4
0.4, 40.6
0.4, 40.8
0.4, 41
0.4, 41.2
0.4, 41.4
0.4, 41.6
0.4, 41.8
0.4, 42
0.4, 42.2
0.4, 42.4
0.4, 42.6
0.4, 42.8
0.4, 43
0.4, 43.2
0.4, 43.4
0.4, 43.6
0.4, 43.8
0.4, 44
0.4, 44.2
0.4, 44.4
0.4, 44.6
0.4, 44.8
0.4, 45
0.4, 45.2
0.4, 45.4
0.4, 45.6
0.4, 45.8
0.4, 46
0.4, 46.2
0.4, 46.4
0.4, 46.6
0.4, 46.8
0.4, 47
0.4, 47.2
0.4, 47.4
0.4, 47.6
0.4, 47.8
0.4, 48
0.4, 48.2
0.4, 48.4
0.4, 48.6
0.4, 48.8
0.4, 49
0.4, 49.2
0.4, 49.4
0.4, 49.6
0.4, 49.8
0.4, 50
0.6, 0.2
0.6, 0.4
0.6, 0.6
0.6, 0.8
0.6, 1
0.6, 1.2
0.6, 1.4
0.6, 1.6
0.6, 1.8
0.6, 2
0.6, 2.2
0.6, 2.4
0.6, 2.6
0.6, 2.8
0.6, 3
0.6, 3.2
0.6, 3.4
0.6, 3.6
0.6, 3.8
0.6, 4
0.6, 4.2
0.6, 4.4
0.6, 4.6
0.6, 4.8
0.6, 5
0.6, 5.2
0.6, 5.4
0.6, 5.6
0.6, 5.8
0.6, 6
0.6, 6.2
0.6, 6.4
0.6, 6.6
0.6, 6.8
0.6, 7
0.6, 7.2
0.6, 7.4
0.6, 7.6
0.6, 7.8
0.6, 8
0.6, 8.2
0.6, 8.4
0.6, 8.6
0.6, 8.8
0.6, 9
0.6, 9.2
0.6, 9.4
0.6, 9.6
0.6, 9.8
0.6, 10
0.6, 10.2
0.6, 10.4
0.6, 10.6
0.6, 10.8
0.6, 11
0.6, 11.2
0.6, 11.4
0.6, 11.6
0.6, 11.8
0.6, 12
0.6, 12.2
0.6, 12.4
0.6, 12.6
0.6, 12.8
0.6, 13
0.6, 13.2
0.6, 13.4
0.6, 13.6
0.6, 13.8
0.6, 14
0.6, 14.2
0.6, 14.4
0.6, 14.6
0.6, 14.8
0.6, 15
0.6, 15.2
0.6, 15.4
0.6, 15.6
0.6, 15.8
0.6, 16
0.6, 16.2
0.6, 16.4
0.6, 16.6
0.6, 16.8
0.6, 17
0.6, 17.2
0.6, 17.4
0.6, 17.6
0.6, 17.8
0.6, 18
0.6, 18.2
0.6, 18.4
0.6, 18.6
0.6, 18.8
0.6, 19
0.6, 19.2
0.6, 19.4
0.6, 19.6
0.6, 19.8
0.6, 20
0.6, 20.2
0.6, 20.4
0.6, 20.6
0.6, 20.8
0.6, 21
0.6, 21.2
0.6, 21.4
0.6, 21.6
0.6, 21.8
0.6, 22
0.6, 22.2
0.6, 22.4
0.6, 22.6
0.6, 22.8
0.6, 23
0.6, 23.2
0.6, 23.4
0.6, 23.6
0.6, 23.8
0.6, 24
0.6, 24.2
0.6, 24.4
0.6, 24.6
0.6, 24.8
0.6, 25
0.6, 25.2
0.6, 25.4
0.6, 25.6
0.6, 25.8
0.6, 26
0.6, 26.2
0.6, 26.4
0.6, 26.6
0.6, 26.8
0.6, 27
0.6, 27.2
0.6, 27.4
0.6, 27.6
0.6, 27.8
0.6, 28
0.6, 28.2
0.6, 28.4
0.6, 28.6
0.6, 28.8
0.6, 29
0.6, 29.2
0.6, 29.4
0.6, 29.6
0.6, 29.8
0.6, 30
0.6, 30.2
0.6, 30.4
0.6, 30.6
0.6, 30.8
0.6, 31
0.6, 31.2
0.6, 31.4
0.6, 31.6
0.6, 31.8
0.6, 32
0.6, 32.2
0.6, 32.4
0.6, 32.6
0.6, 32.8
0.6, 33
0.6, 33.2
0.6, 33.4
0.6, 33.6
0.6, 33.8
0.6, 34
0.6, 34.2
0.6, 34.4
0.6, 34.6
0.6, 34.8
0.6, 35
0.6, 35.2
0.6, 35.4
0.6, 35.6
0.6, 35.8
0.6, 36
0.6, 36.2
0.6, 36.4
0.6, 36.6
0.6, 36.8
0.6, 37
0.6, 37.2
0.6, 37.4
0.6, 37.6
0.6, 37.8
0.6, 38
0.6, 38.2
0.6, 38.4
0.6, 38.6
0.6, 38.8
0.6, 39
0.6, 39.2
0.6, 39.4
0.6, 39.6
0.6, 39.8
0.6, 40
0.6, 40.2
0.6, 40.4
0.6, 40.6
0.6, 40.8
0.6, 41
0.6, 41.2
0.6, 41.4
0.6, 41.6
0.6, 41.8
0.6, 42
0.6, 42.2
0.6, 42.4
0.6, 42.6
0.6, 42.8
0.6, 43
0.6, 43.2
0.6, 43.4
0.6, 43.6
0.6, 43.8
0.6, 44
0.6, 44.2
0.6, 44.4
0.6, 44.6
0.6, 44.8
0.6, 45
0.6, 45.2
0.6, 45.4
0.6, 45.6
0.6, 45.8
0.6, 46
0.6, 46.2
0.6, 46.4
0.6, 46.6
0.6, 46.8
0.6, 47
0.6, 47.2
0.6, 47.4
0.6, 47.6
0.6, 47.8
0.6, 48
0.6, 48.2
0.6, 48.4
0.6, 48.6
0.6, 48.8
0.6, 49
0.6, 49.2
0.6, 49.4
0.6, 49.6
0.6, 49.8
0.6, 50
0.8, 0.2
0.8, 0.4
0.8, 0.6
0.8, 0.8
0.8, 1
0.8, 1.2
0.8, 1.4
0.8, 1.6
0.8, 1.8
0.8, 2
0.8, 2.2
0.8, 2.4
0.8, 2.6
0.8, 2.8
0.8, 3
0.8, 3.2
0.8, 3.4
0.8, 3.6
0.8, 3.8
0.8, 4
0.8, 4.2
0.8, 4.4
0.8, 4.6
0.8, 4.8
0.8, 5
0.8, 5.2
0.8, 5.4
0.8, 5.6
0.8, 5.8
0.8, 6
0.8, 6.2
0.8, 6.4
0.8, 6.6
0.8, 6.8
0.8, 7
0.8, 7.2
0.8, 7.4
0.8, 7.6
0.8, 7.8
0.8, 8
0.8, 8.2
0.8, 8.4
0.8, 8.6
0.8, 8.8
0.8, 9
0.8, 9.2
0.8, 9.4
0.8, 9.6
0.8, 9.8
0.8, 10
0.8, 10.2
0.8, 10.4
0.8, 10.6
0.8, 10.8
0.8, 11
0.8, 11.2
0.8, 11.4
0.8, 11.6
0.8, 11.8
0.8, 12
0.8, 12.2
0.8, 12.4
0.8, 12.6
0.8, 12.8
0.8, 13
0.8, 13.2
0.8, 13.4
0.8, 13.6
0.8, 13.8
0.8, 14
0.8, 14.2
0.8, 14.4
0.8, 14.6
0.8, 14.8
0.8, 15
0.8, 15.2
0.8, 15.4
0.8, 15.6
0.8, 15.8
0.8, 16
0.8, 16.2
0.8, 16.4
0.8, 16.6
0.8, 16.8
0.8, 17
0.8, 17.2
0.8, 17.4
0.8, 17.6
0.8, 17.8
0.8, 18
0.8, 18.2
0.8, 18.4
0.8, 18.6
0.8, 18.8
0.8, 19
0.8, 19.2
0.8, 19.4
0.8, 19.6
0.8, 19.8
0.8, 20
0.8, 20.2
0.8, 20.4
0.8, 20.6
0.8, 20.8
0.8, 21
0.8, 21.2
0.8, 21.4
0.8, 21.6
0.8, 21.8
0.8, 22
0.8, 22.2
0.8, 22.4
0.8, 22.6
0.8, 22.8
0.8, 23
0.8, 23.2
0.8, 23.4
0.8, 23.6
0.8, 23.8
0.8, 24
0.8, 24.2
0.8, 24.4
0.8, 24.6
0.8, 24.8
0.8, 25
0.8, 25.2
0.8, 25.4
0.8, 25.6
0.8, 25.8
0.8, 26
0.8, 26.2
0.8, 26.4
0.8, 26.6
0.8, 26.8
0.8, 27
0.8, 27.2
0.8, 27.4
0.8, 27.6
0.8, 27.8
0.8, 28
0.8, 28.2
0.8, 28.4
0.8, 28.6
0.8, 28.8
0.8, 29
0.8, 29.2
0.8, 29.4
0.8, 29.6
0.8, 29.8
0.8, 30
0.8, 30.2
0.8, 30.4
0.8, 30.6
0.8, 30.8
0.8, 31
0.8, 31.2
0.8, 31.4
0.8, 31.6
0.8, 31.8
0.8, 32
0.8, 32.2
0.8, 32.4
0.8, 32.6
0.8, 32.8
0.8, 33
0.8, 33.2
0.8, 33.4
0.8, 33.6
0.8, 33.8
0.8, 34
0.8, 34.2
0.8, 34.4
0.8, 34.6
0.8, 34.8
0.8, 35
0.8, 35.2
0.8, 35.4
0.8, 35.6
0.8, 35.8
0.8, 36
0.8, 36.2
0.8, 36.4
0.8, 36.6
0.8, 36.8
0.8, 37
0.8, 37.2
0.8, 37.4
0.8, 37.6
0.8, 37.8
0.8, 38
0.8, 38.2
0.8, 38.4
0.8, 38.6
0.8, 38.8
0.8, 39
0.8, 39.2
0.8, 39.4
0.8, 39.6
0.8, 39.8
0.8, 40
0.8, 40.2
0.8, 40.4
0.8, 40.6
0.8, 40.8
0.8, 41
0.8, 41.2
0.8, 41.4
0.8, 41.6
0.8, 41.8
0.8, 42
0.8, 42.2
0.8, 42.4
0.8, 42.6
0.8, 42.8
0.8, 43
0.8, 43.2
0.8, 43.4
0.8, 43.6
0.8, 43.8
0.8, 44
0.8, 44.2
0.8, 44.4
0.8, 44.6
0.8, 44.8
0.8, 45
0.8, 45.2
0.8, 45.4
0.8, 45.6
0.8, 45.8
0.8, 46
0.8, 46.2
0.8, 46.4
0.8, 46.6
0.8, 46.8
0.8, 47
0.8, 47.2
0.8, 47.4
0.8, 47.6
0.8, 47.8
0.8, 48
0.8, 48.2
0.8, 48.4
0.8, 48.6
0.8, 48.8
0.8, 49
0.8, 49.2
0.8, 49.4
0.8, 49.6
0.8, 49.8
0.8, 50
1, 0.2
1, 0.4
1, 0.6
1, 0.8
1, 1
1, 1.2
1, 1.4
1, 1.6
1, 1.8
1, 2
1, 2.2
1, 2.4
1, 2.6
1, 2.8
1, 3
1, 3.2
1, 3.4
1, 3.6
1, 3.8
1, 4
1, 4.2
1, 4.4
1, 4.6
1, 4.8
1, 5
1, 5.2
1, 5.4
1, 5.6
1, 5.8
1, 6
1, 6.2
1, 6.4
1, 6.6
1, 6.8
1, 7
1, 7.2
1, 7.4
1, 7.6
1, 7.8
1, 8
1, 8.2
1, 8.4
1, 8.6
1, 8.8
1, 9
1, 9.2
1, 9.4
1, 9.6
1, 9.8
1, 10
1, 10.2
1, 10.4
1, 10.6
1, 10.8
1, 11
1, 11.2
1, 11.4
1, 11.6
1, 11.8
1, 12
1, 12.2
1, 12.4
1, 12.6
1, 12.8
1, 13
1, 13.2
1, 13.4
1, 13.6
1, 13.8
1, 14
1, 14.2
1, 14.4
1, 14.6
1, 14.8
1, 15
1, 15.2
1, 15.4
1, 15.6
1, 15.8
1, 16
1, 16.2
1, 16.4
1, 16.6
1, 16.8
1, 17
1, 17.2
1, 17.4
1, 17.6
1, 17.8
1, 18
1, 18.2
1, 18.4
1, 18.6
1, 18.8
1, 19
1, 19.2
1, 19.4
1, 19.6
1, 19.8
1, 20
1, 20.2
1, 20.4
1, 20.6
1, 20.8
1, 21
1, 21.2
1, 21.4
1, 21.6
1, 21.8
1, 22
1, 22.2
1, 22.4
1, 22.6
1, 22.8
1, 23
1, 23.2
1, 23.4
1, 23.6
1, 23.8
1, 24
1, 24.2
1, 24.4
1, 24.6
1, 24.8
1, 25
1, 25.2
1, 25.4
1, 25.6
1, 25.8
1, 26
1, 26.2
1, 26.4
1, 26.6
1, 26.8
1, 27
1, 27.2
1, 27.4
1, 27.6
1, 27.8
1, 28
1, 28.2
1, 28.4
1, 28.6
1, 28.8
1, 29
1, 29.2
1, 29.4
1, 29.6
1, 29.8
1, 30
1, 30.2
1, 30.4
1, 30.6
1, 30.8
1, 31
1, 31.2
1, 31.4
1, 31.6
1, 31.8
1, 32
1, 32.2
1, 32.4
1, 32.6
1, 32.8
1, 33
1, 33.2
1, 33.4
1, 33.6
1, 33.8
1, 34
1, 34.2
1, 34.4
1, 34.6
1, 34.8
1, 35
1, 35.2
1, 35.4
1, 35.6
1, 35.8
1, 36
1, 36.2
1, 36.4
1, 36.6
1, 36.8
1, 37
1, 37.2
1, 37.4
1, 37.6
1, 37.8
1, 38
1, 38.2
1, 38.4
1, 38.6
1, 38.8
1, 39
1, 39.2
1, 39.4
1, 39.6
1, 39.8
1, 40
1, 40.2
1, 40.4
1, 40.6
1, 40.8
1, 41
1, 41.2
1, 41.4
1, 41.6
1, 41.8
1, 42
1, 42.2
1, 42.4
1, 42.6
1, 42.8
1, 43
1, 43.2
1, 43.4
1, 43.6
1, 43.8
1, 44
1, 44.2
1, 44.4
1, 44.6
1, 44.8
1, 45
1, 45.2
1, 45.4
1, 45.6
1, 45.8
1, 46
1, 46.2
1, 46.4
1, 46.6
1, 46.8
1, 47
1, 47.2
1, 47.4
1, 47.6
1, 47.8
1, 48
1, 48.2
1, 48.4
1, 48.6
1, 48.8
1, 49
1, 49.2
1, 49.4
1, 49.6
1, 49.8
1, 50
1.2, 0.2
1.2, 0.4
1.2, 0.6
1.2, 0.8
1.2, 1
1.2, 1.2
1.2, 1.4
1.2, 1.6
1.2, 1.8
1.2, 2
1.2, 2.2
1.2, 2.4
1.2, 2.6
1.2, 2.8
1.2, 3
1.2, 3.2
1.2, 3.4
1.2, 3.6
1.2, 3.8
1.2, 4
1.2, 4.2
1.2, 4.4
1.2, 4.6
1.2, 4.8
1.2, 5
1.2, 5.2
1.2, 5.4
1.2, 5.6
1.2, 5.8
1.2, 6
1.2, 6.2
1.2, 6.4
1.2, 6.6
1.2, 6.8
1.2, 7
1.2, 7.2
1.2, 7.4
1.2, 7.6
1.2, 7.8
1.2, 8
1.2, 8.2
1.2, 8.4
1.2, 8.6
1.2, 8.8
1.2, 9
1.2, 9.2
1.2, 9.4
1.2, 9.6
1.2, 9.8
1.2, 10
1.2, 10.2
1.2, 10.4
1.2, 10.6
1.2, 10.8
1.2, 11
1.2, 11.2
1.2, 11.4
1.2, 11.6
1.2, 11.8
1.2, 12
1.2, 12.2
1.2, 12.4
1.2, 12.6
1.2, 12.8
1.2, 13
1.2, 13.2
1.2, 13.4
1.2, 13.6
1.2, 13.8
1.2, 14
1.2, 14.2
1.2, 14.4
1.2, 14.6
1.2, 14.8
1.2, 15
1.2, 15.2
1.2, 15.4
1.2, 15.6
1.2, 15.8
1.2, 16
1.2, 16.2
1.2, 16.4
1.2, 16.6
1.2, 16.8
1.2, 17
1.2, 17.2
1.2, 17.4
1.2, 17.6
1.2, 17.8
1.2, 18
1.2, 18.2
1.2, 18.4
1.2, 18.6
1.2, 18.8
1.2, 19
1.2, 19.2
1.2, 19.4
1.2, 19.6
1.2, 19.8
1.2, 20
1.2, 20.2
1.2, 20.4
1.2, 20.6
1.2, 20.8
1.2, 21
1.2, 21.2
1.2, 21.4
1.2, 21.6
1.2, 21.8
1.2, 22
1.2, 22.2
1.2, 22.4
1.2, 22.6
1.2, 22.8
1.2, 23
1.2, 23.2
1.2, 23.4
1.2, 23.6
1.2, 23.8
1.2, 24
1.2, 24.2
1.2, 24.4
1.2, 24.6
1.2, 24.8
1.2, 25
1.2, 25.2
1.2, 25.4
1.2, 25.6
1.2, 25.8
1.2, 26
1.2, 26.2
1.2, 26.4
1.2, 26.6
1.2, 26.8
1.2, 27
1.2, 27.2
1.2, 27.4
1.2, 27.6
1.2, 27.8
1.2, 28
1.2, 28.2
1.2, 28.4
1.2, 28.6
1.2, 28.8
1.2, 29
1.2, 29.2
1.2, 29.4
1.2, 29.6
1.2, 29.8
1.2, 30
1.2, 30.2
1.2, 30.4
1.2, 30.6
1.2, 30.8
1.2, 31
1.2, 31.2
1.2, 31.4
1.2, 31.6
1.2, 31.8
1.2, 32
1.2, 32.2
1.2, 32.4
1.2, 32.6
1.2, 32.8
1.2, 33
1.2, 33.2
1.2, 33.4
1.2, 33.6
1.2, 33.8
1.2, 34
1.2, 34.2
1.2, 34.4
1.2, 34.6
1.2, 34.8
1.2, 35
1.2, 35.2
1.2, 35.4
1.2, 35.6
1.2, 35.8
1.2, 36
1.2, 36.2
1.2, 36.4
1.2, 36.6
1.2, 36.8
1.2, 37
1.2, 37.2
1.2, 37.4
1.2, 37.6
1.2, 37.8
1.2, 38
1.2, 38.2
1.2, 38.4
1.2, 38.6
1.2, 38.8
1.2, 39
1.2, 39.2
1.2, 39.4
1.2, 39.6
1.2, 39.8
1.2, 40
1.2, 40.2
1.2, 40.4
1.2, 40.6
1.2, 40.8
1.2, 41
1.2, 41.2
1.2, 41.4
1.2, 41.6
1.2, 41.8
1.2, 42
1.2, 42.2
1.2, 42.4
1.2, 42.6
1.2, 42.8
1.2, 43
1.2, 43.2
1.2, 43.4
1.2, 43.6
1.2, 43.8
1.2, 44
1.2, 44.2
1.2, 44.4
1.2, 44.6
1.2, 44.8
1.2, 45
1.2, 45.2
1.2, 45.4
1.2, 45.6
1.2, 45.8
1.2, 46
1.2, 46.2
1.2, 46.4
1.2, 46.6
1.2, 46.8
1.2, 47
1.2, 47.2
1.2, 47.4
1.2, 47.6
1.2, 47.8
1.2, 48
1.2, 48.2
1.2, 48.4
1.2, 48.6
1.2, 48.8
1.2, 49
1.2, 49.2
1.2, 49.4
1.2, 49.6
1.2, 49.8
1.2, 50
1.4, 0.2
1.4, 0.4
1.4, 0.6
1.4, 0.8
1.4, 1
1.4, 1.2
1.4, 1.4
1.4, 1.6
1.4, 1.8
1.4, 2
1.4, 2.2
1.4, 2.4
1.4, 2.6
1.4, 2.8
1.4, 3
1.4, 3.2
1.4, 3.4
1.4, 3.6
1.4, 3.8
1.4, 4
1.4, 4.2
1.4, 4.4
1.4, 4.6
1.4, 4.8
1.4, 5
1.4, 5.2
1.4, 5.4
1.4, 5.6
1.4, 5.8
1.4, 6
1.4, 6.2
1.4, 6.4
1.4, 6.6
1.4, 6.8
1.4, 7
1.4, 7.2
1.4, 7.4
1.4, 7.6
1.4, 7.8
1.4, 8
1.4, 8.2
1.4, 8.4
1.4, 8.6
1.4, 8.8
1.4, 9
1.4, 9.2
1.4, 9.4
1.4, 9.6
1.4, 9.8
1.4, 10
1.4, 10.2
1.4, 10.4
1.4, 10.6
1.4, 10.8
1.4, 11
1.4, 11.2
1.4, 11.4
1.4, 11.6
1.4, 11.8
1.4, 12
1.4, 12.2
1.4, 12.4
1.4, 12.6
1.4, 12.8
1.4, 13
1.4, 13.2
1.4, 13.4
1.4, 13.6
1.4, 13.8
1.4, 14
1.4, 14.2
1.4, 14.4
1.4, 14.6
1.4, 14.8
1.4, 15
1.4, 15.2
1.4, 15.4
1.4, 15.6
1.4, 15.8
1.4, 16
1.4, 16.2
1.4, 16.4
1.4, 16.6
1.4, 16.8
1.4, 17
1.4, 17.2
1.4, 17.4
1.4, 17.6
1.4, 17.8
1.4, 18
1.4, 18.2
1.4, 18.4
1.4, 18.6
1.4, 18.8
1.4, 19
1.4, 19.2
1.4, 19.4
1.4, 19.6
1.4, 19.8
1.4, 20
1.4, 20.2
1.4, 20.4
1.4, 20.6
1.4, 20.8
1.4, 21
1.4, 21.2
1.4, 21.4
1.4, 21.6
1.4, 21.8
1.4, 22
1.4, 22.2
1.4, 22.4
1.4, 22.6
1.4, 22.8
1.4, 23
1.4, 23.2
1.4, 23.4
1.4, 23.6
1.4, 23.8
1.4, 24
1.4, 24.2
1.4, 24.4
1.4, 24.6
1.4, 24.8
1.4, 25
1.4, 25.2
1.4, 25.4
1.4, 25.6
1.4, 25.8
1.4, 26
1.4, 26.2
1.4, 26.4
1.4, 26.6
1.4, 26.8
1.4, 27
1.4, 27.2
1.4, 27.4
1.4, 27.6
1.4, 27.8
1.4, 28
1.4, 28.2
1.4, 28.4
1.4, 28.6
1.4, 28.8
1.4, 29
1.4, 29.2
1.4, 29.4
1.4, 29.6
1.4, 29.8
1.4, 30
1.4, 30.2
1.4, 30.4
1.4, 30.6
1.4, 30.8
1.4, 31
1.4, 31.2
1.4, 31.4
1.4, 31.6
1.4, 31.8
1.4, 32
1.4, 32.2
1.4, 32.4
1.4, 32.6
1.4, 32.8
1.4, 33
1.4, 33.2
1.4, 33.4
1.4, 33.6
1.4, 33.8
1.4, 34
1.4, 34.2
1.4, 34.4
1.4, 34.6
1.4, 34.8
1.4, 35
1.4, 35.2
1.4, 35.4
1.4, 35.6
1.4, 35.8
1.4, 36
1.4, 36.2
1.4, 36.4
1.4, 36.6
1.4, 36.8
1.4, 37
1.4, 37.2
1.4, 37.4
1.4, 37.6
1.4, 37.8
1.4, 38
1.4, 38.2
1.4, 38.4
1.4, 38.6
1.4, 38.8
1.4, 39
1.4, 39.2
1.4, 39.4
1.4, 39.6
1.4, 39.8
1.4, 40
1.4, 40.2
1.4, 40.4
1.4, 40.6
1.4, 40.8
1.4, 41
1.4, 41.2
1.4, 41.4
1.4, 41.6
1.4, 41.8
1.4, 42
1.4, 42.2
1.4, 42.4
1.4, 42.6
1.4, 42.8
1.4, 43
1.4, 43.2
1.4, 43.4
1.4, 43.6
1.4, 43.8
1.4, 44
1.4, 44.2
1.4, 44.4
1.4, 44.6
1.4, 44.8
1.4, 45
1.4, 45.2
1.4, 45.4
1.4, 45.6
1.4, 45.8
1.4, 46
1.4, 46.2
1.4, 46.4
1.4, 46.6
1.4, 46.8
1.4, 47
1.4, 47.2
1.4, 47.4
1.4, 47.6
1.4, 47.8
1.4, 48
1.4, 48.2
1.4, 48.4
1.4, 48.6
1.4, 48.8
1.4, 49
1.4, 49.2
1.4, 49.4
1.4, 49.6
1.4, 49.8
1.4, 50
1.6, 0.2
1.6, 0.4
1.6, 0.6
1.6, 0.8
1.6, 1
1.6, 1.2
1.6, 1.4
1.6, 1.6
1.6, 1.8
1.6, 2
1.6, 2.2
1.6, 2.4
1.6, 2.6
1.6, 2.8
1.6, 3
1.6, 3.2
1.6, 3.4
1.6, 3.6
1.6, 3.8
1.6, 4
1.6, 4.2
1.6, 4.4
1.6, 4.6
1.6, 4.8
1.6, 5
1.6, 5.2
1.6, 5.4
1.6, 5.6
1.6, 5.8
1.6, 6
1.6, 6.2
1.6, 6.4
1.6, 6.6
1.6, 6.8
1.6, 7
1.6, 7.2
1.6, 7.4
1.6, 7.6
1.6, 7.8
1.6, 8
1.6, 8.2
1.6, 8.4
1.6, 8.6
1.6, 8.8
1.6, 9
1.6, 9.2
1.6, 9.4
1.6, 9.6
1.6, 9.8
1.6, 10
1.6, 10.2
1.6, 10.4
1.6, 10.6
1.6, 10.8
1.6, 11
1.6, 11.2
1.6, 11.4
1.6, 11.6
1.6, 11.8
1.6, 12
1.6, 12.2
1.6, 12.4
1.6, 12.6
1.6, 12.8
1.6, 13
1.6, 13.2
1.6, 13.4
1.6, 13.6
1.6, 13.8
1.6, 14
1.6, 14.2
1.6, 14.4
1.6, 14.6
1.6, 14.8
1.6, 15
1.6, 15.2
1.6, 15.4
1.6, 15.6
1.6, 15.8
1.6, 16
1.6, 16.2
1.6, 16.4
1.6, 16.6
1.6, 16.8
1.6, 17
1.6, 17.2
1.6, 17.4
1.6, 17.6
1.6, 17.8
1.6, 18
1.6, 18.2
1.6, 18.4
1.6, 18.6
1.6, 18.8
1.6, 19
1.6, 19.2
1.6, 19.4
1.6, 19.6
1.6, 19.8
1.6, 20
1.6, 20.2
1.6, 20.4
1.6, 20.6
1.6, 20.8
1.6, 21
1.6, 21.2
1.6, 21.4
1.6, 21.6
1.6, 21.8
1.6, 22
1.6, 22.2
1.6, 22.4
1.6, 22.6
1.6, 22.8
1.6, 23
1.6, 23.2
1.6, 23.4
1.6, 23.6
1.6, 23.8
1.6, 24
1.6, 24.2
1.6, 24.4
1.6, 24.6
1.6, 24.8
1.6, 25
1.6, 25.2
1.6, 25.4
1.6, 25.6
1.6, 25.8
1.6, 26
1.6, 26.2
1.6, 26.4
1.6, 26.6
1.6, 26.8
1.6, 27
1.6, 27.2
1.6, 27.4
1.6, 27.6
1.6, 27.8
1.6, 28
1.6, 28.2
1.6, 28.4
1.6, 28.6
1.6, 28.8
1.6, 29
1.6, 29.2
1.6, 29.4
1.6, 29.6
1.6, 29.8
1.6, 30
1.6, 30.2
1.6, 30.4
1.6, 30.6
1.6, 30.8
1.6, 31
1.6, 31.2
1.6, 31.4
1.6, 31.6
1.6, 31.8
1.6, 32
1.6, 32.2
1.6, 32.4
1.6, 32.6
1.6, 32.8
1.6, 33
1.6, 33.2
1.6, 33.4
1.6, 33.6
1.6, 33.8
1.6, 34
1.6, 34.2
1.6, 34.4
1.6, 34.6
1.6, 34.8
1.6, 35
1.6, 35.2
1.6, 35.4
1.6, 35.6
1.6, 35.8
1.6, 36
1.6, 36.2
1.6, 36.4
1.6, 36.6
1.6, 36.8
1.6, 37
1.6, 37.2
1.6, 37.4
1.6, 37.6
1.6, 37.8
1.6, 38
1.6, 38.2
1.6, 38.4
1.6, 38.6
1.6, 38.8
1.6, 39
1.6, 39.2
1.6, 39.4
1.6, 39.6
1.6, 39.8
1.6, 40
1.6, 40.2
1.6, 40.4
1.6, 40.6
1.6, 40.8
1.6, 41
1.6, 41.2
1.6, 41.4
1.6, 41.6
1.6, 41.8
1.6, 42
1.6, 42.2
1.6, 42.4
1.6, 42.6
1.6, 42.8
1.6, 43
1.6, 43.2
1.6, 43.4
1.6, 43.6
1.6, 43.8
1.6, 44
1.6, 44.2
1.6, 44.4
1.6, 44.6
1.6, 44.8
1.6, 45
1.6, 45.2
1.6, 45.4
1.6, 45.6
1.6, 45.8
1.6, 46
1.6, 46.2
1.6, 46.4
1.6, 46.6
1.6, 46.8
1.6, 47
1.6, 47.2
1.6, 47.4
1.6, 47.6
1.6, 47.8
1.6, 48
1.6, 48.2
1.6, 48.4
1.6, 48.6
1.6, 48.8
1.6, 49
1.6, 49.2
1.6, 49.4
1.6, 49.6
1.6, 49.8
1.6, 50
1.8, 0.2
1.8, 0.4
1.8, 0.6
1.8, 0.8
1.8, 1
1.8, 1.2
1.8, 1.4
1.8, 1.6
1.8, 1.8
1.8, 2
1.8, 2.2
1.8, 2.4
1.8, 2.6
1.8, 2.8
1.8, 3
1.8, 3.2
1.8, 3.4
1.8, 3.6
1.8, 3.8
1.8, 4
1.8, 4.2
1.8, 4.4
1.8, 4.6
1.8, 4.8
1.8, 5
1.8, 5.2
1.8, 5.4
1.8, 5.6
1.8, 5.8
1.8, 6
1.8, 6.2
1.8, 6.4
1.8, 6.6
1.8, 6.8
1.8, 7
1.8, 7.2
1.8, 7.4
1.8, 7.6
1.8, 7.8
1.8, 8
1.8, 8.2
1.8, 8.4
1.8, 8.6
1.8, 8.8
1.8, 9
1.8, 9.2
1.8, 9.4
1.8, 9.6
1.8, 9.8
1.8, 10
1.8, 10.2
1.8, 10.4
1.8, 10.6
1.8, 10.8
1.8, 11
1.8, 11.2
1.8, 11.4
1.8, 11.6
1.8, 11.8
1.8, 12
1.8, 12.2
1.8, 12.4
1.8, 12.6
1.8, 12.8
1.8, 13
1.8, 13.2
1.8, 13.4
1.8, 13.6
1.8, 13.8
1.8, 14
1.8, 14.2
1.8, 14.4
1.8, 14.6
1.8, 14.8
1.8, 15
1.8, 15.2
1.8, 15.4
1.8, 15.6
1.8, 15.8
1.8, 16
1.8, 16.2
1.8, 16.4
1.8, 16.6
1.8, 16.8
1.8, 17
1.8, 17.2
1.8, 17.4
1.8, 17.6
1.8, 17.8
1.8, 18
1.8, 18.2
1.8, 18.4
1.8, 18.6
1.8, 18.8
1.8, 19
1.8, 19.2
1.8, 19.4
1.8, 19.6
1.8, 19.8
1.8, 20
1.8, 20.2
1.8, 20.4
1.8, 20.6
1.8, 20.8
1.8, 21
1.8, 21.2
1.8, 21.4
1.8, 21.6
1.8, 21.8
1.8, 22
1.8, 22.2
1.8, 22.4
1.8, 22.6
1.8, 22.8
1.8, 23
1.8, 23.2
1.8, 23.4
1.8, 23.6
1.8, 23.8
1.8, 24
1.8, 24.2
1.8, 24.4
1.8, 24.6
1.8, 24.8
1.8, 25
1.8, 25.2
1.8, 25.4
1.8, 25.6
1.8, 25.8
1.8, 26
1.8, 26.2
1.8, 26.4
1.8, 26.6
1.8, 26.8
1.8, 27
1.8, 27.2
1.8, 27.4
1.8, 27.6
1.8, 27.8
1.8, 28
1.8, 28.2
1.8, 28.4
1.8, 28.6
1.8, 28.8
1.8, 29
1.8, 29.2
1.8, 29.4
1.8, 29.6
1.8, 29.8
1.8, 30
1.8, 30.2
1.8, 30.4
1.8, 30.6
1.8, 30.8
1.8, 31
1.8, 31.2
1.8, 31.4
1.8, 31.6
1.8, 31.8
1.8, 32
1.8, 32.2
1.8, 32.4
1.8, 32.6
1.8, 32.8
1.8, 33
1.8, 33.2
1.8, 33.4
1.8, 33.6
1.8, 33.8
1.8, 34
1.8, 34.2
1.8, 34.4
1.8, 34.6
1.8, 34.8
1.8, 35
1.8, 35.2
1.8, 35.4
1.8, 35.6
1.8, 35.8
1.8, 36
1.8, 36.2
1.8, 36.4
1.8, 36.6
1.8, 36.8
1.8, 37
1.8, 37.2
1.8, 37.4
1.8, 37.6
1.8, 37.8
1.8, 38
1.8, 38.2
1.8, 38.4
1.8, 38.6
1.8, 38.8
1.8, 39
1.8, 39.2
1.8, 39.4
1.8, 39.6
1.8, 39.8
1.8, 40
1.8, 40.2
1.8, 40.4
1.8, 40.6
1.8, 40.8
1.8, 41
1.8, 41.2
1.8, 41.4
1.8, 41.6
1.8, 41.8
1.8, 42
1.8, 42.2
1.8, 42.4
1.8, 42.6
1.8, 42.8
1.8, 43
1.8, 43.2
1.8, 43.4
1.8, 43.6
1.8, 43.8
1.8, 44
1.8, 44.2
1.8, 44.4
1.8, 44.6
1.8, 44.8
1.8, 45
1.8, 45.2
1.8, 45.4
1.8, 45.6
1.8, 45.8
1.8, 46
1.8, 46.2
1.8, 46.4
1.8, 46.6
1.8, 46.8
1.8, 47
1.8, 47.2
1.8, 47.4
1.8, 47.6
1.8, 47.8
1.8, 48
1.8, 48.2
1.8, 48.4
1.8, 48.6
1.8, 48.8
1.8, 49
1.8, 49.2
1.8, 49.4
1.8, 49.6
1.8, 49.8
1.8, 50
2, 0.2
2, 0.4
2, 0.6
2, 0.8
2, 1
2, 1.2
2, 1.4
2, 1.6
2, 1.8
2, 2
2, 2.2
2, 2.4
2, 2.6
2, 2.8
2, 3
2, 3.2
2, 3.4
2, 3.6
2, 3.8
2, 4
2, 4.2
2, 4.4
2, 4.6
2, 4.8
2, 5
2, 5.2
2, 5.4
2, 5.6
2, 5.8
2, 6
2, 6.2
2, 6.4
2, 6.6
2, 6.8
2, 7
2, 7.2
2, 7.4
2, 7.6
2, 7.8
2, 8
2, 8.2
2, 8.4
2, 8.6
2, 8.8
2, 9
2, 9.2
2, 9.4
2, 9.6
2, 9.8
2, 10
2, 10.2
2, 10.4
2, 10.6
2, 10.8
2, 11
2, 11.2
2, 11.4
2, 11.6
2, 11.8
2, 12
2, 12.2
2, 12.4
2, 12.6
2, 12.8
2, 13
2, 13.2
2, 13.4
2, 13.6
2, 13.8
2, 14
2, 14.2
2, 14.4
2, 14.6
2, 14.8
2, 15
2, 15.2
2, 15.4
2, 15.6
2, 15.8
2, 16
2, 16.2
2, 16.4
2, 16.6
2, 16.8
2, 17
2, 17.2
2, 17.4
2, 17.6
2, 17.8
2, 18
2, 18.2
2, 18.4
2, 18.6
2, 18.8
2, 19
2, 19.2
2, 19.4
2, 19.6
2, 19.8
2, 20
2, 20.2
2, 20.4
2, 20.6
2, 20.8
2, 21
2, 21.2
2, 21.4
2, 21.6
2, 21.8
2, 22
2, 22.2
2, 22.4
2, 22.6
2, 22.8
2, 23
2, 23.2
2, 23.4
2, 23.6
2, 23.8
2, 24
2, 24.2
2, 24.4
2, 24.6
2, 24.8
2, 25
2, 25.2
2, 25.4
2, 25.6
2, 25.8
2, 26
2, 26.2
2, 26.4
2, 26.6
2, 26.8
2, 27
2, 27.2
2, 27.4
2, 27.6
2, 27.8
2, 28
2, 28.2
2, 28.4
2, 28.6
2, 28.8
2, 29
2, 29.2
2, 29.4
2, 29.6
2, 29.8
2, 30
2, 30.2
2, 30.4
2, 30.6
2, 30.8
2, 31
2, 31.2
2, 31.4
2, 31.6
2, 31.8
2, 32
2, 32.2
2, 32.4
2, 32.6
2, 32.8
2, 33
2, 33.2
2, 33.4
2, 33.6
2, 33.8
2, 34
2, 34.2
2, 34.4
2, 34.6
2, 34.8
2, 35
2, 35.2
2, 35.4
2, 35.6
2, 35.8
2, 36
2, 36.2
2, 36.4
2, 36.6
2, 36.8
2, 37
2, 37.2
2, 37.4
2, 37.6
2, 37.8
2, 38
2, 38.2
2, 38.4
2, 38.6
2, 38.8
2, 39
2, 39.2
2, 39.4
2, 39.6
2, 39.8
2, 40
2, 40.2
2, 40.4
2, 40.6
2, 40.8
2, 41
2, 41.2
2, 41.4
2, 41.6
2, 41.8
2, 42
2, 42.2
2, 42.4
2, 42.6
2, 42.8
2, 43
2, 43.2
2, 43.4
2, 43.6
2, 43.8
2, 44
2, 44.2
2, 44.4
2, 44.6
2, 44.8
2, 45
2, 45.2
2, 45.4
2, 45.6
2, 45.8
2, 46
2, 46.2
2, 46.4
2, 46.6
2, 46.8
2, 47
2, 47.2
2, 47.4
2, 47.6
2, 47.8
2, 48
2, 48.2
2, 48.4
2, 48.6
2, 48.8
2, 49
2, 49.2
2, 49.4
2, 49.6
2, 49.8
2, 50
2.2, 0.2
2.2, 0.4
2.2, 0.6
2.2, 0.8
2.2, 1
2.2, 1.2
2.2, 1.4
2.2, 1.6
2.2, 1.8
2.2, 2
2.2, 2.2
2.2, 2.4
2.2, 2.6
2.2, 2.8
2.2, 3
2.2, 3.2
2.2, 3.4
2.2, 3.6
2.2, 3.8
2.2, 4
2.2, 4.2
2.2, 4.4
2.2, 4.6
2.2, 4.8
2.2, 5
2.2, 5.2
2.2, 5.4
2.2, 5.6
2.2, 5.8
2.2, 6
2.2, 6.2
2.2, 6.4
2.2, 6.6
2.2, 6.8
2.2, 7
2.2, 7.2
2.2, 7.4
2.2, 7.6
2.2, 7.8
2.2, 8
2.2, 8.2
2.2, 8.4
2.2, 8.6
2.2, 8.8
2.2, 9
2.2, 9.2
2.2, 9.4
2.2, 9.6
2.2, 9.8
2.2, 10
2.2, 10.2
2.2, 10.4
2.2, 10.6
2.2, 10.8
2.2, 11
2.2, 11.2
2.2, 11.4
2.2, 11.6
2.2, 11.8
2.2, 12
2.2, 12.2
2.2, 12.4
2.2, 12.6
2.2, 12.8
2.2, 13
2.2, 13.2
2.2, 13.4
2.2, 13.6
2.2, 13.8
2.2, 14
2.2, 14.2
2.2, 14.4
2.2, 14.6
2.2, 14.8
2.2, 15
2.2, 15.2
2.2, 15.4
2.2, 15.6
2.2, 15.8
2.2, 16
2.2, 16.2
2.2, 16.4
2.2, 16.6
2.2, 16.8
2.2, 17
2.2, 17.2
2.2, 17.4
2.2, 17.6
2.2, 17.8
2.2, 18
2.2, 18.2
2.2, 18.4
2.2, 18.6
2.2, 18.8
2.2, 19
2.2, 19.2
2.2, 19.4
2.2, 19.6
2.2, 19.8
2.2, 20
2.2, 20.2
2.2, 20.4
2.2, 20.6
2.2, 20.8
2.2, 21
2.2, 21.2
2.2, 21.4
2.2, 21.6
2.2, 21.8
2.2, 22
2.2, 22.2
2.2, 22.4
2.2, 22.6
2.2, 22.8
2.2, 23
2.2, 23.2
2.2, 23.4
2.2, 23.6
2.2, 23.8
2.2, 24
2.2, 24.2
2.2, 24.4
2.2, 24.6
2.2, 24.8
2.2, 25
2.2, 25.2
2.2, 25.4
2.2, 25.6
2.2, 25.8
2.2, 26
2.2, 26.2
2.2, 26.4
2.2, 26.6
2.2, 26.8
2.2, 27
2.2, 27.2
2.2, 27.4
2.2, 27.6
2.2, 27.8
2.2, 28
2.2, 28.2
2.2, 28.4
2.2, 28.6
2.2, 28.8
2.2, 29
2.2, 29.2
2.2, 29.4
2.2, 29.6
2.2, 29.8
2.2, 30
2.2, 30.2
2.2, 30.4
2.2, 30.6
2.2, 30.8
2.2, 31
2.2, 31.2
2.2, 31.4
2.2, 31.6
2.2, 31.8
2.2, 32
2.2, 32.2
2.2, 32.4
2.2, 32.6
2.2, 32.8
2.2, 33
2.2, 33.2
2.2, 33.4
2.2, 33.6
2.2, 33.8
2.2, 34
2.2, 34.2
2.2, 34.4
2.2, 34.6
2.2, 34.8
2.2, 35
2.2, 35.2
2.2, 35.4
2.2, 35.6
2.2, 35.8
2.2, 36
2.2, 36.2
2.2, 36.4
2.2, 36.6
2.2, 36.8
2.2, 37
2.2, 37.2
2.2, 37.4
2.2, 37.6
2.2, 37.8
2.2, 38
2.2, 38.2
2.2, 38.4
2.2, 38.6
2.2, 38.8
2.2, 39
2.2, 39.2
2.2, 39.4
2.2, 39.6
2.2, 39.8
2.2, 40
2.2, 40.2
2.2, 40.4
2.2, 40.6
2.2, 40.8
2.2, 41
2.2, 41.2
2.2, 41.4
2.2, 41.6
2.2, 41.8
2.2, 42
2.2, 42.2
2.2, 42.4
2.2, 42.6
2.2, 42.8
2.2, 43
2.2, 43.2
2.2, 43.4
2.2, 43.6
2.2, 43.8
2.2, 44
2.2, 44.2
2.2, 44.4
2.2, 44.6
2.2, 44.8
2.2, 45
2.2, 45.2
2.2, 45.4
2.2, 45.6
2.2, 45.8
2.2, 46
2.2, 46.2
2.2, 46.4
2.2, 46.6
2.2, 46.8
2.2, 47
2.2, 47.2
2.2, 47.4
2.2, 47.6
2.2, 47.8
2.2, 48
2.2, 48.2
2.2, 48.4
2.2, 48.6
2.2, 48.8
2.2, 49
2.2, 49.2
2.2, 49.4
2.2, 49.6
2.2, 49.8
2.2, 50
2.4, 0.2
2.4, 0.4
2.4, 0.6
2.4, 0.8
2.4, 1
2.4, 1.2
2.4, 1.4
2.4, 1.6
2.4, 1.8
2.4, 2
2.4, 2.2
2.4, 2.4
2.4, 2.6
2.4, 2.8
2.4, 3
2.4, 3.2
2.4, 3.4
2.4, 3.6
2.4, 3.8
2.4, 4
2.4, 4.2
2.4, 4.4
2.4, 4.6
2.4, 4.8
2.4, 5
2.4, 5.2
2.4, 5.4
2.4, 5.6
2.4, 5.8
2.4, 6
2.4, 6.2
2.4, 6.4
2.4, 6.6
2.4, 6.8
2.4, 7
2.4, 7.2
2.4, 7.4
2.4, 7.6
2.4, 7.8
2.4, 8
2.4, 8.2
2.4, 8.4
2.4, 8.6
2.4, 8.8
2.4, 9
2.4, 9.2
2.4, 9.4
2.4, 9.6
2.4, 9.8
2.4, 10
2.4, 10.2
2.4, 10.4
2.4, 10.6
2.4, 10.8
2.4, 11
2.4, 11.2
2.4, 11.4
2.4, 11.6
2.4, 11.8
2.4, 12
2.4, 12.2
2.4, 12.4
2.4, 12.6
2.4, 12.8
2.4, 13
2.4, 13.2
2.4, 13.4
2.4, 13.6
2.4, 13.8
2.4, 14
2.4, 14.2
2.4, 14.4
2.4, 14.6
2.4, 14.8
2.4, 15
2.4, 15.2
2.4, 15.4
2.4, 15.6
2.4, 15.8
2.4, 16
2.4, 16.2
2.4, 16.4
2.4, 16.6
2.4, 16.8
2.4, 17
2.4, 17.2
2.4, 17.4
2.4, 17.6
2.4, 17.8
2.4, 18
2.4, 18.2
2.4, 18.4
2.4, 18.6
2.4, 18.8
2.4, 19
2.4, 19.2
2.4, 19.4
2.4, 19.6
2.4, 19.8
2.4, 20
2.4, 20.2
2.4, 20.4
2.4, 20.6
2.4, 20.8
2.4, 21
2.4, 21.2
2.4, 21.4
2.4, 21.6
2.4, 21.8
2.4, 22
2.4, 22.2
2.4, 22.4
2.4, 22.6
2.4, 22.8
2.4, 23
2.4, 23.2
2.4, 23.4
2.4, 23.6
2.4, 23.8
2.4, 24
2.4, 24.2
2.4, 24.4
2.4, 24.6
2.4, 24.8
2.4, 25
2.4, 25.2
2.4, 25.4
2.4, 25.6
2.4, 25.8
2.4, 26
2.4, 26.2
2.4, 26.4
2.4, 26.6
2.4, 26.8
2.4, 27
2.4, 27.2
2.4, 27.4
2.4, 27.6
2.4, 27.8
2.4, 28
2.4, 28.2
2.4, 28.4
2.4, 28.6
2.4, 28.8
2.4, 29
2.4, 29.2
2.4, 29.4
2.4, 29.6
2.4, 29.8
2.4, 30
2.4, 30.2
2.4, 30.4
2.4, 30.6
2.4, 30.8
2.4, 31
2.4, 31.2
2.4, 31.4
2.4, 31.6
2.4, 31.8
2.4, 32
2.4, 32.2
2.4, 32.4
2.4, 32.6
2.4, 32.8
2.4, 33
2.4, 33.2
2.4, 33.4
2.4, 33.6
2.4, 33.8
2.4, 34
2.4, 34.2
2.4, 34.4
2.4, 34.6
2.4, 34.8
2.4, 35
2.4, 35.2
2.4, 35.4
2.4, 35.6
2.4, 35.8
2.4, 36
2.4, 36.2
2.4, 36.4
2.4, 36.6
2.4, 36.8
2.4, 37
2.4, 37.2
2.4, 37.4
2.4, 37.6
2.4, 37.8
2.4, 38
2.4, 38.2
2.4, 38.4
2.4, 38.6
2.4, 38.8
2.4, 39
2.4, 39.2
2.4, 39.4
2.4, 39.6
2.4, 39.8
2.4, 40
2.4, 40.2
2.4, 40.4
2.4, 40.6
2.4, 40.8
2.4, 41
2.4, 41.2
2.4, 41.4
2.4, 41.6
2.4, 41.8
2.4, 42
2.4, 42.2
2.4, 42.4
2.4, 42.6
2.4, 42.8
2.4, 43
2.4, 43.2
2.4, 43.4
2.4, 43.6
2.4, 43.8
2.4, 44
2.4, 44.2
2.4, 44.4
2.4, 44.6
2.4, 44.8
2.4, 45
2.4, 45.2
2.4, 45.4
2.4, 45.6
2.4, 45.8
2.4, 46
2.4, 46.2
2.4, 46.4
2.4, 46.6
2.4, 46.8
2.4, 47
2.4, 47.2
2.4, 47.4
2.4, 47.6
2.4, 47.8
2.4, 48
2.4, 48.2
2.4, 48.4
2.4, 48.6
2.4, 48.8
2.4, 49
2.4, 49.2
2.4, 49.4
2.4, 49.6
2.4, 49.8
2.4, 50
2.6, 0.2
2.6, 0.4
2.6, 0.6
2.6, 0.8
2.6, 1
2.6, 1.2
2.6, 1.4
2.6, 1.6
2.6, 1.8
2.6, 2
2.6, 2.2
2.6, 2.4
2.6, 2.6
2.6, 2.8
2.6, 3
2.6, 3.2
2.6, 3.4
2.6, 3.6
2.6, 3.8
2.6, 4
2.6, 4.2
2.6, 4.4
2.6, 4.6
2.6, 4.8
2.6, 5
2.6, 5.2
2.6, 5.4
2.6, 5.6
2.6, 5.8
2.6, 6
2.6, 6.2
2.6, 6.4
2.6, 6.6
2.6, 6.8
2.6, 7
2.6, 7.2
2.6, 7.4
2.6, 7.6
2.6, 7.8
2.6, 8
2.6, 8.2
2.6, 8.4
2.6, 8.6
2.6, 8.8
2.6, 9
2.6, 9.2
2.6, 9.4
2.6, 9.6
2.6, 9.8
2.6, 10
2.6, 10.2
2.6, 10.4
2.6, 10.6
2.6, 10.8
2.6, 11
2.6, 11.2
2.6, 11.4
2.6, 11.6
2.6, 11.8
2.6, 12
2.6, 12.2
2.6, 12.4
2.6, 12.6
2.6, 12.8
2.6, 13
2.6, 13.2
2.6, 13.4
2.6, 13.6
2.6, 13.8
2.6, 14
2.6, 14.2
2.6, 14.4
2.6, 14.6
2.6, 14.8
2.6, 15
2.6, 15.2
2.6, 15.4
2.6, 15.6
2.6, 15.8
2.6, 16
2.6, 16.2
2.6, 16.4
2.6, 16.6
2.6, 16.8
2.6, 17
2.6, 17.2
2.6, 17.4
2.6, 17.6
2.6, 17.8
2.6, 18
2.6, 18.2
2.6, 18.4
2.6, 18.6
2.6, 18.8
2.6, 19
2.6, 19.2
2.6, 19.4
2.6, 19.6
2.6, 19.8
2.6, 20
2.6, 20.2
2.6, 20.4
2.6, 20.6
2.6, 20.8
2.6, 21
2.6, 21.2
2.6, 21.4
2.6, 21.6
2.6, 21.8
2.6, 22
2.6, 22.2
2.6, 22.4
2.6, 22.6
2.6, 22.8
2.6, 23
2.6, 23.2
2.6, 23.4
2.6, 23.6
2.6, 23.8
2.6, 24
2.6, 24.2
2.6, 24.4
2.6, 24.6
2.6, 24.8
2.6, 25
2.6, 25.2
2.6, 25.4
2.6, 25.6
2.6, 25.8
2.6, 26
2.6, 26.2
2.6, 26.4
2.6, 26.6
2.6, 26.8
2.6, 27
2.6, 27.2
2.6, 27.4
2.6, 27.6
2.6, 27.8
2.6, 28
2.6, 28.2
2.6, 28.4
2.6, 28.6
2.6, 28.8
2.6, 29
2.6, 29.2
2.6, 29.4
2.6, 29.6
2.6, 29.8
2.6, 30
2.6, 30.2
2.6, 30.4
2.6, 30.6
2.6, 30.8
2.6, 31
2.6, 31.2
2.6, 31.4
2.6, 31.6
2.6, 31.8
2.6, 32
2.6, 32.2
2.6, 32.4
2.6, 32.6
2.6, 32.8
2.6, 33
2.6, 33.2
2.6, 33.4
2.6, 33.6
2.6, 33.8
2.6, 34
2.6, 34.2
2.6, 34.4
2.6, 34.6
2.6, 34.8
2.6, 35
2.6, 35.2
2.6, 35.4
2.6, 35.6
2.6, 35.8
2.6, 36
2.6, 36.2
2.6, 36.4
2.6, 36.6
2.6, 36.8
2.6, 37
2.6, 37.2
2.6, 37.4
2.6, 37.6
2.6, 37.8
2.6, 38
2.6, 38.2
2.6, 38.4
2.6, 38.6
2.6, 38.8
2.6, 39
2.6, 39.2
2.6, 39.4
2.6, 39.6
2.6, 39.8
2.6, 40
2.6, 40.2
2.6, 40.4
2.6, 40.6
2.6, 40.8
2.6, 41
2.6, 41.2
2.6, 41.4
2.6, 41.6
2.6, 41.8
2.6, 42
2.6, 42.2
2.6, 42.4
2.6, 42.6
2.6, 42.8
2.6, 43
2.6, 43.2
2.6, 43.4
2.6, 43.6
2.6, 43.8
2.6, 44
2.6, 44.2
2.6, 44.4
2.6, 44.6
2.6, 44.8
2.6, 45
2.6, 45.2
2.6, 45.4
2.6, 45.6
2.6, 45.8
2.6, 46
2.6, 46.2
2.6, 46.4
2.6, 46.6
2.6, 46.8
2.6, 47
2.6, 47.2
2.6, 47.4
2.6, 47.6
2.6, 47.8
2.6, 48
2.6, 48.2
2.6, 48.4
2.6, 48.6
2.6, 48.8
2.6, 49
2.6, 49.2
2.6, 49.4
2.6, 49.6
2.6, 49.8
2.6, 50
2.8, 0.2
2.8, 0.4
2.8, 0.6
2.8, 0.8
2.8, 1
2.8, 1.2
2.8, 1.4
2.8, 1.6
2.8, 1.8
2.8, 2
2.8, 2.2
2.8, 2.4
2.8, 2.6
2.8, 2.8
2.8, 3
2.8, 3.2
2.8, 3.4
2.8, 3.6
2.8, 3.8
2.8, 4
2.8, 4.2
2.8, 4.4
2.8, 4.6
2.8, 4.8
2.8, 5
2.8, 5.2
2.8, 5.4
2.8, 5.6
2.8, 5.8
2.8, 6
2.8, 6.2
2.8, 6.4
2.8, 6.6
2.8, 6.8
2.8, 7
2.8, 7.2
2.8, 7.4
2.8, 7.6
2.8, 7.8
2.8, 8
2.8, 8.2
2.8, 8.4
2.8, 8.6
2.8, 8.8
2.8, 9
2.8, 9.2
2.8, 9.4
2.8, 9.6
2.8, 9.8
2.8, 10
2.8, 10.2
2.8, 10.4
2.8, 10.6
2.8, 10.8
2.8, 11
2.8, 11.2
2.8, 11.4
2.8, 11.6
2.8, 11.8
2.8, 12
2.8, 12.2
2.8, 12.4
2.8, 12.6
2.8, 12.8
2.8, 13
2.8, 13.2
2.8, 13.4
2.8, 13.6
2.8, 13.8
2.8, 14
2.8, 14.2
2.8, 14.4
2.8, 14.6
2.8, 14.8
2.8, 15
2.8, 15.2
2.8, 15.4
2.8, 15.6
2.8, 15.8
2.8, 16
2.8, 16.2
2.8, 16.4
2.8, 16.6
2.8, 16.8
2.8, 17
2.8, 17.2
2.8, 17.4
2.8, 17.6
2.8, 17.8
2.8, 18
2.8, 18.2
2.8, 18.4
2.8, 18.6
2.8, 18.8
2.8, 19
2.8, 19.2
2.8, 19.4
2.8, 19.6
2.8, 19.8
2.8, 20
2.8, 20.2
2.8, 20.4
2.8, 20.6
2.8, 20.8
2.8, 21
2.8, 21.2
2.8, 21.4
2.8, 21.6
2.8, 21.8
2.8, 22
2.8, 22.2
2.8, 22.4
2.8, 22.6
2.8, 22.8
2.8, 23
2.8, 23.2
2.8, 23.4
2.8, 23.6
2.8, 23.8
2.8, 24
2.8, 24.2
2.8, 24.4
2.8, 24.6
2.8, 24.8
2.8, 25
2.8, 25.2
2.8, 25.4
2.8, 25.6
2.8, 25.8
2.8, 26
2.8, 26.2
2.8, 26.4
2.8, 26.6
2.8, 26.8
2.8, 27
2.8, 27.2
2.8, 27.4
2.8, 27.6
2.8, 27.8
2.8, 28
2.8, 28.2
2.8, 28.4
2.8, 28.6
2.8, 28.8
2.8, 29
2.8, 29.2
2.8, 29.4
2.8, 29.6
2.8, 29.8
2.8, 30
2.8, 30.2
2.8, 30.4
2.8, 30.6
2.8, 30.8
2.8, 31
2.8, 31.2
2.8, 31.4
2.8, 31.6
2.8, 31.8
2.8, 32
2.8, 32.2
2.8, 32.4
2.8, 32.6
2.8, 32.8
2.8, 33
2.8, 33.2
2.8, 33.4
2.8, 33.6
2.8, 33.8
2.8, 34
2.8, 34.2
2.8, 34.4
2.8, 34.6
2.8, 34.8
2.8, 35
2.8, 35.2
2.8, 35.4
2.8, 35.6
2.8, 35.8
2.8, 36
2.8, 36.2
2.8, 36.4
2.8, 36.6
2.8, 36.8
2.8, 37
2.8, 37.2
2.8, 37.4
2.8, 37.6
2.8, 37.8
2.8, 38
2.8, 38.2
2.8, 38.4
2.8, 38.6
2.8, 38.8
2.8, 39
2.8, 39.2
2.8, 39.4
2.8, 39.6
2.8, 39.8
2.8, 40
2.8, 40.2
2.8, 40.4
2.8, 40.6
2.8, 40.8
2.8, 41
2.8, 41.2
2.8, 41.4
2.8, 41.6
2.8, 41.8
2.8, 42
2.8, 42.2
2.8, 42.4
2.8, 42.6
2.8, 42.8
2.8, 43
2.8, 43.2
2.8, 43.4
2.8, 43.6
2.8, 43.8
2.8, 44
2.8, 44.2
2.8, 44.4
2.8, 44.6
2.8, 44.8
2.8, 45
2.8, 45.2
2.8, 45.4
2.8, 45.6
2.8, 45.8
2.8, 46
2.8, 46.2
2.8, 46.4
2.8, 46.6
2.8, 46.8
2.8, 47
2.8, 47.2
2.8, 47.4
2.8, 47.6
2.8, 47.8
2.8, 48
2.8, 48.2
2.8, 48.4
2.8, 48.6
2.8, 48.8
2.8, 49
2.8, 49.2
2.8, 49.4
2.8, 49.6
2.8, 49.8
2.8, 50
3, 0.2
3, 0.4
3, 0.6
3, 0.8
3, 1
3, 1.2
3, 1.4
3, 1.6
3, 1.8
3, 2
3, 2.2
3, 2.4
3, 2.6
3, 2.8
3, 3
3, 3.2
3, 3.4
3, 3.6
3, 3.8
3, 4
3, 4.2
3, 4.4
3, 4.6
3, 4.8
3, 5
3, 5.2
3, 5.4
3, 5.6
3, 5.8
3, 6
3, 6.2
3, 6.4
3, 6.6
3, 6.8
3, 7
3, 7.2
3, 7.4
3, 7.6
3, 7.8
3, 8
3, 8.2
3, 8.4
3, 8.6
3, 8.8
3, 9
3, 9.2
3, 9.4
3, 9.6
3, 9.8
3, 10
3, 10.2
3, 10.4
3, 10.6
3, 10.8
3, 11
3, 11.2
3, 11.4
3, 11.6
3, 11.8
3, 12
3, 12.2
3, 12.4
3, 12.6
3, 12.8
3, 13
3, 13.2
3, 13.4
3, 13.6
3, 13.8
3, 14
3, 14.2
3, 14.4
3, 14.6
3, 14.8
3, 15
3, 15.2
3, 15.4
3, 15.6
3, 15.8
3, 16
3, 16.2
3, 16.4
3, 16.6
3, 16.8
3, 17
3, 17.2
3, 17.4
3, 17.6
3, 17.8
3, 18
3, 18.2
3, 18.4
3, 18.6
3, 18.8
3, 19
3, 19.2
3, 19.4
3, 19.6
3, 19.8
3, 20
3, 20.2
3, 20.4
3, 20.6
3, 20.8
3, 21
3, 21.2
3, 21.4
3, 21.6
3, 21.8
3, 22
3, 22.2
3, 22.4
3, 22.6
3, 22.8
3, 23
3, 23.2
3, 23.4
3, 23.6
3, 23.8
3, 24
3, 24.2
3, 24.4
3, 24.6
3, 24.8
3, 25
3, 25.2
3, 25.4
3, 25.6
3, 25.8
3, 26
3, 26.2
3, 26.4
3, 26.6
3, 26.8
3, 27
3, 27.2
3, 27.4
3, 27.6
3, 27.8
3, 28
3, 28.2
3, 28.4
3, 28.6
3, 28.8
3, 29
3, 29.2
3, 29.4
3, 29.6
3, 29.8
3, 30
3, 30.2
3, 30.4
3, 30.6
3, 30.8
3, 31
3, 31.2
3, 31.4
3, 31.6
3, 31.8
3, 32
3, 32.2
3, 32.4
3, 32.6
3, 32.8
3, 33
3, 33.2
3, 33.4
3, 33.6
3, 33.8
3, 34
3, 34.2
3, 34.4
3, 34.6
3, 34.8
3, 35
3, 35.2
3, 35.4
3, 35.6
3, 35.8
3, 36
3, 36.2
3, 36.4
3, 36.6
3, 36.8
3, 37
3, 37.2
3, 37.4
3, 37.6
3, 37.8
3, 38
3, 38.2
3, 38.4
3, 38.6
3, 38.8
3, 39
3, 39.2
3, 39.4
3, 39.6
3, 39.8
3, 40
3, 40.2
3, 40.4
3, 40.6
3, 40.8
3, 41
3, 41.2
3, 41.4
3, 41.6
3, 41.8
3, 42
3, 42.2
3, 42.4
3, 42.6
3, 42.8
3, 43
3, 43.2
3, 43.4
3, 43.6
3, 43.8
3, 44
3, 44.2
3, 44.4
3, 44.6
3, 44.8
3, 45
3, 45.2
3, 45.4
3, 45.6
3, 45.8
3, 46
3, 46.2
3, 46.4
3, 46.6
3, 46.8
3, 47
3, 47.2
3, 47.4
3, 47.6
3, 47.8
3, 48
3, 48.2
3, 48.4
3, 48.6
3, 48.8
3, 49
3, 49.2
3, 49.4
3, 49.6
3, 49.8
3, 50
3.2, 0.2
3.2, 0.4
3.2, 0.6
3.2, 0.8
3.2, 1
3.2, 1.2
3.2, 1.4
3.2, 1.6
3.2, 1.8
3.2, 2
3.2, 2.2
3.2, 2.4
3.2, 2.6
3.2, 2.8
3.2, 3
3.2, 3.2
3.2, 3.4
3.2, 3.6
3.2, 3.8
3.2, 4
3.2, 4.2
3.2, 4.4
3.2, 4.6
3.2, 4.8
3.2, 5
3.2, 5.2
3.2, 5.4
3.2, 5.6
3.2, 5.8
3.2, 6
3.2, 6.2
3.2, 6.4
3.2, 6.6
3.2, 6.8
3.2, 7
3.2, 7.2
3.2, 7.4
3.2, 7.6
3.2, 7.8
3.2, 8
3.2, 8.2
3.2, 8.4
3.2, 8.6
3.2, 8.8
3.2, 9
3.2, 9.2
3.2, 9.4
3.2, 9.6
3.2, 9.8
3.2, 10
3.2, 10.2
3.2, 10.4
3.2, 10.6
3.2, 10.8
3.2, 11
3.2, 11.2
3.2, 11.4
3.2, 11.6
3.2, 11.8
3.2, 12
3.2, 12.2
3.2, 12.4
3.2, 12.6
3.2, 12.8
3.2, 13
3.2, 13.2
3.2, 13.4
3.2, 13.6
3.2, 13.8
3.2, 14
3.2, 14.2
3.2, 14.4
3.2, 14.6
3.2, 14.8
3.2, 15
3.2, 15.2
3.2, 15.4
3.2, 15.6
3.2, 15.8
3.2, 16
3.2, 16.2
3.2, 16.4
3.2, 16.6
3.2, 16.8
3.2, 17
3.2, 17.2
3.2, 17.4
3.2, 17.6
3.2, 17.8
3.2, 18
3.2, 18.2
3.2, 18.4
3.2, 18.6
3.2, 18.8
3.2, 19
3.2, 19.2
3.2, 19.4
3.2, 19.6
3.2, 19.8
3.2, 20
3.2, 20.2
3.2, 20.4
3.2, 20.6
3.2, 20.8
3.2, 21
3.2, 21.2
3.2, 21.4
3.2, 21.6
3.2, 21.8
3.2, 22
3.2, 22.2
3.2, 22.4
3.2, 22.6
3.2, 22.8
3.2, 23
3.2, 23.2
3.2, 23.4
3.2, 23.6
3.2, 23.8
3.2, 24
3.2, 24.2
3.2, 24.4
3.2, 24.6
3.2, 24.8
3.2, 25
3.2, 25.2
3.2, 25.4
3.2, 25.6
3.2, 25.8
3.2, 26
3.2, 26.2
3.2, 26.4
3.2, 26.6
3.2, 26.8
3.2, 27
3.2, 27.2
3.2, 27.4
3.2, 27.6
3.2, 27.8
3.2, 28
3.2, 28.2
3.2, 28.4
3.2, 28.6
3.2, 28.8
3.2, 29
3.2, 29.2
3.2, 29.4
3.2, 29.6
3.2, 29.8
3.2, 30
3.2, 30.2
3.2, 30.4
3.2, 30.6
3.2, 30.8
3.2, 31
3.2, 31.2
3.2, 31.4
3.2, 31.6
3.2, 31.8
3.2, 32
3.2, 32.2
3.2, 32.4
3.2, 32.6
3.2, 32.8
3.2, 33
3.2, 33.2
3.2, 33.4
3.2, 33.6
3.2, 33.8
3.2, 34
3.2, 34.2
3.2, 34.4
3.2, 34.6
3.2, 34.8
3.2, 35
3.2, 35.2
3.2, 35.4
3.2, 35.6
3.2, 35.8
3.2, 36
3.2, 36.2
3.2, 36.4
3.2, 36.6
3.2, 36.8
3.2, 37
3.2, 37.2
3.2, 37.4
3.2, 37.6
3.2, 37.8
3.2, 38
3.2, 38.2
3.2, 38.4
3.2, 38.6
3.2, 38.8
3.2, 39
3.2, 39.2
3.2, 39.4
3.2, 39.6
3.2, 39.8
3.2, 40
3.2, 40.2
3.2, 40.4
3.2, 40.6
3.2, 40.8
3.2, 41
3.2, 41.2
3.2, 41.4
3.2, 41.6
3.2, 41.8
3.2, 42
3.2, 42.2
3.2, 42.4
3.2, 42.6
3.2, 42.8
3.2, 43
3.2, 43.2
3.2, 43.4
3.2, 43.6
3.2, 43.8
3.2, 44
3.2, 44.2
3.2, 44.4
3.2, 44.6
3.2, 44.8
3.2, 45
3.2, 45.2
3.2, 45.4
3.2, 45.6
3.2, 45.8
3.2, 46
3.2, 46.2
3.2, 46.4
3.2, 46.6
3.2, 46.8
3.2, 47
3.2, 47.2
3.2, 47.4
3.2, 47.6
3.2, 47.8
3.2, 48
3.2, 48.2
3.2, 48.4
3.2, 48.6
3.2, 48.8
3.2, 49
3.2, 49.2
3.2, 49.4
3.2, 49.6
3.2, 49.8
3.2, 50
3.4, 0.2
3.4, 0.4
3.4, 0.6
3.4, 0.8
3.4, 1
3.4, 1.2
3.4, 1.4
3.4, 1.6
3.4, 1.8
3.4, 2
3.4, 2.2
3.4, 2.4
3.4, 2.6
3.4, 2.8
3.4, 3
3.4, 3.2
3.4, 3.4
3.4, 3.6
3.4, 3.8
3.4, 4
3.4, 4.2
3.4, 4.4
3.4, 4.6
3.4, 4.8
3.4, 5
3.4, 5.2
3.4, 5.4
3.4, 5.6
3.4, 5.8
3.4, 6
3.4, 6.2
3.4, 6.4
3.4, 6.6
3.4, 6.8
3.4, 7
3.4, 7.2
3.4, 7.4
3.4, 7.6
3.4, 7.8
3.4, 8
3.4, 8.2
3.4, 8.4
3.4, 8.6
3.4, 8.8
3.4, 9
3.4, 9.2
3.4, 9.4
3.4, 9.6
3.4, 9.8
3.4, 10
3.4, 10.2
3.4, 10.4
3.4, 10.6
3.4, 10.8
3.4, 11
3.4, 11.2
3.4, 11.4
3.4, 11.6
3.4, 11.8
3.4, 12
3.4, 12.2
3.4, 12.4
3.4, 12.6
3.4, 12.8
3.4, 13
3.4, 13.2
3.4, 13.4
3.4, 13.6
3.4, 13.8
3.4, 14
3.4, 14.2
3.4, 14.4
3.4, 14.6
3.4, 14.8
3.4, 15
3.4, 15.2
3.4, 15.4
3.4, 15.6
3.4, 15.8
3.4, 16
3.4, 16.2
3.4, 16.4
3.4, 16.6
3.4, 16.8
3.4, 17
3.4, 17.2
3.4, 17.4
3.4, 17.6
3.4, 17.8
3.4, 18
3.4, 18.2
3.4, 18.4
3.4, 18.6
3.4, 18.8
3.4, 19
3.4, 19.2
3.4, 19.4
3.4, 19.6
3.4, 19.8
3.4, 20
3.4, 20.2
3.4, 20.4
3.4, 20.6
3.4, 20.8
3.4, 21
3.4, 21.2
3.4, 21.4
3.4, 21.6
3.4, 21.8
3.4, 22
3.4, 22.2
3.4, 22.4
3.4, 22.6
3.4, 22.8
3.4, 23
3.4, 23.2
3.4, 23.4
3.4, 23.6
3.4, 23.8
3.4, 24
3.4, 24.2
3.4, 24.4
3.4, 24.6
3.4, 24.8
3.4, 25
3.4, 25.2
3.4, 25.4
3.4, 25.6
3.4, 25.8
3.4, 26
3.4, 26.2
3.4, 26.4
3.4, 26.6
3.4, 26.8
3.4, 27
3.4, 27.2
3.4, 27.4
3.4, 27.6
3.4, 27.8
3.4, 28
3.4, 28.2
3.4, 28.4
3.4, 28.6
3.4, 28.8
3.4, 29
3.4, 29.2
3.4, 29.4
3.4, 29.6
3.4, 29.8
3.4, 30
3.4, 30.2
3.4, 30.4
3.4, 30.6
3.4, 30.8
3.4, 31
3.4, 31.2
3.4, 31.4
3.4, 31.6
3.4, 31.8
3.4, 32
3.4, 32.2
3.4, 32.4
3.4, 32.6
3.4, 32.8
3.4, 33
3.4, 33.2
3.4, 33.4
3.4, 33.6
3.4, 33.8
3.4, 34
3.4, 34.2
3.4, 34.4
3.4, 34.6
3.4, 34.8
3.4, 35
3.4, 35.2
3.4, 35.4
3.4, 35.6
3.4, 35.8
3.4, 36
3.4, 36.2
3.4, 36.4
3.4, 36.6
3.4, 36.8
3.4, 37
3.4, 37.2
3.4, 37.4
3.4, 37.6
3.4, 37.8
3.4, 38
3.4, 38.2
3.4, 38.4
3.4, 38.6
3.4, 38.8
3.4, 39
3.4, 39.2
3.4, 39.4
3.4, 39.6
3.4, 39.8
3.4, 40
3.4, 40.2
3.4, 40.4
3.4, 40.6
3.4, 40.8
3.4, 41
3.4, 41.2
3.4, 41.4
3.4, 41.6
3.4, 41.8
3.4, 42
3.4, 42.2
3.4, 42.4
3.4, 42.6
3.4, 42.8
3.4, 43
3.4, 43.2
3.4, 43.4
3.4, 43.6
3.4, 43.8
3.4, 44
3.4, 44.2
3.4, 44.4
3.4, 44.6
3.4, 44.8
3.4, 45
3.4, 45.2
3.4, 45.4
3.4, 45.6
3.4, 45.8
3.4, 46
3.4, 46.2
3.4, 46.4
3.4, 46.6
3.4, 46.8
3.4, 47
3.4, 47.2
3.4, 47.4
3.4, 47.6
3.4, 47.8
3.4, 48
3.4, 48.2
3.4, 48.4
3.4, 48.6
3.4, 48.8
3.4, 49
3.4, 49.2
3.4, 49.4
3.4, 49.6
3.4, 49.8
3.4, 50
3.6, 0.2
3.6, 0.4
3.6, 0.6
3.6, 0.8
3.6, 1
3.6, 1.2
3.6, 1.4
3.6, 1.6
3.6, 1.8
3.6, 2
3.6, 2.2
3.6, 2.4
3.6, 2.6
3.6, 2.8
3.6, 3
3.6, 3.2
3.6, 3.4
3.6, 3.6
3.6, 3.8
3.6, 4
3.6, 4.2
3.6, 4.4
3.6, 4.6
3.6, 4.8
3.6, 5
3.6, 5.2
3.6, 5.4
3.6, 5.6
3.6, 5.8
3.6, 6
3.6, 6.2
3.6, 6.4
3.6, 6.6
3.6, 6.8
3.6, 7
3.6, 7.2
3.6, 7.4
3.6, 7.6
3.6, 7.8
3.6, 8
3.6, 8.2
3.6, 8.4
3.6, 8.6
3.6, 8.8
3.6, 9
3.6, 9.2
3.6, 9.4
3.6, 9.6
3.6, 9.8
3.6, 10
3.6, 10.2
3.6, 10.4
3.6, 10.6
3.6, 10.8
3.6, 11
3.6, 11.2
3.6, 11.4
3.6, 11.6
3.6, 11.8
3.6, 12
3.6, 12.2
3.6, 12.4
3.6, 12.6
3.6, 12.8
3.6, 13
3.6, 13.2
3.6, 13.4
3.6, 13.6
3.6, 13.8
3.6, 14
3.6, 14.2
3.6, 14.4
3.6, 14.6
3.6, 14.8
3.6, 15
3.6, 15.2
3.6, 15.4
3.6, 15.6
3.6, 15.8
3.6, 16
3.6, 16.2
3.6, 16.4
3.6, 16.6
3.6, 16.8
3.6, 17
3.6, 17.2
3.6, 17.4
3.6, 17.6
3.6, 17.8
3.6, 18
3.6, 18.2
3.6, 18.4
3.6, 18.6
3.6, 18.8
3.6, 19
3.6, 19.2
3.6, 19.4
3.6, 19.6
3.6, 19.8
3.6, 20
3.6, 20.2
3.6, 20.4
3.6, 20.6
3.6, 20.8
3.6, 21
3.6, 21.2
3.6, 21.4
3.6, 21.6
3.6, 21.8
3.6, 22
3.6, 22.2
3.6, 22.4
3.6, 22.6
3.6, 22.8
3.6, 23
3.6, 23.2
3.6, 23.4
3.6, 23.6
3.6, 23.8
3.6, 24
3.6, 24.2
3.6, 24.4
3.6, 24.6
3.6, 24.8
3.6, 25
3.6, 25.2
3.6, 25.4
3.6, 25.6
3.6, 25.8
3.6, 26
3.6, 26.2
3.6, 26.4
3.6, 26.6
3.6, 26.8
3.6, 27
3.6, 27.2
3.6, 27.4
3.6, 27.6
3.6, 27.8
3.6, 28
3.6, 28.2
3.6, 28.4
3.6, 28.6
3.6, 28.8
3.6, 29
3.6, 29.2
3.6, 29.4
3.6, 29.6
3.6, 29.8
3.6, 30
3.6, 30.2
3.6, 30.4
3.6, 30.6
3.6, 30.8
3.6, 31
3.6, 31.2
3.6, 31.4
3.6, 31.6
3.6, 31.8
3.6, 32
3.6, 32.2
3.6, 32.4
3.6, 32.6
3.6, 32.8
3.6, 33
3.6, 33.2
3.6, 33.4
3.6, 33.6
3.6, 33.8
3.6, 34
3.6, 34.2
3.6, 34.4
3.6, 34.6
3.6, 34.8
3.6, 35
3.6, 35.2
3.6, 35.4
3.6, 35.6
3.6, 35.8
3.6, 36
3.6, 36.2
3.6, 36.4
3.6, 36.6
3.6, 36.8
3.6, 37
3.6, 37.2
3.6, 37.4
3.6, 37.6
3.6, 37.8
3.6, 38
3.6, 38.2
3.6, 38.4
3.6, 38.6
3.6, 38.8
3.6, 39
3.6, 39.2
3.6, 39.4
3.6, 39.6
3.6, 39.8
3.6, 40
3.6, 40.2
3.6, 40.4
3.6, 40.6
3.6, 40.8
3.6, 41
3.6, 41.2
3.6, 41.4
3.6, 41.6
3.6, 41.8
3.6, 42
3.6, 42.2
3.6, 42.4
3.6, 42.6
3.6, 42.8
3.6, 43
3.6, 43.2
3.6, 43.4
3.6, 43.6
3.6, 43.8
3.6, 44
3.6, 44.2
3.6, 44.4
3.6, 44.6
3.6, 44.8
3.6, 45
3.6, 45.2
3.6, 45.4
3.6, 45.6
3.6, 45.8
3.6, 46
3.6, 46.2
3.6, 46.4
3.6, 46.6
3.6, 46.8
3.6, 47
3.6, 47.2
3.6, 47.4
3.6, 47.6
3.6, 47.8
3.6, 48
3.6, 48.2
3.6, 48.4
3.6, 48.6
3.6, 48.8
3.6, 49
3.6, 49.2
3.6, 49.4
3.6, 49.6
3.6, 49.8
3.6, 50
3.8, 0.2
3.8, 0.4
3.8, 0.6
3.8, 0.8
3.8, 1
3.8, 1.2
3.8, 1.4
3.8, 1.6
3.8, 1.8
3.8, 2
3.8, 2.2
3.8, 2.4
3.8, 2.6
3.8, 2.8
3.8, 3
3.8, 3.2
3.8, 3.4
3.8, 3.6
3.8, 3.8
3.8, 4
3.8, 4.2
3.8, 4.4
3.8, 4.6
3.8, 4.8
3.8, 5
3.8, 5.2
3.8, 5.4
3.8, 5.6
3.8, 5.8
3.8, 6
3.8, 6.2
3.8, 6.4
3.8, 6.6
3.8, 6.8
3.8, 7
3.8, 7.2
3.8, 7.4
3.8, 7.6
3.8, 7.8
3.8, 8
3.8, 8.2
3.8, 8.4
3.8, 8.6
3.8, 8.8
3.8, 9
3.8, 9.2
3.8, 9.4
3.8, 9.6
3.8, 9.8
3.8, 10
3.8, 10.2
3.8, 10.4
3.8, 10.6
3.8, 10.8
3.8, 11
3.8, 11.2
3.8, 11.4
3.8, 11.6
3.8, 11.8
3.8, 12
3.8, 12.2
3.8, 12.4
3.8, 12.6
3.8, 12.8
3.8, 13
3.8, 13.2
3.8, 13.4
3.8, 13.6
3.8, 13.8
3.8, 14
3.8, 14.2
3.8, 14.4
3.8, 14.6
3.8, 14.8
3.8, 15
3.8, 15.2
3.8, 15.4
3.8, 15.6
3.8, 15.8
3.8, 16
3.8, 16.2
3.8, 16.4
3.8, 16.6
3.8, 16.8
3.8, 17
3.8, 17.2
3.8, 17.4
3.8, 17.6
3.8, 17.8
3.8, 18
3.8, 18.2
3.8, 18.4
3.8, 18.6
3.8, 18.8
3.8, 19
3.8, 19.2
3.8, 19.4
3.8, 19.6
3.8, 19.8
3.8, 20
3.8, 20.2
3.8, 20.4
3.8, 20.6
3.8, 20.8
3.8, 21
3.8, 21.2
3.8, 21.4
3.8, 21.6
3.8, 21.8
3.8, 22
3.8, 22.2
3.8, 22.4
3.8, 22.6
3.8, 22.8
3.8, 23
3.8, 23.2
3.8, 23.4
3.8, 23.6
3.8, 23.8
3.8, 24
3.8, 24.2
3.8, 24.4
3.8, 24.6
3.8, 24.8
3.8, 25
3.8, 25.2
3.8, 25.4
3.8, 25.6
3.8, 25.8
3.8, 26
3.8, 26.2
3.8, 26.4
3.8, 26.6
3.8, 26.8
3.8, 27
3.8, 27.2
3.8, 27.4
3.8, 27.6
3.8, 27.8
3.8, 28
3.8, 28.2
3.8, 28.4
3.8, 28.6
3.8, 28.8
3.8, 29
3.8, 29.2
3.8, 29.4
3.8, 29.6
3.8, 29.8
3.8, 30
3.8, 30.2
3.8, 30.4
3.8, 30.6
3.8, 30.8
3.8, 31
3.8, 31.2
3.8, 31.4
3.8, 31.6
3.8, 31.8
3.8, 32
3.8, 32.2
3.8, 32.4
3.8, 32.6
3.8, 32.8
3.8, 33
3.8, 33.2
3.8, 33.4
3.8, 33.6
3.8, 33.8
3.8, 34
3.8, 34.2
3.8, 34.4
3.8, 34.6
3.8, 34.8
3.8, 35
3.8, 35.2
3.8, 35.4
3.8, 35.6
3.8, 35.8
3.8, 36
3.8, 36.2
3.8, 36.4
3.8, 36.6
3.8, 36.8
3.8, 37
3.8, 37.2
3.8, 37.4
3.8, 37.6
3.8, 37.8
3.8, 38
3.8, 38.2
3.8, 38.4
3.8, 38.6
3.8, 38.8
3.8, 39
3.8, 39.2
3.8, 39.4
3.8, 39.6
3.8, 39.8
3.8, 40
3.8, 40.2
3.8, 40.4
3.8, 40.6
3.8, 40.8
3.8, 41
3.8, 41.2
3.8, 41.4
3.8, 41.6
3.8, 41.8
3.8, 42
3.8, 42.2
3.8, 42.4
3.8, 42.6
3.8, 42.8
3.8, 43
3.8, 43.2
3.8, 43.4
3.8, 43.6
3.8, 43.8
3.8, 44
3.8, 44.2
3.8, 44.4
3.8, 44.6
3.8, 44.8
3.8, 45
3.8, 45.2
3.8, 45.4
3.8, 45.6
3.8, 45.8
3.8, 46
3.8, 46.2
3.8, 46.4
3.8, 46.6
3.8, 46.8
3.8, 47
3.8, 47.2
3.8, 47.4
3.8, 47.6
3.8, 47.8
3.8, 48
3.8, 48.2
3.8, 48.4
3.8, 48.6
3.8, 48.8
3.8, 49
3.8, 49.2
3.8, 49.4
3.8, 49.6
3.8, 49.8
3.8, 50
4, 0.2
4, 0.4
4, 0.6
4, 0.8
4, 1
4, 1.2
4, 1.4
4, 1.6
4, 1.8
4, 2
4, 2.2
4, 2.4
4, 2.6
4, 2.8
4, 3
4, 3.2
4, 3.4
4, 3.6
4, 3.8
4, 4
4, 4.2
4, 4.4
4, 4.6
4, 4.8
4, 5
4, 5.2
4, 5.4
4, 5.6
4, 5.8
4, 6
4, 6.2
4, 6.4
4, 6.6
4, 6.8
4, 7
4, 7.2
4, 7.4
4, 7.6
4, 7.8
4, 8
4, 8.2
4, 8.4
4, 8.6
4, 8.8
4, 9
4, 9.2
4, 9.4
4, 9.6
4, 9.8
4, 10
4, 10.2
4, 10.4
4, 10.6
4, 10.8
4, 11
4, 11.2
4, 11.4
4, 11.6
4, 11.8
4, 12
4, 12.2
4, 12.4
4, 12.6
4, 12.8
4, 13
4, 13.2
4, 13.4
4, 13.6
4, 13.8
4, 14
4, 14.2
4, 14.4
4, 14.6
4, 14.8
4, 15
4, 15.2
4, 15.4
4, 15.6
4, 15.8
4, 16
4, 16.2
4, 16.4
4, 16.6
4, 16.8
4, 17
4, 17.2
4, 17.4
4, 17.6
4, 17.8
4, 18
4, 18.2
4, 18.4
4, 18.6
4, 18.8
4, 19
4, 19.2
4, 19.4
4, 19.6
4, 19.8
4, 20
4, 20.2
4, 20.4
4, 20.6
4, 20.8
4, 21
4, 21.2
4, 21.4
4, 21.6
4, 21.8
4, 22
4, 22.2
4, 22.4
4, 22.6
4, 22.8
4, 23
4, 23.2
4, 23.4
4, 23.6
4, 23.8
4, 24
4, 24.2
4, 24.4
4, 24.6
4, 24.8
4, 25
4, 25.2
4, 25.4
4, 25.6
4, 25.8
4, 26
4, 26.2
4, 26.4
4, 26.6
4, 26.8
4, 27
4, 27.2
4, 27.4
4, 27.6
4, 27.8
4, 28
4, 28.2
4, 28.4
4, 28.6
4, 28.8
4, 29
4, 29.2
4, 29.4
4, 29.6
4, 29.8
4, 30
4, 30.2
4, 30.4
4, 30.6
4, 30.8
4, 31
4, 31.2
4, 31.4
4, 31.6
4, 31.8
4, 32
4, 32.2
4, 32.4
4, 32.6
4, 32.8
4, 33
4, 33.2
4, 33.4
4, 33.6
4, 33.8
4, 34
4, 34.2
4, 34.4
4, 34.6
4, 34.8
4, 35
4, 35.2
4, 35.4
4, 35.6
4, 35.8
4, 36
4, 36.2
4, 36.4
4, 36.6
4, 36.8
4, 37
4, 37.2
4, 37.4
4, 37.6
4, 37.8
4, 38
4, 38.2
4, 38.4
4, 38.6
4, 38.8
4, 39
4, 39.2
4, 39.4
4, 39.6
4, 39.8
4, 40
4, 40.2
4, 40.4
4, 40.6
4, 40.8
4, 41
4, 41.2
4, 41.4
4, 41.6
4, 41.8
4, 42
4, 42.2
4, 42.4
4, 42.6
4, 42.8
4, 43
4, 43.2
4, 43.4
4, 43.6
4, 43.8
4, 44
4, 44.2
4, 44.4
4, 44.6
4, 44.8
4, 45
4, 45.2
4, 45.4
4, 45.6
4, 45.8
4, 46
4, 46.2
4, 46.4
4, 46.6
4, 46.8
4, 47
4, 47.2
4, 47.4
4, 47.6
4, 47.8
4, 48
4, 48.2
4, 48.4
4, 48.6
4, 48.8
4, 49
4, 49.2
4, 49.4
4, 49.6
4, 49.8
4, 50
4.2, 0.2
4.2, 0.4
4.2, 0.6
4.2, 0.8
4.2, 1
4.2, 1.2
4.2, 1.4
4.2, 1.6
4.2, 1.8
4.2, 2
4.2, 2.2
4.2, 2.4
4.2, 2.6
4.2, 2.8
4.2, 3
4.2, 3.2
4.2, 3.4
4.2, 3.6
4.2, 3.8
4.2, 4
4.2, 4.2
4.2, 4.4
4.2, 4.6
4.2, 4.8
4.2, 5
4.2, 5.2
4.2, 5.4
4.2, 5.6
4.2, 5.8
4.2, 6
4.2, 6.2
4.2, 6.4
4.2, 6.6
4.2, 6.8
4.2, 7
4.2, 7.2
4.2, 7.4
4.2, 7.6
4.2, 7.8
4.2, 8
4.2, 8.2
4.2, 8.4
4.2, 8.6
4.2, 8.8
4.2, 9
4.2, 9.2
4.2, 9.4
4.2, 9.6
4.2, 9.8
4.2, 10
4.2, 10.2
4.2, 10.4
4.2, 10.6
4.2, 10.8
4.2, 11
4.2, 11.2
4.2, 11.4
4.2, 11.6
4.2, 11.8
4.2, 12
4.2, 12.2
4.2, 12.4
4.2, 12.6
4.2, 12.8
4.2, 13
4.2, 13.2
4.2, 13.4
4.2, 13.6
4.2, 13.8
4.2, 14
4.2, 14.2
4.2, 14.4
4.2, 14.6
4.2, 14.8
4.2, 15
4.2, 15.2
4.2, 15.4
4.2, 15.6
4.2, 15.8
4.2, 16
4.2, 16.2
4.2, 16.4
4.2, 16.6
4.2, 16.8
4.2, 17
4.2, 17.2
4.2, 17.4
4.2, 17.6
4.2, 17.8
4.2, 18
4.2, 18.2
4.2, 18.4
4.2, 18.6
4.2, 18.8
4.2, 19
4.2, 19.2
4.2, 19.4
4.2, 19.6
4.2, 19.8
4.2, 20
4.2, 20.2
4.2, 20.4
4.2, 20.6
4.2, 20.8
4.2, 21
4.2, 21.2
4.2, 21.4
4.2, 21.6
4.2, 21.8
4.2, 22
4.2, 22.2
4.2, 22.4
4.2, 22.6
4.2, 22.8
4.2, 23
4.2, 23.2
4.2, 23.4
4.2, 23.6
4.2, 23.8
4.2, 24
4.2, 24.2
4.2, 24.4
4.2, 24.6
4.2, 24.8
4.2, 25
4.2, 25.2
4.2, 25.4
4.2, 25.6
4.2, 25.8
4.2, 26
4.2, 26.2
4.2, 26.4
4.2, 26.6
4.2, 26.8
4.2, 27
4.2, 27.2
4.2, 27.4
4.2, 27.6
4.2, 27.8
4.2, 28
4.2, 28.2
4.2, 28.4
4.2, 28.6
4.2, 28.8
4.2, 29
4.2, 29.2
4.2, 29.4
4.2, 29.6
4.2, 29.8
4.2, 30
4.2, 30.2
4.2, 30.4
4.2, 30.6
4.2, 30.8
4.2, 31
4.2, 31.2
4.2, 31.4
4.2, 31.6
4.2, 31.8
4.2, 32
4.2, 32.2
4.2, 32.4
4.2, 32.6
4.2, 32.8
4.2, 33
4.2, 33.2
4.2, 33.4
4.2, 33.6
4.2, 33.8
4.2, 34
4.2, 34.2
4.2, 34.4
4.2, 34.6
4.2, 34.8
4.2, 35
4.2, 35.2
4.2, 35.4
4.2, 35.6
4.2, 35.8
4.2, 36
4.2, 36.2
4.2, 36.4
4.2, 36.6
4.2, 36.8
4.2, 37
4.2, 37.2
4.2, 37.4
4.2, 37.6
4.2, 37.8
4.2, 38
4.2, 38.2
4.2, 38.4
4.2, 38.6
4.2, 38.8
4.2, 39
4.2, 39.2
4.2, 39.4
4.2, 39.6
4.2, 39.8
4.2, 40
4.2, 40.2
4.2, 40.4
4.2, 40.6
4.2, 40.8
4.2, 41
4.2, 41.2
4.2, 41.4
4.2, 41.6
4.2, 41.8
4.2, 42
4.2, 42.2
4.2, 42.4
4.2, 42.6
4.2, 42.8
4.2, 43
4.2, 43.2
4.2, 43.4
4.2, 43.6
4.2, 43.8
4.2, 44
4.2, 44.2
4.2, 44.4
4.2, 44.6
4.2, 44.8
4.2, 45
4.2, 45.2
4.2, 45.4
4.2, 45.6
4.2, 45.8
4.2, 46
4.2, 46.2
4.2, 46.4
4.2, 46.6
4.2, 46.8
4.2, 47
4.2, 47.2
4.2, 47.4
4.2, 47.6
4.2, 47.8
4.2, 48
4.2, 48.2
4.2, 48.4
4.2, 48.6
4.2, 48.8
4.2, 49
4.2, 49.2
4.2, 49.4
4.2, 49.6
4.2, 49.8
4.2, 50
4.4, 0.2
4.4, 0.4
4.4, 0.6
4.4, 0.8
4.4, 1
4.4, 1.2
4.4, 1.4
4.4, 1.6
4.4, 1.8
4.4, 2
4.4, 2.2
4.4, 2.4
4.4, 2.6
4.4, 2.8
4.4, 3
4.4, 3.2
4.4, 3.4
4.4, 3.6
4.4, 3.8
4.4, 4
4.4, 4.2
4.4, 4.4
4.4, 4.6
4.4, 4.8
4.4, 5
4.4, 5.2
4.4, 5.4
4.4, 5.6
4.4, 5.8
4.4, 6
4.4, 6.2
4.4, 6.4
4.4, 6.6
4.4, 6.8
4.4, 7
4.4, 7.2
4.4, 7.4
4.4, 7.6
4.4, 7.8
4.4, 8
4.4, 8.2
4.4, 8.4
4.4, 8.6
4.4, 8.8
4.4, 9
4.4, 9.2
4.4, 9.4
4.4, 9.6
4.4, 9.8
4.4, 10
4.4, 10.2
4.4, 10.4
4.4, 10.6
4.4, 10.8
4.4, 11
4.4, 11.2
4.4, 11.4
4.4, 11.6
4.4, 11.8
4.4, 12
4.4, 12.2
4.4, 12.4
4.4, 12.6
4.4, 12.8
4.4, 13
4.4, 13.2
4.4, 13.4
4.4, 13.6
4.4, 13.8
4.4, 14
4.4, 14.2
4.4, 14.4
4.4, 14.6
4.4, 14.8
4.4, 15
4.4, 15.2
4.4, 15.4
4.4, 15.6
4.4, 15.8
4.4, 16
4.4, 16.2
4.4, 16.4
4.4, 16.6
4.4, 16.8
4.4, 17
4.4, 17.2
4.4, 17.4
4.4, 17.6
4.4, 17.8
4.4, 18
4.4, 18.2
4.4, 18.4
4.4, 18.6
4.4, 18.8
4.4, 19
4.4, 19.2
4.4, 19.4
4.4, 19.6
4.4, 19.8
4.4, 20
4.4, 20.2
4.4, 20.4
4.4, 20.6
4.4, 20.8
4.4, 21
4.4, 21.2
4.4, 21.4
4.4, 21.6
4.4, 21.8
4.4, 22
4.4, 22.2
4.4, 22.4
4.4, 22.6
4.4, 22.8
4.4, 23
4.4, 23.2
4.4, 23.4
4.4, 23.6
4.4, 23.8
4.4, 24
4.4, 24.2
4.4, 24.4
4.4, 24.6
4.4, 24.8
4.4, 25
4.4, 25.2
4.4, 25.4
4.4, 25.6
4.4, 25.8
4.4, 26
4.4, 26.2
4.4, 26.4
4.4, 26.6
4.4, 26.8
4.4, 27
4.4, 27.2
4.4, 27.4
4.4, 27.6
4.4, 27.8
4.4, 28
4.4, 28.2
4.4, 28.4
4.4, 28.6
4.4, 28.8
4.4, 29
4.4, 29.2
4.4, 29.4
4.4, 29.6
4.4, 29.8
4.4, 30
4.4, 30.2
4.4, 30.4
4.4, 30.6
4.4, 30.8
4.4, 31
4.4, 31.2
4.4, 31.4
4.4, 31.6
4.4, 31.8
4.4, 32
4.4, 32.2
4.4, 32.4
4.4, 32.6
4.4, 32.8
4.4, 33
4.4, 33.2
4.4, 33.4
4.4, 33.6
4.4, 33.8
4.4, 34
4.4, 34.2
4.4, 34.4
4.4, 34.6
4.4, 34.8
4.4, 35
4.4, 35.2
4.4, 35.4
4.4, 35.6
4.4, 35.8
4.4, 36
4.4, 36.2
4.4, 36.4
4.4, 36.6
4.4, 36.8
4.4, 37
4.4, 37.2
4.4, 37.4
4.4, 37.6
4.4, 37.8
4.4, 38
4.4, 38.2
4.4, 38.4
4.4, 38.6
4.4, 38.8
4.4, 39
4.4, 39.2
4.4, 39.4
4.4, 39.6
4.4, 39.8
4.4, 40
4.4, 40.2
4.4, 40.4
4.4, 40.6
4.4, 40.8
4.4, 41
4.4, 41.2
4.4, 41.4
4.4, 41.6
4.4, 41.8
4.4, 42
4.4, 42.2
4.4, 42.4
4.4, 42.6
4.4, 42.8
4.4, 43
4.4, 43.2
4.4, 43.4
4.4, 43.6
4.4, 43.8
4.4, 44
4.4, 44.2
4.4, 44.4
4.4, 44.6
4.4, 44.8
4.4, 45
4.4, 45.2
4.4, 45.4
4.4, 45.6
4.4, 45.8
4.4, 46
4.4, 46.2
4.4, 46.4
4.4, 46.6
4.4, 46.8
4.4, 47
4.4, 47.2
4.4, 47.4
4.4, 47.6
4.4, 47.8
4.4, 48
4.4, 48.2
4.4, 48.4
4.4, 48.6
4.4, 48.8
4.4, 49
4.4, 49.2
4.4, 49.4
4.4, 49.6
4.4, 49.8
4.4, 50
4.6, 0.2
4.6, 0.4
4.6, 0.6
4.6, 0.8
4.6, 1
4.6, 1.2
4.6, 1.4
4.6, 1.6
4.6, 1.8
4.6, 2
4.6, 2.2
4.6, 2.4
4.6, 2.6
4.6, 2.8
4.6, 3
4.6, 3.2
4.6, 3.4
4.6, 3.6
4.6, 3.8
4.6, 4
4.6, 4.2
4.6, 4.4
4.6, 4.6
4.6, 4.8
4.6, 5
4.6, 5.2
4.6, 5.4
4.6, 5.6
4.6, 5.8
4.6, 6
4.6, 6.2
4.6, 6.4
4.6, 6.6
4.6, 6.8
4.6, 7
4.6, 7.2
4.6, 7.4
4.6, 7.6
4.6, 7.8
4.6, 8
4.6, 8.2
4.6, 8.4
4.6, 8.6
4.6, 8.8
4.6, 9
4.6, 9.2
4.6, 9.4
4.6, 9.6
4.6, 9.8
4.6, 10
4.6, 10.2
4.6, 10.4
4.6, 10.6
4.6, 10.8
4.6, 11
4.6, 11.2
4.6, 11.4
4.6, 11.6
4.6, 11.8
4.6, 12
4.6, 12.2
4.6, 12.4
4.6, 12.6
4.6, 12.8
4.6, 13
4.6, 13.2
4.6, 13.4
4.6, 13.6
4.6, 13.8
4.6, 14
4.6, 14.2
4.6, 14.4
4.6, 14.6
4.6, 14.8
4.6, 15
4.6, 15.2
4.6, 15.4
4.6, 15.6
4.6, 15.8
4.6, 16
4.6, 16.2
4.6, 16.4
4.6, 16.6
4.6, 16.8
4.6, 17
4.6, 17.2
4.6, 17.4
4.6, 17.6
4.6, 17.8
4.6, 18
4.6, 18.2
4.6, 18.4
4.6, 18.6
4.6, 18.8
4.6, 19
4.6, 19.2
4.6, 19.4
4.6, 19.6
4.6, 19.8
4.6, 20
4.6, 20.2
4.6, 20.4
4.6, 20.6
4.6, 20.8
4.6, 21
4.6, 21.2
4.6, 21.4
4.6, 21.6
4.6, 21.8
4.6, 22
4.6, 22.2
4.6, 22.4
4.6, 22.6
4.6, 22.8
4.6, 23
4.6, 23.2
4.6, 23.4
4.6, 23.6
4.6, 23.8
4.6, 24
4.6, 24.2
4.6, 24.4
4.6, 24.6
4.6, 24.8
4.6, 25
4.6, 25.2
4.6, 25.4
4.6, 25.6
4.6, 25.8
4.6, 26
4.6, 26.2
4.6, 26.4
4.6, 26.6
4.6, 26.8
4.6, 27
4.6, 27.2
4.6, 27.4
4.6, 27.6
4.6, 27.8
4.6, 28
4.6, 28.2
4.6, 28.4
4.6, 28.6
4.6, 28.8
4.6, 29
4.6, 29.2
4.6, 29.4
4.6, 29.6
4.6, 29.8
4.6, 30
4.6, 30.2
4.6, 30.4
4.6, 30.6
4.6, 30.8
4.6, 31
4.6, 31.2
4.6, 31.4
4.6, 31.6
4.6, 31.8
4.6, 32
4.6, 32.2
4.6, 32.4
4.6, 32.6
4.6, 32.8
4.6, 33
4.6, 33.2
4.6, 33.4
4.6, 33.6
4.6, 33.8
4.6, 34
4.6, 34.2
4.6, 34.4
4.6, 34.6
4.6, 34.8
4.6, 35
4.6, 35.2
4.6, 35.4
4.6, 35.6
4.6, 35.8
4.6, 36
4.6, 36.2
4.6, 36.4
4.6, 36.6
4.6, 36.8
4.6, 37
4.6, 37.2
4.6, 37.4
4.6, 37.6
4.6, 37.8
4.6, 38
4.6, 38.2
4.6, 38.4
4.6, 38.6
4.6, 38.8
4.6, 39
4.6, 39.2
4.6, 39.4
4.6, 39.6
4.6, 39.8
4.6, 40
4.6, 40.2
4.6, 40.4
4.6, 40.6
4.6, 40.8
4.6, 41
4.6, 41.2
4.6, 41.4
4.6, 41.6
4.6, 41.8
4.6, 42
4.6, 42.2
4.6, 42.4
4.6, 42.6
4.6, 42.8
4.6, 43
4.6, 43.2
4.6, 43.4
4.6, 43.6
4.6, 43.8
4.6, 44
4.6, 44.2
4.6, 44.4
4.6, 44.6
4.6, 44.8
4.6, 45
4.6, 45.2
4.6, 45.4
4.6, 45.6
4.6, 45.8
4.6, 46
4.6, 46.2
4.6, 46.4
4.6, 46.6
4.6, 46.8
4.6, 47
4.6, 47.2
4.6, 47.4
4.6, 47.6
4.6, 47.8
4.6, 48
4.6, 48.2
4.6, 48.4
4.6, 48.6
4.6, 48.8
4.6, 49
4.6, 49.2
4.6, 49.4
4.6, 49.6
4.6, 49.8
4.6, 50
4.8, 0.2
4.8, 0.4
4.8, 0.6
4.8, 0.8
4.8, 1
4.8, 1.2
4.8, 1.4
4.8, 1.6
4.8, 1.8
4.8, 2
4.8, 2.2
4.8, 2.4
4.8, 2.6
4.8, 2.8
4.8, 3
4.8, 3.2
4.8, 3.4
4.8, 3.6
4.8, 3.8
4.8, 4
4.8, 4.2
4.8, 4.4
4.8, 4.6
4.8, 4.8
4.8, 5
4.8, 5.2
4.8, 5.4
4.8, 5.6
4.8, 5.8
4.8, 6
4.8, 6.2
4.8, 6.4
4.8, 6.6
4.8, 6.8
4.8, 7
4.8, 7.2
4.8, 7.4
4.8, 7.6
4.8, 7.8
4.8, 8
4.8, 8.2
4.8, 8.4
4.8, 8.6
4.8, 8.8
4.8, 9
4.8, 9.2
4.8, 9.4
4.8, 9.6
4.8, 9.8
4.8, 10
4.8, 10.2
4.8, 10.4
4.8, 10.6
4.8, 10.8
4.8, 11
4.8, 11.2
4.8, 11.4
4.8, 11.6
4.8, 11.8
4.8, 12
4.8, 12.2
4.8, 12.4
4.8, 12.6
4.8, 12.8
4.8, 13
4.8, 13.2
4.8, 13.4
4.8, 13.6
4.8, 13.8
4.8, 14
4.8, 14.2
4.8, 14.4
4.8, 14.6
4.8, 14.8
4.8, 15
4.8, 15.2
4.8, 15.4
4.8, 15.6
4.8, 15.8
4.8, 16
4.8, 16.2
4.8, 16.4
4.8, 16.6
4.8, 16.8
4.8, 17
4.8, 17.2
4.8, 17.4
4.8, 17.6
4.8, 17.8
4.8, 18
4.8, 18.2
4.8, 18.4
4.8, 18.6
4.8, 18.8
4.8, 19
4.8, 19.2
4.8, 19.4
4.8, 19.6
4.8, 19.8
4.8, 20
4.8, 20.2
4.8, 20.4
4.8, 20.6
4.8, 20.8
4.8, 21
4.8, 21.2
4.8, 21.4
4.8, 21.6
4.8, 21.8
4.8, 22
4.8, 22.2
4.8, 22.4
4.8, 22.6
4.8, 22.8
4.8, 23
4.8, 23.2
4.8, 23.4
4.8, 23.6
4.8, 23.8
4.8, 24
4.8, 24.2
4.8, 24.4
4.8, 24.6
4.8, 24.8
4.8, 25
4.8, 25.2
4.8, 25.4
4.8, 25.6
4.8, 25.8
4.8, 26
4.8, 26.2
4.8, 26.4
4.8, 26.6
4.8, 26.8
4.8, 27
4.8, 27.2
4.8, 27.4
4.8, 27.6
4.8, 27.8
4.8, 28
4.8, 28.2
4.8, 28.4
4.8, 28.6
4.8, 28.8
4.8, 29
4.8, 29.2
4.8, 29.4
4.8, 29.6
4.8, 29.8
4.8, 30
4.8, 30.2
4.8, 30.4
4.8, 30.6
4.8, 30.8
4.8, 31
4.8, 31.2
4.8, 31.4
4.8, 31.6
4.8, 31.8
4.8, 32
4.8, 32.2
4.8, 32.4
4.8, 32.6
4.8, 32.8
4.8, 33
4.8, 33.2
4.8, 33.4
4.8, 33.6
4.8, 33.8
4.8, 34
4.8, 34.2
4.8, 34.4
4.8, 34.6
4.8, 34.8
4.8, 35
4.8, 35.2
4.8, 35.4
4.8, 35.6
4.8, 35.8
4.8, 36
4.8, 36.2
4.8, 36.4
4.8, 36.6
4.8, 36.8
4.8, 37
4.8, 37.2
4.8, 37.4
4.8, 37.6
4.8, 37.8
4.8, 38
4.8, 38.2
4.8, 38.4
4.8, 38.6
4.8, 38.8
4.8, 39
4.8, 39.2
4.8, 39.4
4.8, 39.6
4.8, 39.8
4.8, 40
4.8, 40.2
4.8, 40.4
4.8, 40.6
4.8, 40.8
4.8, 41
4.8, 41.2
4.8, 41.4
4.8, 41.6
4.8, 41.8
4.8, 42
4.8, 42.2
4.8, 42.4
4.8, 42.6
4.8, 42.8
4.8, 43
4.8, 43.2
4.8, 43.4
4.8, 43.6
4.8, 43.8
4.8, 44
4.8, 44.2
4.8, 44.4
4.8, 44.6
4.8, 44.8
4.8, 45
4.8, 45.2
4.8, 45.4
4.8, 45.6
4.8, 45.8
4.8, 46
4.8, 46.2
4.8, 46.4
4.8, 46.6
4.8, 46.8
4.8, 47
4.8, 47.2
4.8, 47.4
4.8, 47.6
4.8, 47.8
4.8, 48
4.8, 48.2
4.8, 48.4
4.8, 48.6
4.8, 48.8
4.8, 49
4.8, 49.2
4.8, 49.4
4.8, 49.6
4.8, 49.8
4.8, 50
5, 0.2
5, 0.4
5, 0.6
5, 0.8
5, 1
5, 1.2
5, 1.4
5, 1.6
5, 1.8
5, 2
5, 2.2
5, 2.4
5, 2.6
5, 2.8
5, 3
5, 3.2
5, 3.4
5, 3.6
5, 3.8
5, 4
5, 4.2
5, 4.4
5, 4.6
5, 4.8
5, 5
5, 5.2
5, 5.4
5, 5.6
5, 5.8
5, 6
5, 6.2
5, 6.4
5, 6.6
5, 6.8
5, 7
5, 7.2
5, 7.4
5, 7.6
5, 7.8
5, 8
5, 8.2
5, 8.4
5, 8.6
5, 8.8
5, 9
5, 9.2
5, 9.4
5, 9.6
5, 9.8
5, 10
5, 10.2
5, 10.4
5, 10.6
5, 10.8
5, 11
5, 11.2
5, 11.4
5, 11.6
5, 11.8
5, 12
5, 12.2
5, 12.4
5, 12.6
5, 12.8
5, 13
5, 13.2
5, 13.4
5, 13.6
5, 13.8
5, 14
5, 14.2
5, 14.4
5, 14.6
5, 14.8
5, 15
5, 15.2
5, 15.4
5, 15.6
5, 15.8
5, 16
5, 16.2
5, 16.4
5, 16.6
5, 16.8
5, 17
5, 17.2
5, 17.4
5, 17.6
5, 17.8
5, 18
5, 18.2
5, 18.4
5, 18.6
5, 18.8
5, 19
5, 19.2
5, 19.4
5, 19.6
5, 19.8
5, 20
5, 20.2
5, 20.4
5, 20.6
5, 20.8
5, 21
5, 21.2
5, 21.4
5, 21.6
5, 21.8
5, 22
5, 22.2
5, 22.4
5, 22.6
5, 22.8
5, 23
5, 23.2
5, 23.4
5, 23.6
5, 23.8
5, 24
5, 24.2
5, 24.4
5, 24.6
5, 24.8
5, 25
5, 25.2
5, 25.4
5, 25.6
5, 25.8
5, 26
5, 26.2
5, 26.4
5, 26.6
5, 26.8
5, 27
5, 27.2
5, 27.4
5, 27.6
5, 27.8
5, 28
5, 28.2
5, 28.4
5, 28.6
5, 28.8
5, 29
5, 29.2
5, 29.4
5, 29.6
5, 29.8
5, 30
5, 30.2
5, 30.4
5, 30.6
5, 30.8
5, 31
5, 31.2
5, 31.4
5, 31.6
5, 31.8
5, 32
5, 32.2
5, 32.4
5, 32.6
5, 32.8
5, 33
5, 33.2
5, 33.4
5, 33.6
5, 33.8
5, 34
5, 34.2
5, 34.4
5, 34.6
5, 34.8
5, 35
5, 35.2
5, 35.4
5, 35.6
5, 35.8
5, 36
5, 36.2
5, 36.4
5, 36.6
5, 36.8
5, 37
5, 37.2
5, 37.4
5, 37.6
5, 37.8
5, 38
5, 38.2
5, 38.4
5, 38.6
5, 38.8
5, 39
5, 39.2
5, 39.4
5, 39.6
5, 39.8
5, 40
5, 40.2
5, 40.4
5, 40.6
5, 40.8
5, 41
5, 41.2
5, 41.4
5, 41.6
5, 41.8
5, 42
5, 42.2
5, 42.4
5, 42.6
5, 42.8
5, 43
5, 43.2
5, 43.4
5, 43.6
5, 43.8
5, 44
5, 44.2
5, 44.4
5, 44.6
5, 44.8
5, 45
5, 45.2
5, 45.4
5, 45.6
5, 45.8
5, 46
5, 46.2
5, 46.4
5, 46.6
5, 46.8
5, 47
5, 47.2
5, 47.4
5, 47.6
5, 47.8
5, 48
5, 48.2
5, 48.4
5, 48.6
5, 48.8
5, 49
5, 49.2
5, 49.4
5, 49.6
5, 49.8
5, 50
5.2, 0.2
5.2, 0.4
5.2, 0.6
5.2, 0.8
5.2, 1
5.2, 1.2
5.2, 1.4
5.2, 1.6
5.2, 1.8
5.2, 2
5.2, 2.2
5.2, 2.4
5.2, 2.6
5.2, 2.8
5.2, 3
5.2, 3.2
5.2, 3.4
5.2, 3.6
5.2, 3.8
5.2, 4
5.2, 4.2
5.2, 4.4
5.2, 4.6
5.2, 4.8
5.2, 5
5.2, 5.2
5.2, 5.4
5.2, 5.6
5.2, 5.8
5.2, 6
5.2, 6.2
5.2, 6.4
5.2, 6.6
5.2, 6.8
5.2, 7
5.2, 7.2
5.2, 7.4
5.2, 7.6
5.2, 7.8
5.2, 8
5.2, 8.2
5.2, 8.4
5.2, 8.6
5.2, 8.8
5.2, 9
5.2, 9.2
5.2, 9.4
5.2, 9.6
5.2, 9.8
5.2, 10
5.2, 10.2
5.2, 10.4
5.2, 10.6
5.2, 10.8
5.2, 11
5.2, 11.2
5.2, 11.4
5.2, 11.6
5.2, 11.8
5.2, 12
5.2, 12.2
5.2, 12.4
5.2, 12.6
5.2, 12.8
5.2, 13
5.2, 13.2
5.2, 13.4
5.2, 13.6
5.2, 13.8
5.2, 14
5.2, 14.2
5.2, 14.4
5.2, 14.6
5.2, 14.8
5.2, 15
5.2, 15.2
5.2, 15.4
5.2, 15.6
5.2, 15.8
5.2, 16
5.2, 16.2
5.2, 16.4
5.2, 16.6
5.2, 16.8
5.2, 17
5.2, 17.2
5.2, 17.4
5.2, 17.6
5.2, 17.8
5.2, 18
5.2, 18.2
5.2, 18.4
5.2, 18.6
5.2, 18.8
5.2, 19
5.2, 19.2
5.2, 19.4
5.2, 19.6
5.2, 19.8
5.2, 20
5.2, 20.2
5.2, 20.4
5.2, 20.6
5.2, 20.8
5.2, 21
5.2, 21.2
5.2, 21.4
5.2, 21.6
5.2, 21.8
5.2, 22
5.2, 22.2
5.2, 22.4
5.2, 22.6
5.2, 22.8
5.2, 23
5.2, 23.2
5.2, 23.4
5.2, 23.6
5.2, 23.8
5.2, 24
5.2, 24.2
5.2, 24.4
5.2, 24.6
5.2, 24.8
5.2, 25
5.2, 25.2
5.2, 25.4
5.2, 25.6
5.2, 25.8
5.2, 26
5.2, 26.2
5.2, 26.4
5.2, 26.6
5.2, 26.8
5.2, 27
5.2, 27.2
5.2, 27.4
5.2, 27.6
5.2, 27.8
5.2, 28
5.2, 28.2
5.2, 28.4
5.2, 28.6
5.2, 28.8
5.2, 29
5.2, 29.2
5.2, 29.4
5.2, 29.6
5.2, 29.8
5.2, 30
5.2, 30.2
5.2, 30.4
5.2, 30.6
5.2, 30.8
5.2, 31
5.2, 31.2
5.2, 31.4
5.2, 31.6
5.2, 31.8
5.2, 32
5.2, 32.2
5.2, 32.4
5.2, 32.6
5.2, 32.8
5.2, 33
5.2, 33.2
5.2, 33.4
5.2, 33.6
5.2, 33.8
5.2, 34
5.2, 34.2
5.2, 34.4
5.2, 34.6
5.2, 34.8
5.2, 35
5.2, 35.2
5.2, 35.4
5.2, 35.6
5.2, 35.8
5.2, 36
5.2, 36.2
5.2, 36.4
5.2, 36.6
5.2, 36.8
5.2, 37
5.2, 37.2
5.2, 37.4
5.2, 37.6
5.2, 37.8
5.2, 38
5.2, 38.2
5.2, 38.4
5.2, 38.6
5.2, 38.8
5.2, 39
5.2, 39.2
5.2, 39.4
5.2, 39.6
5.2, 39.8
5.2, 40
5.2, 40.2
5.2, 40.4
5.2, 40.6
5.2, 40.8
5.2, 41
5.2, 41.2
5.2, 41.4
5.2, 41.6
5.2, 41.8
5.2, 42
5.2, 42.2
5.2, 42.4
5.2, 42.6
5.2, 42.8
5.2, 43
5.2, 43.2
5.2, 43.4
5.2, 43.6
5.2, 43.8
5.2, 44
5.2, 44.2
5.2, 44.4
5.2, 44.6
5.2, 44.8
5.2, 45
5.2, 45.2
5.2, 45.4
5.2, 45.6
5.2, 45.8
5.2, 46
5.2, 46.2
5.2, 46.4
5.2, 46.6
5.2, 46.8
5.2, 47
5.2, 47.2
5.2, 47.4
5.2, 47.6
5.2, 47.8
5.2, 48
5.2, 48.2
5.2, 48.4
5.2, 48.6
5.2, 48.8
5.2, 49
5.2, 49.2
5.2, 49.4
5.2, 49.6
5.2, 49.8
5.2, 50
5.4, 0.2
5.4, 0.4
5.4, 0.6
5.4, 0.8
5.4, 1
5.4, 1.2
5.4, 1.4
5.4, 1.6
5.4, 1.8
5.4, 2
5.4, 2.2
5.4, 2.4
5.4, 2.6
5.4, 2.8
5.4, 3
5.4, 3.2
5.4, 3.4
5.4, 3.6
5.4, 3.8
5.4, 4
5.4, 4.2
5.4, 4.4
5.4, 4.6
5.4, 4.8
5.4, 5
5.4, 5.2
5.4, 5.4
5.4, 5.6
5.4, 5.8
5.4, 6
5.4, 6.2
5.4, 6.4
5.4, 6.6
5.4, 6.8
5.4, 7
5.4, 7.2
5.4, 7.4
5.4, 7.6
5.4, 7.8
5.4, 8
5.4, 8.2
5.4, 8.4
5.4, 8.6
5.4, 8.8
5.4, 9
5.4, 9.2
5.4, 9.4
5.4, 9.6
5.4, 9.8
5.4, 10
5.4, 10.2
5.4, 10.4
5.4, 10.6
5.4, 10.8
5.4, 11
5.4, 11.2
5.4, 11.4
5.4, 11.6
5.4, 11.8
5.4, 12
5.4, 12.2
5.4, 12.4
5.4, 12.6
5.4, 12.8
5.4, 13
5.4, 13.2
5.4, 13.4
5.4, 13.6
5.4, 13.8
5.4, 14
5.4, 14.2
5.4, 14.4
5.4, 14.6
5.4, 14.8
5.4, 15
5.4, 15.2
5.4, 15.4
5.4, 15.6
5.4, 15.8
5.4, 16
5.4, 16.2
5.4, 16.4
5.4, 16.6
5.4, 16.8
5.4, 17
5.4, 17.2
5.4, 17.4
5.4, 17.6
5.4, 17.8
5.4, 18
5.4, 18.2
5.4, 18.4
5.4, 18.6
5.4, 18.8
5.4, 19
5.4, 19.2
5.4, 19.4
5.4, 19.6
5.4, 19.8
5.4, 20
5.4, 20.2
5.4, 20.4
5.4, 20.6
5.4, 20.8
5.4, 21
5.4, 21.2
5.4, 21.4
5.4, 21.6
5.4, 21.8
5.4, 22
5.4, 22.2
5.4, 22.4
5.4, 22.6
5.4, 22.8
5.4, 23
5.4, 23.2
5.4, 23.4
5.4, 23.6
5.4, 23.8
5.4, 24
5.4, 24.2
5.4, 24.4
5.4, 24.6
5.4, 24.8
5.4, 25
5.4, 25.2
5.4, 25.4
5.4, 25.6
5.4, 25.8
5.4, 26
5.4, 26.2
5.4, 26.4
5.4, 26.6
5.4, 26.8
5.4, 27
5.4, 27.2
5.4, 27.4
5.4, 27.6
5.4, 27.8
5.4, 28
5.4, 28.2
5.4, 28.4
5.4, 28.6
5.4, 28.8
5.4, 29
5.4, 29.2
5.4, 29.4
5.4, 29.6
5.4, 29.8
5.4, 30
5.4, 30.2
5.4, 30.4
5.4, 30.6
5.4, 30.8
5.4, 31
5.4, 31.2
5.4, 31.4
5.4, 31.6
5.4, 31.8
5.4, 32
5.4, 32.2
5.4, 32.4
5.4, 32.6
5.4, 32.8
5.4, 33
5.4, 33.2
5.4, 33.4
5.4, 33.6
5.4, 33.8
5.4, 34
5.4, 34.2
5.4, 34.4
5.4, 34.6
5.4, 34.8
5.4, 35
5.4, 35.2
5.4, 35.4
5.4, 35.6
5.4, 35.8
5.4, 36
5.4, 36.2
5.4, 36.4
5.4, 36.6
5.4, 36.8
5.4, 37
5.4, 37.2
5.4, 37.4
5.4, 37.6
5.4, 37.8
5.4, 38
5.4, 38.2
5.4, 38.4
5.4, 38.6
5.4, 38.8
5.4, 39
5.4, 39.2
5.4, 39.4
5.4, 39.6
5.4, 39.8
5.4, 40
5.4, 40.2
5.4, 40.4
5.4, 40.6
5.4, 40.8
5.4, 41
5.4, 41.2
5.4, 41.4
5.4, 41.6
5.4, 41.8
5.4, 42
5.4, 42.2
5.4, 42.4
5.4, 42.6
5.4, 42.8
5.4, 43
5.4, 43.2
5.4, 43.4
5.4, 43.6
5.4, 43.8
5.4, 44
5.4, 44.2
5.4, 44.4
5.4, 44.6
5.4, 44.8
5.4, 45
5.4, 45.2
5.4, 45.4
5.4, 45.6
5.4, 45.8
5.4, 46
5.4, 46.2
5.4, 46.4
5.4, 46.6
5.4, 46.8
5.4, 47
5.4, 47.2
5.4, 47.4
5.4, 47.6
5.4, 47.8
5.4, 48
5.4, 48.2
5.4, 48.4
5.4, 48.6
5.4, 48.8
5.4, 49
5.4, 49.2
5.4, 49.4
5.4, 49.6
5.4, 49.8
5.4, 50
5.6, 0.2
5.6, 0.4
5.6, 0.6
5.6, 0.8
5.6, 1
5.6, 1.2
5.6, 1.4
5.6, 1.6
5.6, 1.8
5.6, 2
5.6, 2.2
5.6, 2.4
5.6, 2.6
5.6, 2.8
5.6, 3
5.6, 3.2
5.6, 3.4
5.6, 3.6
5.6, 3.8
5.6, 4
5.6, 4.2
5.6, 4.4
5.6, 4.6
5.6, 4.8
5.6, 5
5.6, 5.2
5.6, 5.4
5.6, 5.6
5.6, 5.8
5.6, 6
5.6, 6.2
5.6, 6.4
5.6, 6.6
5.6, 6.8
5.6, 7
5.6, 7.2
5.6, 7.4
5.6, 7.6
5.6, 7.8
5.6, 8
5.6, 8.2
5.6, 8.4
5.6, 8.6
5.6, 8.8
5.6, 9
5.6, 9.2
5.6, 9.4
5.6, 9.6
5.6, 9.8
5.6, 10
5.6, 10.2
5.6, 10.4
5.6, 10.6
5.6, 10.8
5.6, 11
5.6, 11.2
5.6, 11.4
5.6, 11.6
5.6, 11.8
5.6, 12
5.6, 12.2
5.6, 12.4
5.6, 12.6
5.6, 12.8
5.6, 13
5.6, 13.2
5.6, 13.4
5.6, 13.6
5.6, 13.8
5.6, 14
5.6, 14.2
5.6, 14.4
5.6, 14.6
5.6, 14.8
5.6, 15
5.6, 15.2
5.6, 15.4
5.6, 15.6
5.6, 15.8
5.6, 16
5.6, 16.2
5.6, 16.4
5.6, 16.6
5.6, 16.8
5.6, 17
5.6, 17.2
5.6, 17.4
5.6, 17.6
5.6, 17.8
5.6, 18
5.6, 18.2
5.6, 18.4
5.6, 18.6
5.6, 18.8
5.6, 19
5.6, 19.2
5.6, 19.4
5.6, 19.6
5.6, 19.8
5.6, 20
5.6, 20.2
5.6, 20.4
5.6, 20.6
5.6, 20.8
5.6, 21
5.6, 21.2
5.6, 21.4
5.6, 21.6
5.6, 21.8
5.6, 22
5.6, 22.2
5.6, 22.4
5.6, 22.6
5.6, 22.8
5.6, 23
5.6, 23.2
5.6, 23.4
5.6, 23.6
5.6, 23.8
5.6, 24
5.6, 24.2
5.6, 24.4
5.6, 24.6
5.6, 24.8
5.6, 25
5.6, 25.2
5.6, 25.4
5.6, 25.6
5.6, 25.8
5.6, 26
5.6, 26.2
5.6, 26.4
5.6, 26.6
5.6, 26.8
5.6, 27
5.6, 27.2
5.6, 27.4
5.6, 27.6
5.6, 27.8
5.6, 28
5.6, 28.2
5.6, 28.4
5.6, 28.6
5.6, 28.8
5.6, 29
5.6, 29.2
5.6, 29.4
5.6, 29.6
5.6, 29.8
5.6, 30
5.6, 30.2
5.6, 30.4
5.6, 30.6
5.6, 30.8
5.6, 31
5.6, 31.2
5.6, 31.4
5.6, 31.6
5.6, 31.8
5.6, 32
5.6, 32.2
5.6, 32.4
5.6, 32.6
5.6, 32.8
5.6, 33
5.6, 33.2
5.6, 33.4
5.6, 33.6
5.6, 33.8
5.6, 34
5.6, 34.2
5.6, 34.4
5.6, 34.6
5.6, 34.8
5.6, 35
5.6, 35.2
5.6, 35.4
5.6, 35.6
5.6, 35.8
5.6, 36
5.6, 36.2
5.6, 36.4
5.6, 36.6
5.6, 36.8
5.6, 37
5.6, 37.2
5.6, 37.4
5.6, 37.6
5.6, 37.8
5.6, 38
5.6, 38.2
5.6, 38.4
5.6, 38.6
5.6, 38.8
5.6, 39
5.6, 39.2
5.6, 39.4
5.6, 39.6
5.6, 39.8
5.6, 40
5.6, 40.2
5.6, 40.4
5.6, 40.6
5.6, 40.8
5.6, 41
5.6, 41.2
5.6, 41.4
5.6, 41.6
5.6, 41.8
5.6, 42
5.6, 42.2
5.6, 42.4
5.6, 42.6
5.6, 42.8
5.6, 43
5.6, 43.2
5.6, 43.4
5.6, 43.6
5.6, 43.8
5.6, 44
5.6, 44.2
5.6, 44.4
5.6, 44.6
5.6, 44.8
5.6, 45
5.6, 45.2
5.6, 45.4
5.6, 45.6
5.6, 45.8
5.6, 46
5.6, 46.2
5.6, 46.4
5.6, 46.6
5.6, 46.8
5.6, 47
5.6, 47.2
5.6, 47.4
5.6, 47.6
5.6, 47.8
5.6, 48
5.6, 48.2
5.6, 48.4
5.6, 48.6
5.6, 48.8
5.6, 49
5.6, 49.2
5.6, 49.4
5.6, 49.6
5.6, 49.8
5.6, 50
5.8, 0.2
5.8, 0.4
5.8, 0.6
5.8, 0.8
5.8, 1
5.8, 1.2
5.8, 1.4
5.8, 1.6
5.8, 1.8
5.8, 2
5.8, 2.2
5.8, 2.4
5.8, 2.6
5.8, 2.8
5.8, 3
5.8, 3.2
5.8, 3.4
5.8, 3.6
5.8, 3.8
5.8, 4
5.8, 4.2
5.8, 4.4
5.8, 4.6
5.8, 4.8
5.8, 5
5.8, 5.2
5.8, 5.4
5.8, 5.6
5.8, 5.8
5.8, 6
5.8, 6.2
5.8, 6.4
5.8, 6.6
5.8, 6.8
5.8, 7
5.8, 7.2
5.8, 7.4
5.8, 7.6
5.8, 7.8
5.8, 8
5.8, 8.2
5.8, 8.4
5.8, 8.6
5.8, 8.8
5.8, 9
5.8, 9.2
5.8, 9.4
5.8, 9.6
5.8, 9.8
5.8, 10
5.8, 10.2
5.8, 10.4
5.8, 10.6
5.8, 10.8
5.8, 11
5.8, 11.2
5.8, 11.4
5.8, 11.6
5.8, 11.8
5.8, 12
5.8, 12.2
5.8, 12.4
5.8, 12.6
5.8, 12.8
5.8, 13
5.8, 13.2
5.8, 13.4
5.8, 13.6
5.8, 13.8
5.8, 14
5.8, 14.2
5.8, 14.4
5.8, 14.6
5.8, 14.8
5.8, 15
5.8, 15.2
5.8, 15.4
5.8, 15.6
5.8, 15.8
5.8, 16
5.8, 16.2
5.8, 16.4
5.8, 16.6
5.8, 16.8
5.8, 17
5.8, 17.2
5.8, 17.4
5.8, 17.6
5.8, 17.8
5.8, 18
5.8, 18.2
5.8, 18.4
5.8, 18.6
5.8, 18.8
5.8, 19
5.8, 19.2
5.8, 19.4
5.8, 19.6
5.8, 19.8
5.8, 20
5.8, 20.2
5.8, 20.4
5.8, 20.6
5.8, 20.8
5.8, 21
5.8, 21.2
5.8, 21.4
5.8, 21.6
5.8, 21.8
5.8, 22
5.8, 22.2
5.8, 22.4
5.8, 22.6
5.8, 22.8
5.8, 23
5.8, 23.2
5.8, 23.4
5.8, 23.6
5.8, 23.8
5.8, 24
5.8, 24.2
5.8, 24.4
5.8, 24.6
5.8, 24.8
5.8, 25
5.8, 25.2
5.8, 25.4
5.8, 25.6
5.8, 25.8
5.8, 26
5.8, 26.2
5.8, 26.4
5.8, 26.6
5.8, 26.8
5.8, 27
5.8, 27.2
5.8, 27.4
5.8, 27.6
5.8, 27.8
5.8, 28
5.8, 28.2
5.8, 28.4
5.8, 28.6
5.8, 28.8
5.8, 29
5.8, 29.2
5.8, 29.4
5.8, 29.6
5.8, 29.8
5.8, 30
5.8, 30.2
5.8, 30.4
5.8, 30.6
5.8, 30.8
5.8, 31
5.8, 31.2
5.8, 31.4
5.8, 31.6
5.8, 31.8
5.8, 32
5.8, 32.2
5.8, 32.4
5.8, 32.6
5.8, 32.8
5.8, 33
5.8, 33.2
5.8, 33.4
5.8, 33.6
5.8, 33.8
5.8, 34
5.8, 34.2
5.8, 34.4
5.8, 34.6
5.8, 34.8
5.8, 35
5.8, 35.2
5.8, 35.4
5.8, 35.6
5.8, 35.8
5.8, 36
5.8, 36.2
5.8, 36.4
5.8, 36.6
5.8, 36.8
5.8, 37
5.8, 37.2
5.8, 37.4
5.8, 37.6
5.8, 37.8
5.8, 38
5.8, 38.2
5.8, 38.4
5.8, 38.6
5.8, 38.8
5.8, 39
5.8, 39.2
5.8, 39.4
5.8, 39.6
5.8, 39.8
5.8, 40
5.8, 40.2
5.8, 40.4
5.8, 40.6
5.8, 40.8
5.8, 41
5.8, 41.2
5.8, 41.4
5.8, 41.6
5.8, 41.8
5.8, 42
5.8, 42.2
5.8, 42.4
5.8, 42.6
5.8, 42.8
5.8, 43
5.8, 43.2
5.8, 43.4
5.8, 43.6
5.8, 43.8
5.8, 44
5.8, 44.2
5.8, 44.4
5.8, 44.6
5.8, 44.8
5.8, 45
5.8, 45.2
5.8, 45.4
5.8, 45.6
5.8, 45.8
5.8, 46
5.8, 46.2
5.8, 46.4
5.8, 46.6
5.8, 46.8
5.8, 47
5.8, 47.2
5.8, 47.4
5.8, 47.6
5.8, 47.8
5.8, 48
5.8, 48.2
5.8, 48.4
5.8, 48.6
5.8, 48.8
5.8, 49
5.8, 49.2
5.8, 49.4
5.8, 49.6
5.8, 49.8
5.8, 50
6, 0.2
6, 0.4
6, 0.6
6, 0.8
6, 1
6, 1.2
6, 1.4
6, 1.6
6, 1.8
6, 2
6, 2.2
6, 2.4
6, 2.6
6, 2.8
6, 3
6, 3.2
6, 3.4
6, 3.6
6, 3.8
6, 4
6, 4.2
6, 4.4
6, 4.6
6, 4.8
6, 5
6, 5.2
6, 5.4
6, 5.6
6, 5.8
6, 6
6, 6.2
6, 6.4
6, 6.6
6, 6.8
6, 7
6, 7.2
6, 7.4
6, 7.6
6, 7.8
6, 8
6, 8.2
6, 8.4
6, 8.6
6, 8.8
6, 9
6, 9.2
6, 9.4
6, 9.6
6, 9.8
6, 10
6, 10.2
6, 10.4
6, 10.6
6, 10.8
6, 11
6, 11.2
6, 11.4
6, 11.6
6, 11.8
6, 12
6, 12.2
6, 12.4
6, 12.6
6, 12.8
6, 13
6, 13.2
6, 13.4
6, 13.6
6, 13.8
6, 14
6, 14.2
6, 14.4
6, 14.6
6, 14.8
6, 15
6, 15.2
6, 15.4
6, 15.6
6, 15.8
6, 16
6, 16.2
6, 16.4
6, 16.6
6, 16.8
6, 17
6, 17.2
6, 17.4
6, 17.6
6, 17.8
6, 18
6, 18.2
6, 18.4
6, 18.6
6, 18.8
6, 19
6, 19.2
6, 19.4
6, 19.6
6, 19.8
6, 20
6, 20.2
6, 20.4
6, 20.6
6, 20.8
6, 21
6, 21.2
6, 21.4
6, 21.6
6, 21.8
6, 22
6, 22.2
6, 22.4
6, 22.6
6, 22.8
6, 23
6, 23.2
6, 23.4
6, 23.6
6, 23.8
6, 24
6, 24.2
6, 24.4
6, 24.6
6, 24.8
6, 25
6, 25.2
6, 25.4
6, 25.6
6, 25.8
6, 26
6, 26.2
6, 26.4
6, 26.6
6, 26.8
6, 27
6, 27.2
6, 27.4
6, 27.6
6, 27.8
6, 28
6, 28.2
6, 28.4
6, 28.6
6, 28.8
6, 29
6, 29.2
6, 29.4
6, 29.6
6, 29.8
6, 30
6, 30.2
6, 30.4
6, 30.6
6, 30.8
6, 31
6, 31.2
6, 31.4
6, 31.6
6, 31.8
6, 32
6, 32.2
6, 32.4
6, 32.6
6, 32.8
6, 33
6, 33.2
6, 33.4
6, 33.6
6, 33.8
6, 34
6, 34.2
6, 34.4
6, 34.6
6, 34.8
6, 35
6, 35.2
6, 35.4
6, 35.6
6, 35.8
6, 36
6, 36.2
6, 36.4
6, 36.6
6, 36.8
6, 37
6, 37.2
6, 37.4
6, 37.6
6, 37.8
6, 38
6, 38.2
6, 38.4
6, 38.6
6, 38.8
6, 39
6, 39.2
6, 39.4
6, 39.6
6, 39.8
6, 40
6, 40.2
6, 40.4
6, 40.6
6, 40.8
6, 41
6, 41.2
6, 41.4
6, 41.6
6, 41.8
6, 42
6, 42.2
6, 42.4
6, 42.6
6, 42.8
6, 43
6, 43.2
6, 43.4
6, 43.6
6, 43.8
6, 44
6, 44.2
6, 44.4
6, 44.6
6, 44.8
6, 45
6, 45.2
6, 45.4
6, 45.6
6, 45.8
6, 46
6, 46.2
6, 46.4
6, 46.6
6, 46.8
6, 47
6, 47.2
6, 47.4
6, 47.6
6, 47.8
6, 48
6, 48.2
6, 48.4
6, 48.6
6, 48.8
6, 49
6, 49.2
6, 49.4
6, 49.6
6, 49.8
6, 50
6.2, 0.2
6.2, 0.4
6.2, 0.6
6.2, 0.8
6.2, 1
6.2, 1.2
6.2, 1.4
6.2, 1.6
6.2, 1.8
6.2, 2
6.2, 2.2
6.2, 2.4
6.2, 2.6
6.2, 2.8
6.2, 3
6.2, 3.2
6.2, 3.4
6.2, 3.6
6.2, 3.8
6.2, 4
6.2, 4.2
6.2, 4.4
6.2, 4.6
6.2, 4.8
6.2, 5
6.2, 5.2
6.2, 5.4
6.2, 5.6
6.2, 5.8
6.2, 6
6.2, 6.2
6.2, 6.4
6.2, 6.6
6.2, 6.8
6.2, 7
6.2, 7.2
6.2, 7.4
6.2, 7.6
6.2, 7.8
6.2, 8
6.2, 8.2
6.2, 8.4
6.2, 8.6
6.2, 8.8
6.2, 9
6.2, 9.2
6.2, 9.4
6.2, 9.6
6.2, 9.8
6.2, 10
6.2, 10.2
6.2, 10.4
6.2, 10.6
6.2, 10.8
6.2, 11
6.2, 11.2
6.2, 11.4
6.2, 11.6
6.2, 11.8
6.2, 12
6.2, 12.2
6.2, 12.4
6.2, 12.6
6.2, 12.8
6.2, 13
6.2, 13.2
6.2, 13.4
6.2, 13.6
6.2, 13.8
6.2, 14
6.2, 14.2
6.2, 14.4
6.2, 14.6
6.2, 14.8
6.2, 15
6.2, 15.2
6.2, 15.4
6.2, 15.6
6.2, 15.8
6.2, 16
6.2, 16.2
6.2, 16.4
6.2, 16.6
6.2, 16.8
6.2, 17
6.2, 17.2
6.2, 17.4
6.2, 17.6
6.2, 17.8
6.2, 18
6.2, 18.2
6.2, 18.4
6.2, 18.6
6.2, 18.8
6.2, 19
6.2, 19.2
6.2, 19.4
6.2, 19.6
6.2, 19.8
6.2, 20
6.2, 20.2
6.2, 20.4
6.2, 20.6
6.2, 20.8
6.2, 21
6.2, 21.2
6.2, 21.4
6.2, 21.6
6.2, 21.8
6.2, 22
6.2, 22.2
6.2, 22.4
6.2, 22.6
6.2, 22.8
6.2, 23
6.2, 23.2
6.2, 23.4
6.2, 23.6
6.2, 23.8
6.2, 24
6.2, 24.2
6.2, 24.4
6.2, 24.6
6.2, 24.8
6.2, 25
6.2, 25.2
6.2, 25.4
6.2, 25.6
6.2, 25.8
6.2, 26
6.2, 26.2
6.2, 26.4
6.2, 26.6
6.2, 26.8
6.2, 27
6.2, 27.2
6.2, 27.4
6.2, 27.6
6.2, 27.8
6.2, 28
6.2, 28.2
6.2, 28.4
6.2, 28.6
6.2, 28.8
6.2, 29
6.2, 29.2
6.2, 29.4
6.2, 29.6
6.2, 29.8
6.2, 30
6.2, 30.2
6.2, 30.4
6.2, 30.6
6.2, 30.8
6.2, 31
6.2, 31.2
6.2, 31.4
6.2, 31.6
6.2, 31.8
6.2, 32
6.2, 32.2
6.2, 32.4
6.2, 32.6
6.2, 32.8
6.2, 33
6.2, 33.2
6.2, 33.4
6.2, 33.6
6.2, 33.8
6.2, 34
6.2, 34.2
6.2, 34.4
6.2, 34.6
6.2, 34.8
6.2, 35
6.2, 35.2
6.2, 35.4
6.2, 35.6
6.2, 35.8
6.2, 36
6.2, 36.2
6.2, 36.4
6.2, 36.6
6.2, 36.8
6.2, 37
6.2, 37.2
6.2, 37.4
6.2, 37.6
6.2, 37.8
6.2, 38
6.2, 38.2
6.2, 38.4
6.2, 38.6
6.2, 38.8
6.2, 39
6.2, 39.2
6.2, 39.4
6.2, 39.6
6.2, 39.8
6.2, 40
6.2, 40.2
6.2, 40.4
6.2, 40.6
6.2, 40.8
6.2, 41
6.2, 41.2
6.2, 41.4
6.2, 41.6
6.2, 41.8
6.2, 42
6.2, 42.2
6.2, 42.4
6.2, 42.6
6.2, 42.8
6.2, 43
6.2, 43.2
6.2, 43.4
6.2, 43.6
6.2, 43.8
6.2, 44
6.2, 44.2
6.2, 44.4
6.2, 44.6
6.2, 44.8
6.2, 45
6.2, 45.2
6.2, 45.4
6.2, 45.6
6.2, 45.8
6.2, 46
6.2, 46.2
6.2, 46.4
6.2, 46.6
6.2, 46.8
6.2, 47
6.2, 47.2
6.2, 47.4
6.2, 47.6
6.2, 47.8
6.2, 48
6.2, 48.2
6.2, 48.4
6.2, 48.6
6.2, 48.8
6.2, 49
6.2, 49.2
6.2, 49.4
6.2, 49.6
6.2, 49.8
6.2, 50
6.4, 0.2
6.4, 0.4
6.4, 0.6
6.4, 0.8
6.4, 1
6.4, 1.2
6.4, 1.4
6.4, 1.6
6.4, 1.8
6.4, 2
6.4, 2.2
6.4, 2.4
6.4, 2.6
6.4, 2.8
6.4, 3
6.4, 3.2
6.4, 3.4
6.4, 3.6
6.4, 3.8
6.4, 4
6.4, 4.2
6.4, 4.4
6.4, 4.6
6.4, 4.8
6.4, 5
6.4, 5.2
6.4, 5.4
6.4, 5.6
6.4, 5.8
6.4, 6
6.4, 6.2
6.4, 6.4
6.4, 6.6
6.4, 6.8
6.4, 7
6.4, 7.2
6.4, 7.4
6.4, 7.6
6.4, 7.8
6.4, 8
6.4, 8.2
6.4, 8.4
6.4, 8.6
6.4, 8.8
6.4, 9
6.4, 9.2
6.4, 9.4
6.4, 9.6
6.4, 9.8
6.4, 10
6.4, 10.2
6.4, 10.4
6.4, 10.6
6.4, 10.8
6.4, 11
6.4, 11.2
6.4, 11.4
6.4, 11.6
6.4, 11.8
6.4, 12
6.4, 12.2
6.4, 12.4
6.4, 12.6
6.4, 12.8
6.4, 13
6.4, 13.2
6.4, 13.4
6.4, 13.6
6.4, 13.8
6.4, 14
6.4, 14.2
6.4, 14.4
6.4, 14.6
6.4, 14.8
6.4, 15
6.4, 15.2
6.4, 15.4
6.4, 15.6
6.4, 15.8
6.4, 16
6.4, 16.2
6.4, 16.4
6.4, 16.6
6.4, 16.8
6.4, 17
6.4, 17.2
6.4, 17.4
6.4, 17.6
6.4, 17.8
6.4, 18
6.4, 18.2
6.4, 18.4
6.4, 18.6
6.4, 18.8
6.4, 19
6.4, 19.2
6.4, 19.4
6.4, 19.6
6.4, 19.8
6.4, 20
6.4, 20.2
6.4, 20.4
6.4, 20.6
6.4, 20.8
6.4, 21
6.4, 21.2
6.4, 21.4
6.4, 21.6
6.4, 21.8
6.4, 22
6.4, 22.2
6.4, 22.4
6.4, 22.6
6.4, 22.8
6.4, 23
6.4, 23.2
6.4, 23.4
6.4, 23.6
6.4, 23.8
6.4, 24
6.4, 24.2
6.4, 24.4
6.4, 24.6
6.4, 24.8
6.4, 25
6.4, 25.2
6.4, 25.4
6.4, 25.6
6.4, 25.8
6.4, 26
6.4, 26.2
6.4, 26.4
6.4, 26.6
6.4, 26.8
6.4, 27
6.4, 27.2
6.4, 27.4
6.4, 27.6
6.4, 27.8
6.4, 28
6.4, 28.2
6.4, 28.4
6.4, 28.6
6.4, 28.8
6.4, 29
6.4, 29.2
6.4, 29.4
6.4, 29.6
6.4, 29.8
6.4, 30
6.4, 30.2
6.4, 30.4
6.4, 30.6
6.4, 30.8
6.4, 31
6.4, 31.2
6.4, 31.4
6.4, 31.6
6.4, 31.8
6.4, 32
6.4, 32.2
6.4, 32.4
6.4, 32.6
6.4, 32.8
6.4, 33
6.4, 33.2
6.4, 33.4
6.4, 33.6
6.4, 33.8
6.4, 34
6.4, 34.2
6.4, 34.4
6.4, 34.6
6.4, 34.8
6.4, 35
6.4, 35.2
6.4, 35.4
6.4, 35.6
6.4, 35.8
6.4, 36
6.4, 36.2
6.4, 36.4
6.4, 36.6
6.4, 36.8
6.4, 37
6.4, 37.2
6.4, 37.4
6.4, 37.6
6.4, 37.8
6.4, 38
6.4, 38.2
6.4, 38.4
6.4, 38.6
6.4, 38.8
6.4, 39
6.4, 39.2
6.4, 39.4
6.4, 39.6
6.4, 39.8
6.4, 40
6.4, 40.2
6.4, 40.4
6.4, 40.6
6.4, 40.8
6.4, 41
6.4, 41.2
6.4, 41.4
6.4, 41.6
6.4, 41.8
6.4, 42
6.4, 42.2
6.4, 42.4
6.4, 42.6
6.4, 42.8
6.4, 43
6.4, 43.2
6.4, 43.4
6.4, 43.6
6.4, 43.8
6.4, 44
6.4, 44.2
6.4, 44.4
6.4, 44.6
6.4, 44.8
6.4, 45
6.4, 45.2
6.4, 45.4
6.4, 45.6
6.4, 45.8
6.4, 46
6.4, 46.2
6.4, 46.4
6.4, 46.6
6.4, 46.8
6.4, 47
6.4, 47.2
6.4, 47.4
6.4, 47.6
6.4, 47.8
6.4, 48
6.4, 48.2
6.4, 48.4
6.4, 48.6
6.4, 48.8
6.4, 49
6.4, 49.2
6.4, 49.4
6.4, 49.6
6.4, 49.8
6.4, 50
6.6, 0.2
6.6, 0.4
6.6, 0.6
6.6, 0.8
6.6, 1
6.6, 1.2
6.6, 1.4
6.6, 1.6
6.6, 1.8
6.6, 2
6.6, 2.2
6.6, 2.4
6.6, 2.6
6.6, 2.8
6.6, 3
6.6, 3.2
6.6, 3.4
6.6, 3.6
6.6, 3.8
6.6, 4
6.6, 4.2
6.6, 4.4
6.6, 4.6
6.6, 4.8
6.6, 5
6.6, 5.2
6.6, 5.4
6.6, 5.6
6.6, 5.8
6.6, 6
6.6, 6.2
6.6, 6.4
6.6, 6.6
6.6, 6.8
6.6, 7
6.6, 7.2
6.6, 7.4
6.6, 7.6
6.6, 7.8
6.6, 8
6.6, 8.2
6.6, 8.4
6.6, 8.6
6.6, 8.8
6.6, 9
6.6, 9.2
6.6, 9.4
6.6, 9.6
6.6, 9.8
6.6, 10
6.6, 10.2
6.6, 10.4
6.6, 10.6
6.6, 10.8
6.6, 11
6.6, 11.2
6.6, 11.4
6.6, 11.6
6.6, 11.8
6.6, 12
6.6, 12.2
6.6, 12.4
6.6, 12.6
6.6, 12.8
6.6, 13
6.6, 13.2
6.6, 13.4
6.6, 13.6
6.6, 13.8
6.6, 14
6.6, 14.2
6.6, 14.4
6.6, 14.6
6.6, 14.8
6.6, 15
6.6, 15.2
6.6, 15.4
6.6, 15.6
6.6, 15.8
6.6, 16
6.6, 16.2
6.6, 16.4
6.6, 16.6
6.6, 16.8
6.6, 17
6.6, 17.2
6.6, 17.4
6.6, 17.6
6.6, 17.8
6.6, 18
6.6, 18.2
6.6, 18.4
6.6, 18.6
6.6, 18.8
6.6, 19
6.6, 19.2
6.6, 19.4
6.6, 19.6
6.6, 19.8
6.6, 20
6.6, 20.2
6.6, 20.4
6.6, 20.6
6.6, 20.8
6.6, 21
6.6, 21.2
6.6, 21.4
6.6, 21.6
6.6, 21.8
6.6, 22
6.6, 22.2
6.6, 22.4
6.6, 22.6
6.6, 22.8
6.6, 23
6.6, 23.2
6.6, 23.4
6.6, 23.6
6.6, 23.8
6.6, 24
6.6, 24.2
6.6, 24.4
6.6, 24.6
6.6, 24.8
6.6, 25
6.6, 25.2
6.6, 25.4
6.6, 25.6
6.6, 25.8
6.6, 26
6.6, 26.2
6.6, 26.4
6.6, 26.6
6.6, 26.8
6.6, 27
6.6, 27.2
6.6, 27.4
6.6, 27.6
6.6, 27.8
6.6, 28
6.6, 28.2
6.6, 28.4
6.6, 28.6
6.6, 28.8
6.6, 29
6.6, 29.2
6.6, 29.4
6.6, 29.6
6.6, 29.8
6.6, 30
6.6, 30.2
6.6, 30.4
6.6, 30.6
6.6, 30.8
6.6, 31
6.6, 31.2
6.6, 31.4
6.6, 31.6
6.6, 31.8
6.6, 32
6.6, 32.2
6.6, 32.4
6.6, 32.6
6.6, 32.8
6.6, 33
6.6, 33.2
6.6, 33.4
6.6, 33.6
6.6, 33.8
6.6, 34
6.6, 34.2
6.6, 34.4
6.6, 34.6
6.6, 34.8
6.6, 35
6.6, 35.2
6.6, 35.4
6.6, 35.6
6.6, 35.8
6.6, 36
6.6, 36.2
6.6, 36.4
6.6, 36.6
6.6, 36.8
6.6, 37
6.6, 37.2
6.6, 37.4
6.6, 37.6
6.6, 37.8
6.6, 38
6.6, 38.2
6.6, 38.4
6.6, 38.6
6.6, 38.8
6.6, 39
6.6, 39.2
6.6, 39.4
6.6, 39.6
6.6, 39.8
6.6, 40
6.6, 40.2
6.6, 40.4
6.6, 40.6
6.6, 40.8
6.6, 41
6.6, 41.2
6.6, 41.4
6.6, 41.6
6.6, 41.8
6.6, 42
6.6, 42.2
6.6, 42.4
6.6, 42.6
6.6, 42.8
6.6, 43
6.6, 43.2
6.6, 43.4
6.6, 43.6
6.6, 43.8
6.6, 44
6.6, 44.2
6.6, 44.4
6.6, 44.6
6.6, 44.8
6.6, 45
6.6, 45.2
6.6, 45.4
6.6, 45.6
6.6, 45.8
6.6, 46
6.6, 46.2
6.6, 46.4
6.6, 46.6
6.6, 46.8
6.6, 47
6.6, 47.2
6.6, 47.4
6.6, 47.6
6.6, 47.8
6.6, 48
6.6, 48.2
6.6, 48.4
6.6, 48.6
6.6, 48.8
6.6, 49
6.6, 49.2
6.6, 49.4
6.6, 49.6
6.6, 49.8
6.6, 50
6.8, 0.2
6.8, 0.4
6.8, 0.6
6.8, 0.8
6.8, 1
6.8, 1.2
6.8, 1.4
6.8, 1.6
6.8, 1.8
6.8, 2
6.8, 2.2
6.8, 2.4
6.8, 2.6
6.8, 2.8
6.8, 3
6.8, 3.2
6.8, 3.4
6.8, 3.6
6.8, 3.8
6.8, 4
6.8, 4.2
6.8, 4.4
6.8, 4.6
6.8, 4.8
6.8, 5
6.8, 5.2
6.8, 5.4
6.8, 5.6
6.8, 5.8
6.8, 6
6.8, 6.2
6.8, 6.4
6.8, 6.6
6.8, 6.8
6.8, 7
6.8, 7.2
6.8, 7.4
6.8, 7.6
6.8, 7.8
6.8, 8
6.8, 8.2
6.8, 8.4
6.8, 8.6
6.8, 8.8
6.8, 9
6.8, 9.2
6.8, 9.4
6.8, 9.6
6.8, 9.8
6.8, 10
6.8, 10.2
6.8, 10.4
6.8, 10.6
6.8, 10.8
6.8, 11
6.8, 11.2
6.8, 11.4
6.8, 11.6
6.8, 11.8
6.8, 12
6.8, 12.2
6.8, 12.4
6.8, 12.6
6.8, 12.8
6.8, 13
6.8, 13.2
6.8, 13.4
6.8, 13.6
6.8, 13.8
6.8, 14
6.8, 14.2
6.8, 14.4
6.8, 14.6
6.8, 14.8
6.8, 15
6.8, 15.2
6.8, 15.4
6.8, 15.6
6.8, 15.8
6.8, 16
6.8, 16.2
6.8, 16.4
6.8, 16.6
6.8, 16.8
6.8, 17
6.8, 17.2
6.8, 17.4
6.8, 17.6
6.8, 17.8
6.8, 18
6.8, 18.2
6.8, 18.4
6.8, 18.6
6.8, 18.8
6.8, 19
6.8, 19.2
6.8, 19.4
6.8, 19.6
6.8, 19.8
6.8, 20
6.8, 20.2
6.8, 20.4
6.8, 20.6
6.8, 20.8
6.8, 21
6.8, 21.2
6.8, 21.4
6.8, 21.6
6.8, 21.8
6.8, 22
6.8, 22.2
6.8, 22.4
6.8, 22.6
6.8, 22.8
6.8, 23
6.8, 23.2
6.8, 23.4
6.8, 23.6
6.8, 23.8
6.8, 24
6.8, 24.2
6.8, 24.4
6.8, 24.6
6.8, 24.8
6.8, 25
6.8, 25.2
6.8, 25.4
6.8, 25.6
6.8, 25.8
6.8, 26
6.8, 26.2
6.8, 26.4
6.8, 26.6
6.8, 26.8
6.8, 27
6.8, 27.2
6.8, 27.4
6.8, 27.6
6.8, 27.8
6.8, 28
6.8, 28.2
6.8, 28.4
6.8, 28.6
6.8, 28.8
6.8, 29
6.8, 29.2
6.8, 29.4
6.8, 29.6
6.8, 29.8
6.8, 30
6.8, 30.2
6.8, 30.4
6.8, 30.6
6.8, 30.8
6.8, 31
6.8, 31.2
6.8, 31.4
6.8, 31.6
6.8, 31.8
6.8, 32
6.8, 32.2
6.8, 32.4
6.8, 32.6
6.8, 32.8
6.8, 33
6.8, 33.2
6.8, 33.4
6.8, 33.6
6.8, 33.8
6.8, 34
6.8, 34.2
6.8, 34.4
6.8, 34.6
6.8, 34.8
6.8, 35
6.8, 35.2
6.8, 35.4
6.8, 35.6
6.8, 35.8
6.8, 36
6.8, 36.2
6.8, 36.4
6.8, 36.6
6.8, 36.8
6.8, 37
6.8, 37.2
6.8, 37.4
6.8, 37.6
6.8, 37.8
6.8, 38
6.8, 38.2
6.8, 38.4
6.8, 38.6
6.8, 38.8
6.8, 39
6.8, 39.2
6.8, 39.4
6.8, 39.6
6.8, 39.8
6.8, 40
6.8, 40.2
6.8, 40.4
6.8, 40.6
6.8, 40.8
6.8, 41
6.8, 41.2
6.8, 41.4
6.8, 41.6
6.8, 41.8
6.8, 42
6.8, 42.2
6.8, 42.4
6.8, 42.6
6.8, 42.8
6.8, 43
6.8, 43.2
6.8, 43.4
6.8, 43.6
6.8, 43.8
6.8, 44
6.8, 44.2
6.8, 44.4
6.8, 44.6
6.8, 44.8
6.8, 45
6.8, 45.2
6.8, 45.4
6.8, 45.6
6.8, 45.8
6.8, 46
6.8, 46.2
6.8, 46.4
6.8, 46.6
6.8, 46.8
6.8, 47
6.8, 47.2
6.8, 47.4
6.8, 47.6
6.8, 47.8
6.8, 48
6.8, 48.2
6.8, 48.4
6.8, 48.6
6.8, 48.8
6.8, 49
6.8, 49.2
6.8, 49.4
6.8, 49.6
6.8, 49.8
6.8, 50
7, 0.2
7, 0.4
7, 0.6
7, 0.8
7, 1
7, 1.2
7, 1.4
7, 1.6
7, 1.8
7, 2
7, 2.2
7, 2.4
7, 2.6
7, 2.8
7, 3
7, 3.2
7, 3.4
7, 3.6
7, 3.8
7, 4
7, 4.2
7, 4.4
7, 4.6
7, 4.8
7, 5
7, 5.2
7, 5.4
7, 5.6
7, 5.8
7, 6
7, 6.2
7, 6.4
7, 6.6
7, 6.8
7, 7
7, 7.2
7, 7.4
7, 7.6
7, 7.8
7, 8
7, 8.2
7, 8.4
7, 8.6
7, 8.8
7, 9
7, 9.2
7, 9.4
7, 9.6
7, 9.8
7, 10
7, 10.2
7, 10.4
7, 10.6
7, 10.8
7, 11
7, 11.2
7, 11.4
7, 11.6
7, 11.8
7, 12
7, 12.2
7, 12.4
7, 12.6
7, 12.8
7, 13
7, 13.2
7, 13.4
7, 13.6
7, 13.8
7, 14
7, 14.2
7, 14.4
7, 14.6
7, 14.8
7, 15
7, 15.2
7, 15.4
7, 15.6
7, 15.8
7, 16
7, 16.2
7, 16.4
7, 16.6
7, 16.8
7, 17
7, 17.2
7, 17.4
7, 17.6
7, 17.8
7, 18
7, 18.2
7, 18.4
7, 18.6
7, 18.8
7, 19
7, 19.2
7, 19.4
7, 19.6
7, 19.8
7, 20
7, 20.2
7, 20.4
7, 20.6
7, 20.8
7, 21
7, 21.2
7, 21.4
7, 21.6
7, 21.8
7, 22
7, 22.2
7, 22.4
7, 22.6
7, 22.8
7, 23
7, 23.2
7, 23.4
7, 23.6
7, 23.8
7, 24
7, 24.2
7, 24.4
7, 24.6
7, 24.8
7, 25
7, 25.2
7, 25.4
7, 25.6
7, 25.8
7, 26
7, 26.2
7, 26.4
7, 26.6
7, 26.8
7, 27
7, 27.2
7, 27.4
7, 27.6
7, 27.8
7, 28
7, 28.2
7, 28.4
7, 28.6
7, 28.8
7, 29
7, 29.2
7, 29.4
7, 29.6
7, 29.8
7, 30
7, 30.2
7, 30.4
7, 30.6
7, 30.8
7, 31
7, 31.2
7, 31.4
7, 31.6
7, 31.8
7, 32
7, 32.2
7, 32.4
7, 32.6
7, 32.8
7, 33
7, 33.2
7, 33.4
7, 33.6
7, 33.8
7, 34
7, 34.2
7, 34.4
7, 34.6
7, 34.8
7, 35
7, 35.2
7, 35.4
7, 35.6
7, 35.8
7, 36
7, 36.2
7, 36.4
7, 36.6
7, 36.8
7, 37
7, 37.2
7, 37.4
7, 37.6
7, 37.8
7, 38
7, 38.2
7, 38.4
7, 38.6
7, 38.8
7, 39
7, 39.2
7, 39.4
7, 39.6
7, 39.8
7, 40
7, 40.2
7, 40.4
7, 40.6
7, 40.8
7, 41
7, 41.2
7, 41.4
7, 41.6
7, 41.8
7, 42
7, 42.2
7, 42.4
7, 42.6
7, 42.8
7, 43
7, 43.2
7, 43.4
7, 43.6
7, 43.8
7, 44
7, 44.2
7, 44.4
7, 44.6
7, 44.8
7, 45
7, 45.2
7, 45.4
7, 45.6
7, 45.8
7, 46
7, 46.2
7, 46.4
7, 46.6
7, 46.8
7, 47
7, 47.2
7, 47.4
7, 47.6
7, 47.8
7, 48
7, 48.2
7, 48.4
7, 48.6
7, 48.8
7, 49
7, 49.2
7, 49.4
7, 49.6
7, 49.8
7, 50
7.2, 0.2
7.2, 0.4
7.2, 0.6
7.2, 0.8
7.2, 1
7.2, 1.2
7.2, 1.4
7.2, 1.6
7.2, 1.8
7.2, 2
7.2, 2.2
7.2, 2.4
7.2, 2.6
7.2, 2.8
7.2, 3
7.2, 3.2
7.2, 3.4
7.2, 3.6
7.2, 3.8
7.2, 4
7.2, 4.2
7.2, 4.4
7.2, 4.6
7.2, 4.8
7.2, 5
7.2, 5.2
7.2, 5.4
7.2, 5.6
7.2, 5.8
7.2, 6
7.2, 6.2
7.2, 6.4
7.2, 6.6
7.2, 6.8
7.2, 7
7.2, 7.2
7.2, 7.4
7.2, 7.6
7.2, 7.8
7.2, 8
7.2, 8.2
7.2, 8.4
7.2, 8.6
7.2, 8.8
7.2, 9
7.2, 9.2
7.2, 9.4
7.2, 9.6
7.2, 9.8
7.2, 10
7.2, 10.2
7.2, 10.4
7.2, 10.6
7.2, 10.8
7.2, 11
7.2, 11.2
7.2, 11.4
7.2, 11.6
7.2, 11.8
7.2, 12
7.2, 12.2
7.2, 12.4
7.2, 12.6
7.2, 12.8
7.2, 13
7.2, 13.2
7.2, 13.4
7.2, 13.6
7.2, 13.8
7.2, 14
7.2, 14.2
7.2, 14.4
7.2, 14.6
7.2, 14.8
7.2, 15
7.2, 15.2
7.2, 15.4
7.2, 15.6
7.2, 15.8
7.2, 16
7.2, 16.2
7.2, 16.4
7.2, 16.6
7.2, 16.8
7.2, 17
7.2, 17.2
7.2, 17.4
7.2, 17.6
7.2, 17.8
7.2, 18
7.2, 18.2
7.2, 18.4
7.2, 18.6
7.2, 18.8
7.2, 19
7.2, 19.2
7.2, 19.4
7.2, 19.6
7.2, 19.8
7.2, 20
7.2, 20.2
7.2, 20.4
7.2, 20.6
7.2, 20.8
7.2, 21
7.2, 21.2
7.2, 21.4
7.2, 21.6
7.2, 21.8
7.2, 22
7.2, 22.2
7.2, 22.4
7.2, 22.6
7.2, 22.8
7.2, 23
7.2, 23.2
7.2, 23.4
7.2, 23.6
7.2, 23.8
7.2, 24
7.2, 24.2
7.2, 24.4
7.2, 24.6
7.2, 24.8
7.2, 25
7.2, 25.2
7.2, 25.4
7.2, 25.6
7.2, 25.8
7.2, 26
7.2, 26.2
7.2, 26.4
7.2, 26.6
7.2, 26.8
7.2, 27
7.2, 27.2
7.2, 27.4
7.2, 27.6
7.2, 27.8
7.2, 28
7.2, 28.2
7.2, 28.4
7.2, 28.6
7.2, 28.8
7.2, 29
7.2, 29.2
7.2, 29.4
7.2, 29.6
7.2, 29.8
7.2, 30
7.2, 30.2
7.2, 30.4
7.2, 30.6
7.2, 30.8
7.2, 31
7.2, 31.2
7.2, 31.4
7.2, 31.6
7.2, 31.8
7.2, 32
7.2, 32.2
7.2, 32.4
7.2, 32.6
7.2, 32.8
7.2, 33
7.2, 33.2
7.2, 33.4
7.2, 33.6
7.2, 33.8
7.2, 34
7.2, 34.2
7.2, 34.4
7.2, 34.6
7.2, 34.8
7.2, 35
7.2, 35.2
7.2, 35.4
7.2, 35.6
7.2, 35.8
7.2, 36
7.2, 36.2
7.2, 36.4
7.2, 36.6
7.2, 36.8
7.2, 37
7.2, 37.2
7.2, 37.4
7.2, 37.6
7.2, 37.8
7.2, 38
7.2, 38.2
7.2, 38.4
7.2, 38.6
7.2, 38.8
7.2, 39
7.2, 39.2
7.2, 39.4
7.2, 39.6
7.2, 39.8
7.2, 40
7.2, 40.2
7.2, 40.4
7.2, 40.6
7.2, 40.8
7.2, 41
7.2, 41.2
7.2, 41.4
7.2, 41.6
7.2, 41.8
7.2, 42
7.2, 42.2
7.2, 42.4
7.2, 42.6
7.2, 42.8
7.2, 43
7.2, 43.2
7.2, 43.4
7.2, 43.6
7.2, 43.8
7.2, 44
7.2, 44.2
7.2, 44.4
7.2, 44.6
7.2, 44.8
7.2, 45
7.2, 45.2
7.2, 45.4
7.2, 45.6
7.2, 45.8
7.2, 46
7.2, 46.2
7.2, 46.4
7.2, 46.6
7.2, 46.8
7.2, 47
7.2, 47.2
7.2, 47.4
7.2, 47.6
7.2, 47.8
7.2, 48
7.2, 48.2
7.2, 48.4
7.2, 48.6
7.2, 48.8
7.2, 49
7.2, 49.2
7.2, 49.4
7.2, 49.6
7.2, 49.8
7.2, 50
7.4, 0.2
7.4, 0.4
7.4, 0.6
7.4, 0.8
7.4, 1
7.4, 1.2
7.4, 1.4
7.4, 1.6
7.4, 1.8
7.4, 2
7.4, 2.2
7.4, 2.4
7.4, 2.6
7.4, 2.8
7.4, 3
7.4, 3.2
7.4, 3.4
7.4, 3.6
7.4, 3.8
7.4, 4
7.4, 4.2
7.4, 4.4
7.4, 4.6
7.4, 4.8
7.4, 5
7.4, 5.2
7.4, 5.4
7.4, 5.6
7.4, 5.8
7.4, 6
7.4, 6.2
7.4, 6.4
7.4, 6.6
7.4, 6.8
7.4, 7
7.4, 7.2
7.4, 7.4
7.4, 7.6
7.4, 7.8
7.4, 8
7.4, 8.2
7.4, 8.4
7.4, 8.6
7.4, 8.8
7.4, 9
7.4, 9.2
7.4, 9.4
7.4, 9.6
7.4, 9.8
7.4, 10
7.4, 10.2
7.4, 10.4
7.4, 10.6
7.4, 10.8
7.4, 11
7.4, 11.2
7.4, 11.4
7.4, 11.6
7.4, 11.8
7.4, 12
7.4, 12.2
7.4, 12.4
7.4, 12.6
7.4, 12.8
7.4, 13
7.4, 13.2
7.4, 13.4
7.4, 13.6
7.4, 13.8
7.4, 14
7.4, 14.2
7.4, 14.4
7.4, 14.6
7.4, 14.8
7.4, 15
7.4, 15.2
7.4, 15.4
7.4, 15.6
7.4, 15.8
7.4, 16
7.4, 16.2
7.4, 16.4
7.4, 16.6
7.4, 16.8
7.4, 17
7.4, 17.2
7.4, 17.4
7.4, 17.6
7.4, 17.8
7.4, 18
7.4, 18.2
7.4, 18.4
7.4, 18.6
7.4, 18.8
7.4, 19
7.4, 19.2
7.4, 19.4
7.4, 19.6
7.4, 19.8
7.4, 20
7.4, 20.2
7.4, 20.4
7.4, 20.6
7.4, 20.8
7.4, 21
7.4, 21.2
7.4, 21.4
7.4, 21.6
7.4, 21.8
7.4, 22
7.4, 22.2
7.4, 22.4
7.4, 22.6
7.4, 22.8
7.4, 23
7.4, 23.2
7.4, 23.4
7.4, 23.6
7.4, 23.8
7.4, 24
7.4, 24.2
7.4, 24.4
7.4, 24.6
7.4, 24.8
7.4, 25
7.4, 25.2
7.4, 25.4
7.4, 25.6
7.4, 25.8
7.4, 26
7.4, 26.2
7.4, 26.4
7.4, 26.6
7.4, 26.8
7.4, 27
7.4, 27.2
7.4, 27.4
7.4, 27.6
7.4, 27.8
7.4, 28
7.4, 28.2
7.4, 28.4
7.4, 28.6
7.4, 28.8
7.4, 29
7.4, 29.2
7.4, 29.4
7.4, 29.6
7.4, 29.8
7.4, 30
7.4, 30.2
7.4, 30.4
7.4, 30.6
7.4, 30.8
7.4, 31
7.4, 31.2
7.4, 31.4
7.4, 31.6
7.4, 31.8
7.4, 32
7.4, 32.2
7.4, 32.4
7.4, 32.6
7.4, 32.8
7.4, 33
7.4, 33.2
7.4, 33.4
7.4, 33.6
7.4, 33.8
7.4, 34
7.4, 34.2
7.4, 34.4
7.4, 34.6
7.4, 34.8
7.4, 35
7.4, 35.2
7.4, 35.4
7.4, 35.6
7.4, 35.8
7.4, 36
7.4, 36.2
7.4, 36.4
7.4, 36.6
7.4, 36.8
7.4, 37
7.4, 37.2
7.4, 37.4
7.4, 37.6
7.4, 37.8
7.4, 38
7.4, 38.2
7.4, 38.4
7.4, 38.6
7.4, 38.8
7.4, 39
7.4, 39.2
7.4, 39.4
7.4, 39.6
7.4, 39.8
7.4, 40
7.4, 40.2
7.4, 40.4
7.4, 40.6
7.4, 40.8
7.4, 41
7.4, 41.2
7.4, 41.4
7.4, 41.6
7.4, 41.8
7.4, 42
7.4, 42.2
7.4, 42.4
7.4, 42.6
7.4, 42.8
7.4, 43
7.4, 43.2
7.4, 43.4
7.4, 43.6
7.4, 43.8
7.4, 44
7.4, 44.2
7.4, 44.4
7.4, 44.6
7.4, 44.8
7.4, 45
7.4, 45.2
7.4, 45.4
7.4, 45.6
7.4, 45.8
7.4, 46
7.4, 46.2
7.4, 46.4
7.4, 46.6
7.4, 46.8
7.4, 47
7.4, 47.2
7.4, 47.4
7.4, 47.6
7.4, 47.8
7.4, 48
7.4, 48.2
7.4, 48.4
7.4, 48.6
7.4, 48.8
7.4, 49
7.4, 49.2
7.4, 49.4
7.4, 49.6
7.4, 49.8
7.4, 50
7.6, 0.2
7.6, 0.4
7.6, 0.6
7.6, 0.8
7.6, 1
7.6, 1.2
7.6, 1.4
7.6, 1.6
7.6, 1.8
7.6, 2
7.6, 2.2
7.6, 2.4
7.6, 2.6
7.6, 2.8
7.6, 3
7.6, 3.2
7.6, 3.4
7.6, 3.6
7.6, 3.8
7.6, 4
7.6, 4.2
7.6, 4.4
7.6, 4.6
7.6, 4.8
7.6, 5
7.6, 5.2
7.6, 5.4
7.6, 5.6
7.6, 5.8
7.6, 6
7.6, 6.2
7.6, 6.4
7.6, 6.6
7.6, 6.8
7.6, 7
7.6, 7.2
7.6, 7.4
7.6, 7.6
7.6, 7.8
7.6, 8
7.6, 8.2
7.6, 8.4
7.6, 8.6
7.6, 8.8
7.6, 9
7.6, 9.2
7.6, 9.4
7.6, 9.6
7.6, 9.8
7.6, 10
7.6, 10.2
7.6, 10.4
7.6, 10.6
7.6, 10.8
7.6, 11
7.6, 11.2
7.6, 11.4
7.6, 11.6
7.6, 11.8
7.6, 12
7.6, 12.2
7.6, 12.4
7.6, 12.6
7.6, 12.8
7.6, 13
7.6, 13.2
7.6, 13.4
7.6, 13.6
7.6, 13.8
7.6, 14
7.6, 14.2
7.6, 14.4
7.6, 14.6
7.6, 14.8
7.6, 15
7.6, 15.2
7.6, 15.4
7.6, 15.6
7.6, 15.8
7.6, 16
7.6, 16.2
7.6, 16.4
7.6, 16.6
7.6, 16.8
7.6, 17
7.6, 17.2
7.6, 17.4
7.6, 17.6
7.6, 17.8
7.6, 18
7.6, 18.2
7.6, 18.4
7.6, 18.6
7.6, 18.8
7.6, 19
7.6, 19.2
7.6, 19.4
7.6, 19.6
7.6, 19.8
7.6, 20
7.6, 20.2
7.6, 20.4
7.6, 20.6
7.6, 20.8
7.6, 21
7.6, 21.2
7.6, 21.4
7.6, 21.6
7.6, 21.8
7.6, 22
7.6, 22.2
7.6, 22.4
7.6, 22.6
7.6, 22.8
7.6, 23
7.6, 23.2
7.6, 23.4
7.6, 23.6
7.6, 23.8
7.6, 24
7.6, 24.2
7.6, 24.4
7.6, 24.6
7.6, 24.8
7.6, 25
7.6, 25.2
7.6, 25.4
7.6, 25.6
7.6, 25.8
7.6, 26
7.6, 26.2
7.6, 26.4
7.6, 26.6
7.6, 26.8
7.6, 27
7.6, 27.2
7.6, 27.4
7.6, 27.6
7.6, 27.8
7.6, 28
7.6, 28.2
7.6, 28.4
7.6, 28.6
7.6, 28.8
7.6, 29
7.6, 29.2
7.6, 29.4
7.6, 29.6
7.6, 29.8
7.6, 30
7.6, 30.2
7.6, 30.4
7.6, 30.6
7.6, 30.8
7.6, 31
7.6, 31.2
7.6, 31.4
7.6, 31.6
7.6, 31.8
7.6, 32
7.6, 32.2
7.6, 32.4
7.6, 32.6
7.6, 32.8
7.6, 33
7.6, 33.2
7.6, 33.4
7.6, 33.6
7.6, 33.8
7.6, 34
7.6, 34.2
7.6, 34.4
7.6, 34.6
7.6, 34.8
7.6, 35
7.6, 35.2
7.6, 35.4
7.6, 35.6
7.6, 35.8
7.6, 36
7.6, 36.2
7.6, 36.4
7.6, 36.6
7.6, 36.8
7.6, 37
7.6, 37.2
7.6, 37.4
7.6, 37.6
7.6, 37.8
7.6, 38
7.6, 38.2
7.6, 38.4
7.6, 38.6
7.6, 38.8
7.6, 39
7.6, 39.2
7.6, 39.4
7.6, 39.6
7.6, 39.8
7.6, 40
7.6, 40.2
7.6, 40.4
7.6, 40.6
7.6, 40.8
7.6, 41
7.6, 41.2
7.6, 41.4
7.6, 41.6
7.6, 41.8
7.6, 42
7.6, 42.2
7.6, 42.4
7.6, 42.6
7.6, 42.8
7.6, 43
7.6, 43.2
7.6, 43.4
7.6, 43.6
7.6, 43.8
7.6, 44
7.6, 44.2
7.6, 44.4
7.6, 44.6
7.6, 44.8
7.6, 45
7.6, 45.2
7.6, 45.4
7.6, 45.6
7.6, 45.8
7.6, 46
7.6, 46.2
7.6, 46.4
7.6, 46.6
7.6, 46.8
7.6, 47
7.6, 47.2
7.6, 47.4
7.6, 47.6
7.6, 47.8
7.6, 48
7.6, 48.2
7.6, 48.4
7.6, 48.6
7.6, 48.8
7.6, 49
7.6, 49.2
7.6, 49.4
7.6, 49.6
7.6, 49.8
7.6, 50
7.8, 0.2
7.8, 0.4
7.8, 0.6
7.8, 0.8
7.8, 1
7.8, 1.2
7.8, 1.4
7.8, 1.6
7.8, 1.8
7.8, 2
7.8, 2.2
7.8, 2.4
7.8, 2.6
7.8, 2.8
7.8, 3
7.8, 3.2
7.8, 3.4
7.8, 3.6
7.8, 3.8
7.8, 4
7.8, 4.2
7.8, 4.4
7.8, 4.6
7.8, 4.8
7.8, 5
7.8, 5.2
7.8, 5.4
7.8, 5.6
7.8, 5.8
7.8, 6
7.8, 6.2
7.8, 6.4
7.8, 6.6
7.8, 6.8
7.8, 7
7.8, 7.2
7.8, 7.4
7.8, 7.6
7.8, 7.8
7.8, 8
7.8, 8.2
7.8, 8.4
7.8, 8.6
7.8, 8.8
7.8, 9
7.8, 9.2
7.8, 9.4
7.8, 9.6
7.8, 9.8
7.8, 10
7.8, 10.2
7.8, 10.4
7.8, 10.6
7.8, 10.8
7.8, 11
7.8, 11.2
7.8, 11.4
7.8, 11.6
7.8, 11.8
7.8, 12
7.8, 12.2
7.8, 12.4
7.8, 12.6
7.8, 12.8
7.8, 13
7.8, 13.2
7.8, 13.4
7.8, 13.6
7.8, 13.8
7.8, 14
7.8, 14.2
7.8, 14.4
7.8, 14.6
7.8, 14.8
7.8, 15
7.8, 15.2
7.8, 15.4
7.8, 15.6
7.8, 15.8
7.8, 16
7.8, 16.2
7.8, 16.4
7.8, 16.6
7.8, 16.8
7.8, 17
7.8, 17.2
7.8, 17.4
7.8, 17.6
7.8, 17.8
7.8, 18
7.8, 18.2
7.8, 18.4
7.8, 18.6
7.8, 18.8
7.8, 19
7.8, 19.2
7.8, 19.4
7.8, 19.6
7.8, 19.8
7.8, 20
7.8, 20.2
7.8, 20.4
7.8, 20.6
7.8, 20.8
7.8, 21
7.8, 21.2
7.8, 21.4
7.8, 21.6
7.8, 21.8
7.8, 22
7.8, 22.2
7.8, 22.4
7.8, 22.6
7.8, 22.8
7.8, 23
7.8, 23.2
7.8, 23.4
7.8, 23.6
7.8, 23.8
7.8, 24
7.8, 24.2
7.8, 24.4
7.8, 24.6
7.8, 24.8
7.8, 25
7.8, 25.2
7.8, 25.4
7.8, 25.6
7.8, 25.8
7.8, 26
7.8, 26.2
7.8, 26.4
7.8, 26.6
7.8, 26.8
7.8, 27
7.8, 27.2
7.8, 27.4
7.8, 27.6
7.8, 27.8
7.8, 28
7.8, 28.2
7.8, 28.4
7.8, 28.6
7.8, 28.8
7.8, 29
7.8, 29.2
7.8, 29.4
7.8, 29.6
7.8, 29.8
7.8, 30
7.8, 30.2
7.8, 30.4
7.8, 30.6
7.8, 30.8
7.8, 31
7.8, 31.2
7.8, 31.4
7.8, 31.6
7.8, 31.8
7.8, 32
7.8, 32.2
7.8, 32.4
7.8, 32.6
7.8, 32.8
7.8, 33
7.8, 33.2
7.8, 33.4
7.8, 33.6
7.8, 33.8
7.8, 34
7.8, 34.2
7.8, 34.4
7.8, 34.6
7.8, 34.8
7.8, 35
7.8, 35.2
7.8, 35.4
7.8, 35.6
7.8, 35.8
7.8, 36
7.8, 36.2
7.8, 36.4
7.8, 36.6
7.8, 36.8
7.8, 37
7.8, 37.2
7.8, 37.4
7.8, 37.6
7.8, 37.8
7.8, 38
7.8, 38.2
7.8, 38.4
7.8, 38.6
7.8, 38.8
7.8, 39
7.8, 39.2
7.8, 39.4
7.8, 39.6
7.8, 39.8
7.8, 40
7.8, 40.2
7.8, 40.4
7.8, 40.6
7.8, 40.8
7.8, 41
7.8, 41.2
7.8, 41.4
7.8, 41.6
7.8, 41.8
7.8, 42
7.8, 42.2
7.8, 42.4
7.8, 42.6
7.8, 42.8
7.8, 43
7.8, 43.2
7.8, 43.4
7.8, 43.6
7.8, 43.8
7.8, 44
7.8, 44.2
7.8, 44.4
7.8, 44.6
7.8, 44.8
7.8, 45
7.8, 45.2
7.8, 45.4
7.8, 45.6
7.8, 45.8
7.8, 46
7.8, 46.2
7.8, 46.4
7.8, 46.6
7.8, 46.8
7.8, 47
7.8, 47.2
7.8, 47.4
7.8, 47.6
7.8, 47.8
7.8, 48
7.8, 48.2
7.8, 48.4
7.8, 48.6
7.8, 48.8
7.8, 49
7.8, 49.2
7.8, 49.4
7.8, 49.6
7.8, 49.8
7.8, 50
8, 0.2
8, 0.4
8, 0.6
8, 0.8
8, 1
8, 1.2
8, 1.4
8, 1.6
8, 1.8
8, 2
8, 2.2
8, 2.4
8, 2.6
8, 2.8
8, 3
8, 3.2
8, 3.4
8, 3.6
8, 3.8
8, 4
8, 4.2
8, 4.4
8, 4.6
8, 4.8
8, 5
8, 5.2
8, 5.4
8, 5.6
8, 5.8
8, 6
8, 6.2
8, 6.4
8, 6.6
8, 6.8
8, 7
8, 7.2
8, 7.4
8, 7.6
8, 7.8
8, 8
8, 8.2
8, 8.4
8, 8.6
8, 8.8
8, 9
8, 9.2
8, 9.4
8, 9.6
8, 9.8
8, 10
8, 10.2
8, 10.4
8, 10.6
8, 10.8
8, 11
8, 11.2
8, 11.4
8, 11.6
8, 11.8
8, 12
8, 12.2
8, 12.4
8, 12.6
8, 12.8
8, 13
8, 13.2
8, 13.4
8, 13.6
8, 13.8
8, 14
8, 14.2
8, 14.4
8, 14.6
8, 14.8
8, 15
8, 15.2
8, 15.4
8, 15.6
8, 15.8
8, 16
8, 16.2
8, 16.4
8, 16.6
8, 16.8
8, 17
8, 17.2
8, 17.4
8, 17.6
8, 17.8
8, 18
8, 18.2
8, 18.4
8, 18.6
8, 18.8
8, 19
8, 19.2
8, 19.4
8, 19.6
8, 19.8
8, 20
8, 20.2
8, 20.4
8, 20.6
8, 20.8
8, 21
8, 21.2
8, 21.4
8, 21.6
8, 21.8
8, 22
8, 22.2
8, 22.4
8, 22.6
8, 22.8
8, 23
8, 23.2
8, 23.4
8, 23.6
8, 23.8
8, 24
8, 24.2
8, 24.4
8, 24.6
8, 24.8
8, 25
8, 25.2
8, 25.4
8, 25.6
8, 25.8
8, 26
8, 26.2
8, 26.4
8, 26.6
8, 26.8
8, 27
8, 27.2
8, 27.4
8, 27.6
8, 27.8
8, 28
8, 28.2
8, 28.4
8, 28.6
8, 28.8
8, 29
8, 29.2
8, 29.4
8, 29.6
8, 29.8
8, 30
8, 30.2
8, 30.4
8, 30.6
8, 30.8
8, 31
8, 31.2
8, 31.4
8, 31.6
8, 31.8
8, 32
8, 32.2
8, 32.4
8, 32.6
8, 32.8
8, 33
8, 33.2
8, 33.4
8, 33.6
8, 33.8
8, 34
8, 34.2
8, 34.4
8, 34.6
8, 34.8
8, 35
8, 35.2
8, 35.4
8, 35.6
8, 35.8
8, 36
8, 36.2
8, 36.4
8, 36.6
8, 36.8
8, 37
8, 37.2
8, 37.4
8, 37.6
8, 37.8
8, 38
8, 38.2
8, 38.4
8, 38.6
8, 38.8
8, 39
8, 39.2
8, 39.4
8, 39.6
8, 39.8
8, 40
8, 40.2
8, 40.4
8, 40.6
8, 40.8
8, 41
8, 41.2
8, 41.4
8, 41.6
8, 41.8
8, 42
8, 42.2
8, 42.4
8, 42.6
8, 42.8
8, 43
8, 43.2
8, 43.4
8, 43.6
8, 43.8
8, 44
8, 44.2
8, 44.4
8, 44.6
8, 44.8
8, 45
8, 45.2
8, 45.4
8, 45.6
8, 45.8
8, 46
8, 46.2
8, 46.4
8, 46.6
8, 46.8
8, 47
8, 47.2
8, 47.4
8, 47.6
8, 47.8
8, 48
8, 48.2
8, 48.4
8, 48.6
8, 48.8
8, 49
8, 49.2
8, 49.4
8, 49.6
8, 49.8
8, 50
8.2, 0.2
8.2, 0.4
8.2, 0.6
8.2, 0.8
8.2, 1
8.2, 1.2
8.2, 1.4
8.2, 1.6
8.2, 1.8
8.2, 2
8.2, 2.2
8.2, 2.4
8.2, 2.6
8.2, 2.8
8.2, 3
8.2, 3.2
8.2, 3.4
8.2, 3.6
8.2, 3.8
8.2, 4
8.2, 4.2
8.2, 4.4
8.2, 4.6
8.2, 4.8
8.2, 5
8.2, 5.2
8.2, 5.4
8.2, 5.6
8.2, 5.8
8.2, 6
8.2, 6.2
8.2, 6.4
8.2, 6.6
8.2, 6.8
8.2, 7
8.2, 7.2
8.2, 7.4
8.2, 7.6
8.2, 7.8
8.2, 8
8.2, 8.2
8.2, 8.4
8.2, 8.6
8.2, 8.8
8.2, 9
8.2, 9.2
8.2, 9.4
8.2, 9.6
8.2, 9.8
8.2, 10
8.2, 10.2
8.2, 10.4
8.2, 10.6
8.2, 10.8
8.2, 11
8.2, 11.2
8.2, 11.4
8.2, 11.6
8.2, 11.8
8.2, 12
8.2, 12.2
8.2, 12.4
8.2, 12.6
8.2, 12.8
8.2, 13
8.2, 13.2
8.2, 13.4
8.2, 13.6
8.2, 13.8
8.2, 14
8.2, 14.2
8.2, 14.4
8.2, 14.6
8.2, 14.8
8.2, 15
8.2, 15.2
8.2, 15.4
8.2, 15.6
8.2, 15.8
8.2, 16
8.2, 16.2
8.2, 16.4
8.2, 16.6
8.2, 16.8
8.2, 17
8.2, 17.2
8.2, 17.4
8.2, 17.6
8.2, 17.8
8.2, 18
8.2, 18.2
8.2, 18.4
8.2, 18.6
8.2, 18.8
8.2, 19
8.2, 19.2
8.2, 19.4
8.2, 19.6
8.2, 19.8
8.2, 20
8.2, 20.2
8.2, 20.4
8.2, 20.6
8.2, 20.8
8.2, 21
8.2, 21.2
8.2, 21.4
8.2, 21.6
8.2, 21.8
8.2, 22
8.2, 22.2
8.2, 22.4
8.2, 22.6
8.2, 22.8
8.2, 23
8.2, 23.2
8.2, 23.4
8.2, 23.6
8.2, 23.8
8.2, 24
8.2, 24.2
8.2, 24.4
8.2, 24.6
8.2, 24.8
8.2, 25
8.2, 25.2
8.2, 25.4
8.2, 25.6
8.2, 25.8
8.2, 26
8.2, 26.2
8.2, 26.4
8.2, 26.6
8.2, 26.8
8.2, 27
8.2, 27.2
8.2, 27.4
8.2, 27.6
8.2, 27.8
8.2, 28
8.2, 28.2
8.2, 28.4
8.2, 28.6
8.2, 28.8
8.2, 29
8.2, 29.2
8.2, 29.4
8.2, 29.6
8.2, 29.8
8.2, 30
8.2, 30.2
8.2, 30.4
8.2, 30.6
8.2, 30.8
8.2, 31
8.2, 31.2
8.2, 31.4
8.2, 31.6
8.2, 31.8
8.2, 32
8.2, 32.2
8.2, 32.4
8.2, 32.6
8.2, 32.8
8.2, 33
8.2, 33.2
8.2, 33.4
8.2, 33.6
8.2, 33.8
8.2, 34
8.2, 34.2
8.2, 34.4
8.2, 34.6
8.2, 34.8
8.2, 35
8.2, 35.2
8.2, 35.4
8.2, 35.6
8.2, 35.8
8.2, 36
8.2, 36.2
8.2, 36.4
8.2, 36.6
8.2, 36.8
8.2, 37
8.2, 37.2
8.2, 37.4
8.2, 37.6
8.2, 37.8
8.2, 38
8.2, 38.2
8.2, 38.4
8.2, 38.6
8.2, 38.8
8.2, 39
8.2, 39.2
8.2, 39.4
8.2, 39.6
8.2, 39.8
8.2, 40
8.2, 40.2
8.2, 40.4
8.2, 40.6
8.2, 40.8
8.2, 41
8.2, 41.2
8.2, 41.4
8.2, 41.6
8.2, 41.8
8.2, 42
8.2, 42.2
8.2, 42.4
8.2, 42.6
8.2, 42.8
8.2, 43
8.2, 43.2
8.2, 43.4
8.2, 43.6
8.2, 43.8
8.2, 44
8.2, 44.2
8.2, 44.4
8.2, 44.6
8.2, 44.8
8.2, 45
8.2, 45.2
8.2, 45.4
8.2, 45.6
8.2, 45.8
8.2, 46
8.2, 46.2
8.2, 46.4
8.2, 46.6
8.2, 46.8
8.2, 47
8.2, 47.2
8.2, 47.4
8.2, 47.6
8.2, 47.8
8.2, 48
8.2, 48.2
8.2, 48.4
8.2, 48.6
8.2, 48.8
8.2, 49
8.2, 49.2
8.2, 49.4
8.2, 49.6
8.2, 49.8
8.2, 50
8.4, 0.2
8.4, 0.4
8.4, 0.6
8.4, 0.8
8.4, 1
8.4, 1.2
8.4, 1.4
8.4, 1.6
8.4, 1.8
8.4, 2
8.4, 2.2
8.4, 2.4
8.4, 2.6
8.4, 2.8
8.4, 3
8.4, 3.2
8.4, 3.4
8.4, 3.6
8.4, 3.8
8.4, 4
8.4, 4.2
8.4, 4.4
8.4, 4.6
8.4, 4.8
8.4, 5
8.4, 5.2
8.4, 5.4
8.4, 5.6
8.4, 5.8
8.4, 6
8.4, 6.2
8.4, 6.4
8.4, 6.6
8.4, 6.8
8.4, 7
8.4, 7.2
8.4, 7.4
8.4, 7.6
8.4, 7.8
8.4, 8
8.4, 8.2
8.4, 8.4
8.4, 8.6
8.4, 8.8
8.4, 9
8.4, 9.2
8.4, 9.4
8.4, 9.6
8.4, 9.8
8.4, 10
8.4, 10.2
8.4, 10.4
8.4, 10.6
8.4, 10.8
8.4, 11
8.4, 11.2
8.4, 11.4
8.4, 11.6
8.4, 11.8
8.4, 12
8.4, 12.2
8.4, 12.4
8.4, 12.6
8.4, 12.8
8.4, 13
8.4, 13.2
8.4, 13.4
8.4, 13.6
8.4, 13.8
8.4, 14
8.4, 14.2
8.4, 14.4
8.4, 14.6
8.4, 14.8
8.4, 15
8.4, 15.2
8.4, 15.4
8.4, 15.6
8.4, 15.8
8.4, 16
8.4, 16.2
8.4, 16.4
8.4, 16.6
8.4, 16.8
8.4, 17
8.4, 17.2
8.4, 17.4
8.4, 17.6
8.4, 17.8
8.4, 18
8.4, 18.2
8.4, 18.4
8.4, 18.6
8.4, 18.8
8.4, 19
8.4, 19.2
8.4, 19.4
8.4, 19.6
8.4, 19.8
8.4, 20
8.4, 20.2
8.4, 20.4
8.4, 20.6
8.4, 20.8
8.4, 21
8.4, 21.2
8.4, 21.4
8.4, 21.6
8.4, 21.8
8.4, 22
8.4, 22.2
8.4, 22.4
8.4, 22.6
8.4, 22.8
8.4, 23
8.4, 23.2
8.4, 23.4
8.4, 23.6
8.4, 23.8
8.4, 24
8.4, 24.2
8.4, 24.4
8.4, 24.6
8.4, 24.8
8.4, 25
8.4, 25.2
8.4, 25.4
8.4, 25.6
8.4, 25.8
8.4, 26
8.4, 26.2
8.4, 26.4
8.4, 26.6
8.4, 26.8
8.4, 27
8.4, 27.2
8.4, 27.4
8.4, 27.6
8.4, 27.8
8.4, 28
8.4, 28.2
8.4, 28.4
8.4, 28.6
8.4, 28.8
8.4, 29
8.4, 29.2
8.4, 29.4
8.4, 29.6
8.4, 29.8
8.4, 30
8.4, 30.2
8.4, 30.4
8.4, 30.6
8.4, 30.8
8.4, 31
8.4, 31.2
8.4, 31.4
8.4, 31.6
8.4, 31.8
8.4, 32
8.4, 32.2
8.4, 32.4
8.4, 32.6
8.4, 32.8
8.4, 33
8.4, 33.2
8.4, 33.4
8.4, 33.6
8.4, 33.8
8.4, 34
8.4, 34.2
8.4, 34.4
8.4, 34.6
8.4, 34.8
8.4, 35
8.4, 35.2
8.4, 35.4
8.4, 35.6
8.4, 35.8
8.4, 36
8.4, 36.2
8.4, 36.4
8.4, 36.6
8.4, 36.8
8.4, 37
8.4, 37.2
8.4, 37.4
8.4, 37.6
8.4, 37.8
8.4, 38
8.4, 38.2
8.4, 38.4
8.4, 38.6
8.4, 38.8
8.4, 39
8.4, 39.2
8.4, 39.4
8.4, 39.6
8.4, 39.8
8.4, 40
8.4, 40.2
8.4, 40.4
8.4, 40.6
8.4, 40.8
8.4, 41
8.4, 41.2
8.4, 41.4
8.4, 41.6
8.4, 41.8
8.4, 42
8.4, 42.2
8.4, 42.4
8.4, 42.6
8.4, 42.8
8.4, 43
8.4, 43.2
8.4, 43.4
8.4, 43.6
8.4, 43.8
8.4, 44
8.4, 44.2
8.4, 44.4
8.4, 44.6
8.4, 44.8
8.4, 45
8.4, 45.2
8.4, 45.4
8.4, 45.6
8.4, 45.8
8.4, 46
8.4, 46.2
8.4, 46.4
8.4, 46.6
8.4, 46.8
8.4, 47
8.4, 47.2
8.4, 47.4
8.4, 47.6
8.4, 47.8
8.4, 48
8.4, 48.2
8.4, 48.4
8.4, 48.6
8.4, 48.8
8.4, 49
8.4, 49.2
8.4, 49.4
8.4, 49.6
8.4, 49.8
8.4, 50
8.6, 0.2
8.6, 0.4
8.6, 0.6
8.6, 0.8
8.6, 1
8.6, 1.2
8.6, 1.4
8.6, 1.6
8.6, 1.8
8.6, 2
8.6, 2.2
8.6, 2.4
8.6, 2.6
8.6, 2.8
8.6, 3
8.6, 3.2
8.6, 3.4
8.6, 3.6
8.6, 3.8
8.6, 4
8.6, 4.2
8.6, 4.4
8.6, 4.6
8.6, 4.8
8.6, 5
8.6, 5.2
8.6, 5.4
8.6, 5.6
8.6, 5.8
8.6, 6
8.6, 6.2
8.6, 6.4
8.6, 6.6
8.6, 6.8
8.6, 7
8.6, 7.2
8.6, 7.4
8.6, 7.6
8.6, 7.8
8.6, 8
8.6, 8.2
8.6, 8.4
8.6, 8.6
8.6, 8.8
8.6, 9
8.6, 9.2
8.6, 9.4
8.6, 9.6
8.6, 9.8
8.6, 10
8.6, 10.2
8.6, 10.4
8.6, 10.6
8.6, 10.8
8.6, 11
8.6, 11.2
8.6, 11.4
8.6, 11.6
8.6, 11.8
8.6, 12
8.6, 12.2
8.6, 12.4
8.6, 12.6
8.6, 12.8
8.6, 13
8.6, 13.2
8.6, 13.4
8.6, 13.6
8.6, 13.8
8.6, 14
8.6, 14.2
8.6, 14.4
8.6, 14.6
8.6, 14.8
8.6, 15
8.6, 15.2
8.6, 15.4
8.6, 15.6
8.6, 15.8
8.6, 16
8.6, 16.2
8.6, 16.4
8.6, 16.6
8.6, 16.8
8.6, 17
8.6, 17.2
8.6, 17.4
8.6, 17.6
8.6, 17.8
8.6, 18
8.6, 18.2
8.6, 18.4
8.6, 18.6
8.6, 18.8
8.6, 19
8.6, 19.2
8.6, 19.4
8.6, 19.6
8.6, 19.8
8.6, 20
8.6, 20.2
8.6, 20.4
8.6, 20.6
8.6, 20.8
8.6, 21
8.6, 21.2
8.6, 21.4
8.6, 21.6
8.6, 21.8
8.6, 22
8.6, 22.2
8.6, 22.4
8.6, 22.6
8.6, 22.8
8.6, 23
8.6, 23.2
8.6, 23.4
8.6, 23.6
8.6, 23.8
8.6, 24
8.6, 24.2
8.6, 24.4
8.6, 24.6
8.6, 24.8
8.6, 25
8.6, 25.2
8.6, 25.4
8.6, 25.6
8.6, 25.8
8.6, 26
8.6, 26.2
8.6, 26.4
8.6, 26.6
8.6, 26.8
8.6, 27
8.6, 27.2
8.6, 27.4
8.6, 27.6
8.6, 27.8
8.6, 28
8.6, 28.2
8.6, 28.4
8.6, 28.6
8.6, 28.8
8.6, 29
8.6, 29.2
8.6, 29.4
8.6, 29.6
8.6, 29.8
8.6, 30
8.6, 30.2
8.6, 30.4
8.6, 30.6
8.6, 30.8
8.6, 31
8.6, 31.2
8.6, 31.4
8.6, 31.6
8.6, 31.8
8.6, 32
8.6, 32.2
8.6, 32.4
8.6, 32.6
8.6, 32.8
8.6, 33
8.6, 33.2
8.6, 33.4
8.6, 33.6
8.6, 33.8
8.6, 34
8.6, 34.2
8.6, 34.4
8.6, 34.6
8.6, 34.8
8.6, 35
8.6, 35.2
8.6, 35.4
8.6, 35.6
8.6, 35.8
8.6, 36
8.6, 36.2
8.6, 36.4
8.6, 36.6
8.6, 36.8
8.6, 37
8.6, 37.2
8.6, 37.4
8.6, 37.6
8.6, 37.8
8.6, 38
8.6, 38.2
8.6, 38.4
8.6, 38.6
8.6, 38.8
8.6, 39
8.6, 39.2
8.6, 39.4
8.6, 39.6
8.6, 39.8
8.6, 40
8.6, 40.2
8.6, 40.4
8.6, 40.6
8.6, 40.8
8.6, 41
8.6, 41.2
8.6, 41.4
8.6, 41.6
8.6, 41.8
8.6, 42
8.6, 42.2
8.6, 42.4
8.6, 42.6
8.6, 42.8
8.6, 43
8.6, 43.2
8.6, 43.4
8.6, 43.6
8.6, 43.8
8.6, 44
8.6, 44.2
8.6, 44.4
8.6, 44.6
8.6, 44.8
8.6, 45
8.6, 45.2
8.6, 45.4
8.6, 45.6
8.6, 45.8
8.6, 46
8.6, 46.2
8.6, 46.4
8.6, 46.6
8.6, 46.8
8.6, 47
8.6, 47.2
8.6, 47.4
8.6, 47.6
8.6, 47.8
8.6, 48
8.6, 48.2
8.6, 48.4
8.6, 48.6
8.6, 48.8
8.6, 49
8.6, 49.2
8.6, 49.4
8.6, 49.6
8.6, 49.8
8.6, 50
8.8, 0.2
8.8, 0.4
8.8, 0.6
8.8, 0.8
8.8, 1
8.8, 1.2
8.8, 1.4
8.8, 1.6
8.8, 1.8
8.8, 2
8.8, 2.2
8.8, 2.4
8.8, 2.6
8.8, 2.8
8.8, 3
8.8, 3.2
8.8, 3.4
8.8, 3.6
8.8, 3.8
8.8, 4
8.8, 4.2
8.8, 4.4
8.8, 4.6
8.8, 4.8
8.8, 5
8.8, 5.2
8.8, 5.4
8.8, 5.6
8.8, 5.8
8.8, 6
8.8, 6.2
8.8, 6.4
8.8, 6.6
8.8, 6.8
8.8, 7
8.8, 7.2
8.8, 7.4
8.8, 7.6
8.8, 7.8
8.8, 8
8.8, 8.2
8.8, 8.4
8.8, 8.6
8.8, 8.8
8.8, 9
8.8, 9.2
8.8, 9.4
8.8, 9.6
8.8, 9.8
8.8, 10
8.8, 10.2
8.8, 10.4
8.8, 10.6
8.8, 10.8
8.8, 11
8.8, 11.2
8.8, 11.4
8.8, 11.6
8.8, 11.8
8.8, 12
8.8, 12.2
8.8, 12.4
8.8, 12.6
8.8, 12.8
8.8, 13
8.8, 13.2
8.8, 13.4
8.8, 13.6
8.8, 13.8
8.8, 14
8.8, 14.2
8.8, 14.4
8.8, 14.6
8.8, 14.8
8.8, 15
8.8, 15.2
8.8, 15.4
8.8, 15.6
8.8, 15.8
8.8, 16
8.8, 16.2
8.8, 16.4
8.8, 16.6
8.8, 16.8
8.8, 17
8.8, 17.2
8.8, 17.4
8.8, 17.6
8.8, 17.8
8.8, 18
8.8, 18.2
8.8, 18.4
8.8, 18.6
8.8, 18.8
8.8, 19
8.8, 19.2
8.8, 19.4
8.8, 19.6
8.8, 19.8
8.8, 20
8.8, 20.2
8.8, 20.4
8.8, 20.6
8.8, 20.8
8.8, 21
8.8, 21.2
8.8, 21.4
8.8, 21.6
8.8, 21.8
8.8, 22
8.8, 22.2
8.8, 22.4
8.8, 22.6
8.8, 22.8
8.8, 23
8.8, 23.2
8.8, 23.4
8.8, 23.6
8.8, 23.8
8.8, 24
8.8, 24.2
8.8, 24.4
8.8, 24.6
8.8, 24.8
8.8, 25
8.8, 25.2
8.8, 25.4
8.8, 25.6
8.8, 25.8
8.8, 26
8.8, 26.2
8.8, 26.4
8.8, 26.6
8.8, 26.8
8.8, 27
8.8, 27.2
8.8, 27.4
8.8, 27.6
8.8, 27.8
8.8, 28
8.8, 28.2
8.8, 28.4
8.8, 28.6
8.8, 28.8
8.8, 29
8.8, 29.2
8.8, 29.4
8.8, 29.6
8.8, 29.8
8.8, 30
8.8, 30.2
8.8, 30.4
8.8, 30.6
8.8, 30.8
8.8, 31
8.8, 31.2
8.8, 31.4
8.8, 31.6
8.8, 31.8
8.8, 32
8.8, 32.2
8.8, 32.4
8.8, 32.6
8.8, 32.8
8.8, 33
8.8, 33.2
8.8, 33.4
8.8, 33.6
8.8, 33.8
8.8, 34
8.8, 34.2
8.8, 34.4
8.8, 34.6
8.8, 34.8
8.8, 35
8.8, 35.2
8.8, 35.4
8.8, 35.6
8.8, 35.8
8.8, 36
8.8, 36.2
8.8, 36.4
8.8, 36.6
8.8, 36.8
8.8, 37
8.8, 37.2
8.8, 37.4
8.8, 37.6
8.8, 37.8
8.8, 38
8.8, 38.2
8.8, 38.4
8.8, 38.6
8.8, 38.8
8.8, 39
8.8, 39.2
8.8, 39.4
8.8, 39.6
8.8, 39.8
8.8, 40
8.8, 40.2
8.8, 40.4
8.8, 40.6
8.8, 40.8
8.8, 41
8.8, 41.2
8.8, 41.4
8.8, 41.6
8.8, 41.8
8.8, 42
8.8, 42.2
8.8, 42.4
8.8, 42.6
8.8, 42.8
8.8, 43
8.8, 43.2
8.8, 43.4
8.8, 43.6
8.8, 43.8
8.8, 44
8.8, 44.2
8.8, 44.4
8.8, 44.6
8.8, 44.8
8.8, 45
8.8, 45.2
8.8, 45.4
8.8, 45.6
8.8, 45.8
8.8, 46
8.8, 46.2
8.8, 46.4
8.8, 46.6
8.8, 46.8
8.8, 47
8.8, 47.2
8.8, 47.4
8.8, 47.6
8.8, 47.8
8.8, 48
8.8, 48.2
8.8, 48.4
8.8, 48.6
8.8, 48.8
8.8, 49
8.8, 49.2
8.8, 49.4
8.8, 49.6
8.8, 49.8
8.8, 50
9, 0.2
9, 0.4
9, 0.6
9, 0.8
9, 1
9, 1.2
9, 1.4
9, 1.6
9, 1.8
9, 2
9, 2.2
9, 2.4
9, 2.6
9, 2.8
9, 3
9, 3.2
9, 3.4
9, 3.6
9, 3.8
9, 4
9, 4.2
9, 4.4
9, 4.6
9, 4.8
9, 5
9, 5.2
9, 5.4
9, 5.6
9, 5.8
9, 6
9, 6.2
9, 6.4
9, 6.6
9, 6.8
9, 7
9, 7.2
9, 7.4
9, 7.6
9, 7.8
9, 8
9, 8.2
9, 8.4
9, 8.6
9, 8.8
9, 9
9, 9.2
9, 9.4
9, 9.6
9, 9.8
9, 10
9, 10.2
9, 10.4
9, 10.6
9, 10.8
9, 11
9, 11.2
9, 11.4
9, 11.6
9, 11.8
9, 12
9, 12.2
9, 12.4
9, 12.6
9, 12.8
9, 13
9, 13.2
9, 13.4
9, 13.6
9, 13.8
9, 14
9, 14.2
9, 14.4
9, 14.6
9, 14.8
9, 15
9, 15.2
9, 15.4
9, 15.6
9, 15.8
9, 16
9, 16.2
9, 16.4
9, 16.6
9, 16.8
9, 17
9, 17.2
9, 17.4
9, 17.6
9, 17.8
9, 18
9, 18.2
9, 18.4
9, 18.6
9, 18.8
9, 19
9, 19.2
9, 19.4
9, 19.6
9, 19.8
9, 20
9, 20.2
9, 20.4
9, 20.6
9, 20.8
9, 21
9, 21.2
9, 21.4
9, 21.6
9, 21.8
9, 22
9, 22.2
9, 22.4
9, 22.6
9, 22.8
9, 23
9, 23.2
9, 23.4
9, 23.6
9, 23.8
9, 24
9, 24.2
9, 24.4
9, 24.6
9, 24.8
9, 25
9, 25.2
9, 25.4
9, 25.6
9, 25.8
9, 26
9, 26.2
9, 26.4
9, 26.6
9, 26.8
9, 27
9, 27.2
9, 27.4
9, 27.6
9, 27.8
9, 28
9, 28.2
9, 28.4
9, 28.6
9, 28.8
9, 29
9, 29.2
9, 29.4
9, 29.6
9, 29.8
9, 30
9, 30.2
9, 30.4
9, 30.6
9, 30.8
9, 31
9, 31.2
9, 31.4
9, 31.6
9, 31.8
9, 32
9, 32.2
9, 32.4
9, 32.6
9, 32.8
9, 33
9, 33.2
9, 33.4
9, 33.6
9, 33.8
9, 34
9, 34.2
9, 34.4
9, 34.6
9, 34.8
9, 35
9, 35.2
9, 35.4
9, 35.6
9, 35.8
9, 36
9, 36.2
9, 36.4
9, 36.6
9, 36.8
9, 37
9, 37.2
9, 37.4
9, 37.6
9, 37.8
9, 38
9, 38.2
9, 38.4
9, 38.6
9, 38.8
9, 39
9, 39.2
9, 39.4
9, 39.6
9, 39.8
9, 40
9, 40.2
9, 40.4
9, 40.6
9, 40.8
9, 41
9, 41.2
9, 41.4
9, 41.6
9, 41.8
9, 42
9, 42.2
9, 42.4
9, 42.6
9, 42.8
9, 43
9, 43.2
9, 43.4
9, 43.6
9, 43.8
9, 44
9, 44.2
9, 44.4
9, 44.6
9, 44.8
9, 45
9, 45.2
9, 45.4
9, 45.6
9, 45.8
9, 46
9, 46.2
9, 46.4
9, 46.6
9, 46.8
9, 47
9, 47.2
9, 47.4
9, 47.6
9, 47.8
9, 48
9, 48.2
9, 48.4
9, 48.6
9, 48.8
9, 49
9, 49.2
9, 49.4
9, 49.6
9, 49.8
9, 50
9.2, 0.2
9.2, 0.4
9.2, 0.6
9.2, 0.8
9.2, 1
9.2, 1.2
9.2, 1.4
9.2, 1.6
9.2, 1.8
9.2, 2
9.2, 2.2
9.2, 2.4
9.2, 2.6
9.2, 2.8
9.2, 3
9.2, 3.2
9.2, 3.4
9.2, 3.6
9.2, 3.8
9.2, 4
9.2, 4.2
9.2, 4.4
9.2, 4.6
9.2, 4.8
9.2, 5
9.2, 5.2
9.2, 5.4
9.2, 5.6
9.2, 5.8
9.2, 6
9.2, 6.2
9.2, 6.4
9.2, 6.6
9.2, 6.8
9.2, 7
9.2, 7.2
9.2, 7.4
9.2, 7.6
9.2, 7.8
9.2, 8
9.2, 8.2
9.2, 8.4
9.2, 8.6
9.2, 8.8
9.2, 9
9.2, 9.2
9.2, 9.4
9.2, 9.6
9.2, 9.8
9.2, 10
9.2, 10.2
9.2, 10.4
9.2, 10.6
9.2, 10.8
9.2, 11
9.2, 11.2
9.2, 11.4
9.2, 11.6
9.2, 11.8
9.2, 12
9.2, 12.2
9.2, 12.4
9.2, 12.6
9.2, 12.8
9.2, 13
9.2, 13.2
9.2, 13.4
9.2, 13.6
9.2, 13.8
9.2, 14
9.2, 14.2
9.2, 14.4
9.2, 14.6
9.2, 14.8
9.2, 15
9.2, 15.2
9.2, 15.4
9.2, 15.6
9.2, 15.8
9.2, 16
9.2, 16.2
9.2, 16.4
9.2, 16.6
9.2, 16.8
9.2, 17
9.2, 17.2
9.2, 17.4
9.2, 17.6
9.2, 17.8
9.2, 18
9.2, 18.2
9.2, 18.4
9.2, 18.6
9.2, 18.8
9.2, 19
9.2, 19.2
9.2, 19.4
9.2, 19.6
9.2, 19.8
9.2, 20
9.2, 20.2
9.2, 20.4
9.2, 20.6
9.2, 20.8
9.2, 21
9.2, 21.2
9.2, 21.4
9.2, 21.6
9.2, 21.8
9.2, 22
9.2, 22.2
9.2, 22.4
9.2, 22.6
9.2, 22.8
9.2, 23
9.2, 23.2
9.2, 23.4
9.2, 23.6
9.2, 23.8
9.2, 24
9.2, 24.2
9.2, 24.4
9.2, 24.6
9.2, 24.8
9.2, 25
9.2, 25.2
9.2, 25.4
9.2, 25.6
9.2, 25.8
9.2, 26
9.2, 26.2
9.2, 26.4
9.2, 26.6
9.2, 26.8
9.2, 27
9.2, 27.2
9.2, 27.4
9.2, 27.6
9.2, 27.8
9.2, 28
9.2, 28.2
9.2, 28.4
9.2, 28.6
9.2, 28.8
9.2, 29
9.2, 29.2
9.2, 29.4
9.2, 29.6
9.2, 29.8
9.2, 30
9.2, 30.2
9.2, 30.4
9.2, 30.6
9.2, 30.8
9.2, 31
9.2, 31.2
9.2, 31.4
9.2, 31.6
9.2, 31.8
9.2, 32
9.2, 32.2
9.2, 32.4
9.2, 32.6
9.2, 32.8
9.2, 33
9.2, 33.2
9.2, 33.4
9.2, 33.6
9.2, 33.8
9.2, 34
9.2, 34.2
9.2, 34.4
9.2, 34.6
9.2, 34.8
9.2, 35
9.2, 35.2
9.2, 35.4
9.2, 35.6
9.2, 35.8
9.2, 36
9.2, 36.2
9.2, 36.4
9.2, 36.6
9.2, 36.8
9.2, 37
9.2, 37.2
9.2, 37.4
9.2, 37.6
9.2, 37.8
9.2, 38
9.2, 38.2
9.2, 38.4
9.2, 38.6
9.2, 38.8
9.2, 39
9.2, 39.2
9.2, 39.4
9.2, 39.6
9.2, 39.8
9.2, 40
9.2, 40.2
9.2, 40.4
9.2, 40.6
9.2, 40.8
9.2, 41
9.2, 41.2
9.2, 41.4
9.2, 41.6
9.2, 41.8
9.2, 42
9.2, 42.2
9.2, 42.4
9.2, 42.6
9.2, 42.8
9.2, 43
9.2, 43.2
9.2, 43.4
9.2, 43.6
9.2, 43.8
9.2, 44
9.2, 44.2
9.2, 44.4
9.2, 44.6
9.2, 44.8
9.2, 45
9.2, 45.2
9.2, 45.4
9.2, 45.6
9.2, 45.8
9.2, 46
9.2, 46.2
9.2, 46.4
9.2, 46.6
9.2, 46.8
9.2, 47
9.2, 47.2
9.2, 47.4
9.2, 47.6
9.2, 47.8
9.2, 48
9.2, 48.2
9.2, 48.4
9.2, 48.6
9.2, 48.8
9.2, 49
9.2, 49.2
9.2, 49.4
9.2, 49.6
9.2, 49.8
9.2, 50
9.4, 0.2
9.4, 0.4
9.4, 0.6
9.4, 0.8
9.4, 1
9.4, 1.2
9.4, 1.4
9.4, 1.6
9.4, 1.8
9.4, 2
9.4, 2.2
9.4, 2.4
9.4, 2.6
9.4, 2.8
9.4, 3
9.4, 3.2
9.4, 3.4
9.4, 3.6
9.4, 3.8
9.4, 4
9.4, 4.2
9.4, 4.4
9.4, 4.6
9.4, 4.8
9.4, 5
9.4, 5.2
9.4, 5.4
9.4, 5.6
9.4, 5.8
9.4, 6
9.4, 6.2
9.4, 6.4
9.4, 6.6
9.4, 6.8
9.4, 7
9.4, 7.2
9.4, 7.4
9.4, 7.6
9.4, 7.8
9.4, 8
9.4, 8.2
9.4, 8.4
9.4, 8.6
9.4, 8.8
9.4, 9
9.4, 9.2
9.4, 9.4
9.4, 9.6
9.4, 9.8
9.4, 10
9.4, 10.2
9.4, 10.4
9.4, 10.6
9.4, 10.8
9.4, 11
9.4, 11.2
9.4, 11.4
9.4, 11.6
9.4, 11.8
9.4, 12
9.4, 12.2
9.4, 12.4
9.4, 12.6
9.4, 12.8
9.4, 13
9.4, 13.2
9.4, 13.4
9.4, 13.6
9.4, 13.8
9.4, 14
9.4, 14.2
9.4, 14.4
9.4, 14.6
9.4, 14.8
9.4, 15
9.4, 15.2
9.4, 15.4
9.4, 15.6
9.4, 15.8
9.4, 16
9.4, 16.2
9.4, 16.4
9.4, 16.6
9.4, 16.8
9.4, 17
9.4, 17.2
9.4, 17.4
9.4, 17.6
9.4, 17.8
9.4, 18
9.4, 18.2
9.4, 18.4
9.4, 18.6
9.4, 18.8
9.4, 19
9.4, 19.2
9.4, 19.4
9.4, 19.6
9.4, 19.8
9.4, 20
9.4, 20.2
9.4, 20.4
9.4, 20.6
9.4, 20.8
9.4, 21
9.4, 21.2
9.4, 21.4
9.4, 21.6
9.4, 21.8
9.4, 22
9.4, 22.2
9.4, 22.4
9.4, 22.6
9.4, 22.8
9.4, 23
9.4, 23.2
9.4, 23.4
9.4, 23.6
9.4, 23.8
9.4, 24
9.4, 24.2
9.4, 24.4
9.4, 24.6
9.4, 24.8
9.4, 25
9.4, 25.2
9.4, 25.4
9.4, 25.6
9.4, 25.8
9.4, 26
9.4, 26.2
9.4, 26.4
9.4, 26.6
9.4, 26.8
9.4, 27
9.4, 27.2
9.4, 27.4
9.4, 27.6
9.4, 27.8
9.4, 28
9.4, 28.2
9.4, 28.4
9.4, 28.6
9.4, 28.8
9.4, 29
9.4, 29.2
9.4, 29.4
9.4, 29.6
9.4, 29.8
9.4, 30
9.4, 30.2
9.4, 30.4
9.4, 30.6
9.4, 30.8
9.4, 31
9.4, 31.2
9.4, 31.4
9.4, 31.6
9.4, 31.8
9.4, 32
9.4, 32.2
9.4, 32.4
9.4, 32.6
9.4, 32.8
9.4, 33
9.4, 33.2
9.4, 33.4
9.4, 33.6
9.4, 33.8
9.4, 34
9.4, 34.2
9.4, 34.4
9.4, 34.6
9.4, 34.8
9.4, 35
9.4, 35.2
9.4, 35.4
9.4, 35.6
9.4, 35.8
9.4, 36
9.4, 36.2
9.4, 36.4
9.4, 36.6
9.4, 36.8
9.4, 37
9.4, 37.2
9.4, 37.4
9.4, 37.6
9.4, 37.8
9.4, 38
9.4, 38.2
9.4, 38.4
9.4, 38.6
9.4, 38.8
9.4, 39
9.4, 39.2
9.4, 39.4
9.4, 39.6
9.4, 39.8
9.4, 40
9.4, 40.2
9.4, 40.4
9.4, 40.6
9.4, 40.8
9.4, 41
9.4, 41.2
9.4, 41.4
9.4, 41.6
9.4, 41.8
9.4, 42
9.4, 42.2
9.4, 42.4
9.4, 42.6
9.4, 42.8
9.4, 43
9.4, 43.2
9.4, 43.4
9.4, 43.6
9.4, 43.8
9.4, 44
9.4, 44.2
9.4, 44.4
9.4, 44.6
9.4, 44.8
9.4, 45
9.4, 45.2
9.4, 45.4
9.4, 45.6
9.4, 45.8
9.4, 46
9.4, 46.2
9.4, 46.4
9.4, 46.6
9.4, 46.8
9.4, 47
9.4, 47.2
9.4, 47.4
9.4, 47.6
9.4, 47.8
9.4, 48
9.4, 48.2
9.4, 48.4
9.4, 48.6
9.4, 48.8
9.4, 49
9.4, 49.2
9.4, 49.4
9.4, 49.6
9.4, 49.8
9.4, 50
9.6, 0.2
9.6, 0.4
9.6, 0.6
9.6, 0.8
9.6, 1
9.6, 1.2
9.6, 1.4
9.6, 1.6
9.6, 1.8
9.6, 2
9.6, 2.2
9.6, 2.4
9.6, 2.6
9.6, 2.8
9.6, 3
9.6, 3.2
9.6, 3.4
9.6, 3.6
9.6, 3.8
9.6, 4
9.6, 4.2
9.6, 4.4
9.6, 4.6
9.6, 4.8
9.6, 5
9.6, 5.2
9.6, 5.4
9.6, 5.6
9.6, 5.8
9.6, 6
9.6, 6.2
9.6, 6.4
9.6, 6.6
9.6, 6.8
9.6, 7
9.6, 7.2
9.6, 7.4
9.6, 7.6
9.6, 7.8
9.6, 8
9.6, 8.2
9.6, 8.4
9.6, 8.6
9.6, 8.8
9.6, 9
9.6, 9.2
9.6, 9.4
9.6, 9.6
9.6, 9.8
9.6, 10
9.6, 10.2
9.6, 10.4
9.6, 10.6
9.6, 10.8
9.6, 11
9.6, 11.2
9.6, 11.4
9.6, 11.6
9.6, 11.8
9.6, 12
9.6, 12.2
9.6, 12.4
9.6, 12.6
9.6, 12.8
9.6, 13
9.6, 13.2
9.6, 13.4
9.6, 13.6
9.6, 13.8
9.6, 14
9.6, 14.2
9.6, 14.4
9.6, 14.6
9.6, 14.8
9.6, 15
9.6, 15.2
9.6, 15.4
9.6, 15.6
9.6, 15.8
9.6, 16
9.6, 16.2
9.6, 16.4
9.6, 16.6
9.6, 16.8
9.6, 17
9.6, 17.2
9.6, 17.4
9.6, 17.6
9.6, 17.8
9.6, 18
9.6, 18.2
9.6, 18.4
9.6, 18.6
9.6, 18.8
9.6, 19
9.6, 19.2
9.6, 19.4
9.6, 19.6
9.6, 19.8
9.6, 20
9.6, 20.2
9.6, 20.4
9.6, 20.6
9.6, 20.8
9.6, 21
9.6, 21.2
9.6, 21.4
9.6, 21.6
9.6, 21.8
9.6, 22
9.6, 22.2
9.6, 22.4
9.6, 22.6
9.6, 22.8
9.6, 23
9.6, 23.2
9.6, 23.4
9.6, 23.6
9.6, 23.8
9.6, 24
9.6, 24.2
9.6, 24.4
9.6, 24.6
9.6, 24.8
9.6, 25
9.6, 25.2
9.6, 25.4
9.6, 25.6
9.6, 25.8
9.6, 26
9.6, 26.2
9.6, 26.4
9.6, 26.6
9.6, 26.8
9.6, 27
9.6, 27.2
9.6, 27.4
9.6, 27.6
9.6, 27.8
9.6, 28
9.6, 28.2
9.6, 28.4
9.6, 28.6
9.6, 28.8
9.6, 29
9.6, 29.2
9.6, 29.4
9.6, 29.6
9.6, 29.8
9.6, 30
9.6, 30.2
9.6, 30.4
9.6, 30.6
9.6, 30.8
9.6, 31
9.6, 31.2
9.6, 31.4
9.6, 31.6
9.6, 31.8
9.6, 32
9.6, 32.2
9.6, 32.4
9.6, 32.6
9.6, 32.8
9.6, 33
9.6, 33.2
9.6, 33.4
9.6, 33.6
9.6, 33.8
9.6, 34
9.6, 34.2
9.6, 34.4
9.6, 34.6
9.6, 34.8
9.6, 35
9.6, 35.2
9.6, 35.4
9.6, 35.6
9.6, 35.8
9.6, 36
9.6, 36.2
9.6, 36.4
9.6, 36.6
9.6, 36.8
9.6, 37
9.6, 37.2
9.6, 37.4
9.6, 37.6
9.6, 37.8
9.6, 38
9.6, 38.2
9.6, 38.4
9.6, 38.6
9.6, 38.8
9.6, 39
9.6, 39.2
9.6, 39.4
9.6, 39.6
9.6, 39.8
9.6, 40
9.6, 40.2
9.6, 40.4
9.6, 40.6
9.6, 40.8
9.6, 41
9.6, 41.2
9.6, 41.4
9.6, 41.6
9.6, 41.8
9.6, 42
9.6, 42.2
9.6, 42.4
9.6, 42.6
9.6, 42.8
9.6, 43
9.6, 43.2
9.6, 43.4
9.6, 43.6
9.6, 43.8
9.6, 44
9.6, 44.2
9.6, 44.4
9.6, 44.6
9.6, 44.8
9.6, 45
9.6, 45.2
9.6, 45.4
9.6, 45.6
9.6, 45.8
9.6, 46
9.6, 46.2
9.6, 46.4
9.6, 46.6
9.6, 46.8
9.6, 47
9.6, 47.2
9.6, 47.4
9.6, 47.6
9.6, 47.8
9.6, 48
9.6, 48.2
9.6, 48.4
9.6, 48.6
9.6, 48.8
9.6, 49
9.6, 49.2
9.6, 49.4
9.6, 49.6
9.6, 49.8
9.6, 50
9.8, 0.2
9.8, 0.4
9.8, 0.6
9.8, 0.8
9.8, 1
9.8, 1.2
9.8, 1.4
9.8, 1.6
9.8, 1.8
9.8, 2
9.8, 2.2
9.8, 2.4
9.8, 2.6
9.8, 2.8
9.8, 3
9.8, 3.2
9.8, 3.4
9.8, 3.6
9.8, 3.8
9.8, 4
9.8, 4.2
9.8, 4.4
9.8, 4.6
9.8, 4.8
9.8, 5
9.8, 5.2
9.8, 5.4
9.8, 5.6
9.8, 5.8
9.8, 6
9.8, 6.2
9.8, 6.4
9.8, 6.6
9.8, 6.8
9.8, 7
9.8, 7.2
9.8, 7.4
9.8, 7.6
9.8, 7.8
9.8, 8
9.8, 8.2
9.8, 8.4
9.8, 8.6
9.8, 8.8
9.8, 9
9.8, 9.2
9.8, 9.4
9.8, 9.6
9.8, 9.8
9.8, 10
9.8, 10.2
9.8, 10.4
9.8, 10.6
9.8, 10.8
9.8, 11
9.8, 11.2
9.8, 11.4
9.8, 11.6
9.8, 11.8
9.8, 12
9.8, 12.2
9.8, 12.4
9.8, 12.6
9.8, 12.8
9.8, 13
9.8, 13.2
9.8, 13.4
9.8, 13.6
9.8, 13.8
9.8, 14
9.8, 14.2
9.8, 14.4
9.8, 14.6
9.8, 14.8
9.8, 15
9.8, 15.2
9.8, 15.4
9.8, 15.6
9.8, 15.8
9.8, 16
9.8, 16.2
9.8, 16.4
9.8, 16.6
9.8, 16.8
9.8, 17
9.8, 17.2
9.8, 17.4
9.8, 17.6
9.8, 17.8
9.8, 18
9.8, 18.2
9.8, 18.4
9.8, 18.6
9.8, 18.8
9.8, 19
9.8, 19.2
9.8, 19.4
9.8, 19.6
9.8, 19.8
9.8, 20
9.8, 20.2
9.8, 20.4
9.8, 20.6
9.8, 20.8
9.8, 21
9.8, 21.2
9.8, 21.4
9.8, 21.6
9.8, 21.8
9.8, 22
9.8, 22.2
9.8, 22.4
9.8, 22.6
9.8, 22.8
9.8, 23
9.8, 23.2
9.8, 23.4
9.8, 23.6
9.8, 23.8
9.8, 24
9.8, 24.2
9.8, 24.4
9.8, 24.6
9.8, 24.8
9.8, 25
9.8, 25.2
9.8, 25.4
9.8, 25.6
9.8, 25.8
9.8, 26
9.8, 26.2
9.8, 26.4
9.8, 26.6
9.8, 26.8
9.8, 27
9.8, 27.2
9.8, 27.4
9.8, 27.6
9.8, 27.8
9.8, 28
9.8, 28.2
9.8, 28.4
9.8, 28.6
9.8, 28.8
9.8, 29
9.8, 29.2
9.8, 29.4
9.8, 29.6
9.8, 29.8
9.8, 30
9.8, 30.2
9.8, 30.4
9.8, 30.6
9.8, 30.8
9.8, 31
9.8, 31.2
9.8, 31.4
9.8, 31.6
9.8, 31.8
9.8, 32
9.8, 32.2
9.8, 32.4
9.8, 32.6
9.8, 32.8
9.8, 33
9.8, 33.2
9.8, 33.4
9.8, 33.6
9.8, 33.8
9.8, 34
9.8, 34.2
9.8, 34.4
9.8, 34.6
9.8, 34.8
9.8, 35
9.8, 35.2
9.8, 35.4
9.8, 35.6
9.8, 35.8
9.8, 36
9.8, 36.2
9.8, 36.4
9.8, 36.6
9.8, 36.8
9.8, 37
9.8, 37.2
9.8, 37.4
9.8, 37.6
9.8, 37.8
9.8, 38
9.8, 38.2
9.8, 38.4
9.8, 38.6
9.8, 38.8
9.8, 39
9.8, 39.2
9.8, 39.4
9.8, 39.6
9.8, 39.8
9.8, 40
9.8, 40.2
9.8, 40.4
9.8, 40.6
9.8, 40.8
9.8, 41
9.8, 41.2
9.8, 41.4
9.8, 41.6
9.8, 41.8
9.8, 42
9.8, 42.2
9.8, 42.4
9.8, 42.6
9.8, 42.8
9.8, 43
9.8, 43.2
9.8, 43.4
9.8, 43.6
9.8, 43.8
9.8, 44
9.8, 44.2
9.8, 44.4
9.8, 44.6
9.8, 44.8
9.8, 45
9.8, 45.2
9.8, 45.4
9.8, 45.6
9.8, 45.8
9.8, 46
9.8, 46.2
9.8, 46.4
9.8, 46.6
9.8, 46.8
9.8, 47
9.8, 47.2
9.8, 47.4
9.8, 47.6
9.8, 47.8
9.8, 48
9.8, 48.2
9.8, 48.4
9.8, 48.6
9.8, 48.8
9.8, 49
9.8, 49.2
9.8, 49.4
9.8, 49.6
9.8, 49.8
9.8, 50
10, 0.2
10, 0.4
10, 0.6
10, 0.8
10, 1
10, 1.2
10, 1.4
10, 1.6
10, 1.8
10, 2
10, 2.2
10, 2.4
10, 2.6
10, 2.8
10, 3
10, 3.2
10, 3.4
10, 3.6
10, 3.8
10, 4
10, 4.2
10, 4.4
10, 4.6
10, 4.8
10, 5
10, 5.2
10, 5.4
10, 5.6
10, 5.8
10, 6
10, 6.2
10, 6.4
10, 6.6
10, 6.8
10, 7
10, 7.2
10, 7.4
10, 7.6
10, 7.8
10, 8
10, 8.2
10, 8.4
10, 8.6
10, 8.8
10, 9
10, 9.2
10, 9.4
10, 9.6
10, 9.8
10, 10
10, 10.2
10, 10.4
10, 10.6
10, 10.8
10, 11
10, 11.2
10, 11.4
10, 11.6
10, 11.8
10, 12
10, 12.2
10, 12.4
10, 12.6
10, 12.8
10, 13
10, 13.2
10, 13.4
10, 13.6
10, 13.8
10, 14
10, 14.2
10, 14.4
10, 14.6
10, 14.8
10, 15
10, 15.2
10, 15.4
10, 15.6
10, 15.8
10, 16
10, 16.2
10, 16.4
10, 16.6
10, 16.8
10, 17
10, 17.2
10, 17.4
10, 17.6
10, 17.8
10, 18
10, 18.2
10, 18.4
10, 18.6
10, 18.8
10, 19
10, 19.2
10, 19.4
10, 19.6
10, 19.8
10, 20
10, 20.2
10, 20.4
10, 20.6
10, 20.8
10, 21
10, 21.2
10, 21.4
10, 21.6
10, 21.8
10, 22
10, 22.2
10, 22.4
10, 22.6
10, 22.8
10, 23
10, 23.2
10, 23.4
10, 23.6
10, 23.8
10, 24
10, 24.2
10, 24.4
10, 24.6
10, 24.8
10, 25
10, 25.2
10, 25.4
10, 25.6
10, 25.8
10, 26
10, 26.2
10, 26.4
10, 26.6
10, 26.8
10, 27
10, 27.2
10, 27.4
10, 27.6
10, 27.8
10, 28
10, 28.2
10, 28.4
10, 28.6
10, 28.8
10, 29
10, 29.2
10, 29.4
10, 29.6
10, 29.8
10, 30
10, 30.2
10, 30.4
10, 30.6
10, 30.8
10, 31
10, 31.2
10, 31.4
10, 31.6
10, 31.8
10, 32
10, 32.2
10, 32.4
10, 32.6
10, 32.8
10, 33
10, 33.2
10, 33.4
10, 33.6
10, 33.8
10, 34
10, 34.2
10, 34.4
10, 34.6
10, 34.8
10, 35
10, 35.2
10, 35.4
10, 35.6
10, 35.8
10, 36
10, 36.2
10, 36.4
10, 36.6
10, 36.8
10, 37
10, 37.2
10, 37.4
10, 37.6
10, 37.8
10, 38
10, 38.2
10, 38.4
10, 38.6
10, 38.8
10, 39
10, 39.2
10, 39.4
10, 39.6
10, 39.8
10, 40
10, 40.2
10, 40.4
10, 40.6
10, 40.8
10, 41
10, 41.2
10, 41.4
10, 41.6
10, 41.8
10, 42
10, 42.2
10, 42.4
10, 42.6
10, 42.8
10, 43
10, 43.2
10, 43.4
10, 43.6
10, 43.8
10, 44
10, 44.2
10, 44.4
10, 44.6
10, 44.8
10, 45
10, 45.2
10, 45.4
10, 45.6
10, 45.8
10, 46
10, 46.2
10, 46.4
10, 46.6
10, 46.8
10, 47
10, 47.2
10, 47.4
10, 47.6
10, 47.8
10, 48
10, 48.2
10, 48.4
10, 48.6
10, 48.8
10, 49
10, 49.2
10, 49.4
10, 49.6
10, 49.8
10, 50
10.2, 0.2
10.2, 0.4
10.2, 0.6
10.2, 0.8
10.2, 1
10.2, 1.2
10.2, 1.4
10.2, 1.6
10.2, 1.8
10.2, 2
10.2, 2.2
10.2, 2.4
10.2, 2.6
10.2, 2.8
10.2, 3
10.2, 3.2
10.2, 3.4
10.2, 3.6
10.2, 3.8
10.2, 4
10.2, 4.2
10.2, 4.4
10.2, 4.6
10.2, 4.8
10.2, 5
10.2, 5.2
10.2, 5.4
10.2, 5.6
10.2, 5.8
10.2, 6
10.2, 6.2
10.2, 6.4
10.2, 6.6
10.2, 6.8
10.2, 7
10.2, 7.2
10.2, 7.4
10.2, 7.6
10.2, 7.8
10.2, 8
10.2, 8.2
10.2, 8.4
10.2, 8.6
10.2, 8.8
10.2, 9
10.2, 9.2
10.2, 9.4
10.2, 9.6
10.2, 9.8
10.2, 10
10.2, 10.2
10.2, 10.4
10.2, 10.6
10.2, 10.8
10.2, 11
10.2, 11.2
10.2, 11.4
10.2, 11.6
10.2, 11.8
10.2, 12
10.2, 12.2
10.2, 12.4
10.2, 12.6
10.2, 12.8
10.2, 13
10.2, 13.2
10.2, 13.4
10.2, 13.6
10.2, 13.8
10.2, 14
10.2, 14.2
10.2, 14.4
10.2, 14.6
10.2, 14.8
10.2, 15
10.2, 15.2
10.2, 15.4
10.2, 15.6
10.2, 15.8
10.2, 16
10.2, 16.2
10.2, 16.4
10.2, 16.6
10.2, 16.8
10.2, 17
10.2, 17.2
10.2, 17.4
10.2, 17.6
10.2, 17.8
10.2, 18
10.2, 18.2
10.2, 18.4
10.2, 18.6
10.2, 18.8
10.2, 19
10.2, 19.2
10.2, 19.4
10.2, 19.6
10.2, 19.8
10.2, 20
10.2, 20.2
10.2, 20.4
10.2, 20.6
10.2, 20.8
10.2, 21
10.2, 21.2
10.2, 21.4
10.2, 21.6
10.2, 21.8
10.2, 22
10.2, 22.2
10.2, 22.4
10.2, 22.6
10.2, 22.8
10.2, 23
10.2, 23.2
10.2, 23.4
10.2, 23.6
10.2, 23.8
10.2, 24
10.2, 24.2
10.2, 24.4
10.2, 24.6
10.2, 24.8
10.2, 25
10.2, 25.2
10.2, 25.4
10.2, 25.6
10.2, 25.8
10.2, 26
10.2, 26.2
10.2, 26.4
10.2, 26.6
10.2, 26.8
10.2, 27
10.2, 27.2
10.2, 27.4
10.2, 27.6
10.2, 27.8
10.2, 28
10.2, 28.2
10.2, 28.4
10.2, 28.6
10.2, 28.8
10.2, 29
10.2, 29.2
10.2, 29.4
10.2, 29.6
10.2, 29.8
10.2, 30
10.2, 30.2
10.2, 30.4
10.2, 30.6
10.2, 30.8
10.2, 31
10.2, 31.2
10.2, 31.4
10.2, 31.6
10.2, 31.8
10.2, 32
10.2, 32.2
10.2, 32.4
10.2, 32.6
10.2, 32.8
10.2, 33
10.2, 33.2
10.2, 33.4
10.2, 33.6
10.2, 33.8
10.2, 34
10.2, 34.2
10.2, 34.4
10.2, 34.6
10.2, 34.8
10.2, 35
10.2, 35.2
10.2, 35.4
10.2, 35.6
10.2, 35.8
10.2, 36
10.2, 36.2
10.2, 36.4
10.2, 36.6
10.2, 36.8
10.2, 37
10.2, 37.2
10.2, 37.4
10.2, 37.6
10.2, 37.8
10.2, 38
10.2, 38.2
10.2, 38.4
10.2, 38.6
10.2, 38.8
10.2, 39
10.2, 39.2
10.2, 39.4
10.2, 39.6
10.2, 39.8
10.2, 40
10.2, 40.2
10.2, 40.4
10.2, 40.6
10.2, 40.8
10.2, 41
10.2, 41.2
10.2, 41.4
10.2, 41.6
10.2, 41.8
10.2, 42
10.2, 42.2
10.2, 42.4
10.2, 42.6
10.2, 42.8
10.2, 43
10.2, 43.2
10.2, 43.4
10.2, 43.6
10.2, 43.8
10.2, 44
10.2, 44.2
10.2, 44.4
10.2, 44.6
10.2, 44.8
10.2, 45
10.2, 45.2
10.2, 45.4
10.2, 45.6
10.2, 45.8
10.2, 46
10.2, 46.2
10.2, 46.4
10.2, 46.6
10.2, 46.8
10.2, 47
10.2, 47.2
10.2, 47.4
10.2, 47.6
10.2, 47.8
10.2, 48
10.2, 48.2
10.2, 48.4
10.2, 48.6
10.2, 48.8
10.2, 49
10.2, 49.2
10.2, 49.4
10.2, 49.6
10.2, 49.8
10.2, 50
10.4, 0.2
10.4, 0.4
10.4, 0.6
10.4, 0.8
10.4, 1
10.4, 1.2
10.4, 1.4
10.4, 1.6
10.4, 1.8
10.4, 2
10.4, 2.2
10.4, 2.4
10.4, 2.6
10.4, 2.8
10.4, 3
10.4, 3.2
10.4, 3.4
10.4, 3.6
10.4, 3.8
10.4, 4
10.4, 4.2
10.4, 4.4
10.4, 4.6
10.4, 4.8
10.4, 5
10.4, 5.2
10.4, 5.4
10.4, 5.6
10.4, 5.8
10.4, 6
10.4, 6.2
10.4, 6.4
10.4, 6.6
10.4, 6.8
10.4, 7
10.4, 7.2
10.4, 7.4
10.4, 7.6
10.4, 7.8
10.4, 8
10.4, 8.2
10.4, 8.4
10.4, 8.6
10.4, 8.8
10.4, 9
10.4, 9.2
10.4, 9.4
10.4, 9.6
10.4, 9.8
10.4, 10
10.4, 10.2
10.4, 10.4
10.4, 10.6
10.4, 10.8
10.4, 11
10.4, 11.2
10.4, 11.4
10.4, 11.6
10.4, 11.8
10.4, 12
10.4, 12.2
10.4, 12.4
10.4, 12.6
10.4, 12.8
10.4, 13
10.4, 13.2
10.4, 13.4
10.4, 13.6
10.4, 13.8
10.4, 14
10.4, 14.2
10.4, 14.4
10.4, 14.6
10.4, 14.8
10.4, 15
10.4, 15.2
10.4, 15.4
10.4, 15.6
10.4, 15.8
10.4, 16
10.4, 16.2
10.4, 16.4
10.4, 16.6
10.4, 16.8
10.4, 17
10.4, 17.2
10.4, 17.4
10.4, 17.6
10.4, 17.8
10.4, 18
10.4, 18.2
10.4, 18.4
10.4, 18.6
10.4, 18.8
10.4, 19
10.4, 19.2
10.4, 19.4
10.4, 19.6
10.4, 19.8
10.4, 20
10.4, 20.2
10.4, 20.4
10.4, 20.6
10.4, 20.8
10.4, 21
10.4, 21.2
10.4, 21.4
10.4, 21.6
10.4, 21.8
10.4, 22
10.4, 22.2
10.4, 22.4
10.4, 22.6
10.4, 22.8
10.4, 23
10.4, 23.2
10.4, 23.4
10.4, 23.6
10.4, 23.8
10.4, 24
10.4, 24.2
10.4, 24.4
10.4, 24.6
10.4, 24.8
10.4, 25
10.4, 25.2
10.4, 25.4
10.4, 25.6
10.4, 25.8
10.4, 26
10.4, 26.2
10.4, 26.4
10.4, 26.6
10.4, 26.8
10.4, 27
10.4, 27.2
10.4, 27.4
10.4, 27.6
10.4, 27.8
10.4, 28
10.4, 28.2
10.4, 28.4
10.4, 28.6
10.4, 28.8
10.4, 29
10.4, 29.2
10.4, 29.4
10.4, 29.6
10.4, 29.8
10.4, 30
10.4, 30.2
10.4, 30.4
10.4, 30.6
10.4, 30.8
10.4, 31
10.4, 31.2
10.4, 31.4
10.4, 31.6
10.4, 31.8
10.4, 32
10.4, 32.2
10.4, 32.4
10.4, 32.6
10.4, 32.8
10.4, 33
10.4, 33.2
10.4, 33.4
10.4, 33.6
10.4, 33.8
10.4, 34
10.4, 34.2
10.4, 34.4
10.4, 34.6
10.4, 34.8
10.4, 35
10.4, 35.2
10.4, 35.4
10.4, 35.6
10.4, 35.8
10.4, 36
10.4, 36.2
10.4, 36.4
10.4, 36.6
10.4, 36.8
10.4, 37
10.4, 37.2
10.4, 37.4
10.4, 37.6
10.4, 37.8
10.4, 38
10.4, 38.2
10.4, 38.4
10.4, 38.6
10.4, 38.8
10.4, 39
10.4, 39.2
10.4, 39.4
10.4, 39.6
10.4, 39.8
10.4, 40
10.4, 40.2
10.4, 40.4
10.4, 40.6
10.4, 40.8
10.4, 41
10.4, 41.2
10.4, 41.4
10.4, 41.6
10.4, 41.8
10.4, 42
10.4, 42.2
10.4, 42.4
10.4, 42.6
10.4, 42.8
10.4, 43
10.4, 43.2
10.4, 43.4
10.4, 43.6
10.4, 43.8
10.4, 44
10.4, 44.2
10.4, 44.4
10.4, 44.6
10.4, 44.8
10.4, 45
10.4, 45.2
10.4, 45.4
10.4, 45.6
10.4, 45.8
10.4, 46
10.4, 46.2
10.4, 46.4
10.4, 46.6
10.4, 46.8
10.4, 47
10.4, 47.2
10.4, 47.4
10.4, 47.6
10.4, 47.8
10.4, 48
10.4, 48.2
10.4, 48.4
10.4, 48.6
10.4, 48.8
10.4, 49
10.4, 49.2
10.4, 49.4
10.4, 49.6
10.4, 49.8
10.4, 50
10.6, 0.2
10.6, 0.4
10.6, 0.6
10.6, 0.8
10.6, 1
10.6, 1.2
10.6, 1.4
10.6, 1.6
10.6, 1.8
10.6, 2
10.6, 2.2
10.6, 2.4
10.6, 2.6
10.6, 2.8
10.6, 3
10.6, 3.2
10.6, 3.4
10.6, 3.6
10.6, 3.8
10.6, 4
10.6, 4.2
10.6, 4.4
10.6, 4.6
10.6, 4.8
10.6, 5
10.6, 5.2
10.6, 5.4
10.6, 5.6
10.6, 5.8
10.6, 6
10.6, 6.2
10.6, 6.4
10.6, 6.6
10.6, 6.8
10.6, 7
10.6, 7.2
10.6, 7.4
10.6, 7.6
10.6, 7.8
10.6, 8
10.6, 8.2
10.6, 8.4
10.6, 8.6
10.6, 8.8
10.6, 9
10.6, 9.2
10.6, 9.4
10.6, 9.6
10.6, 9.8
10.6, 10
10.6, 10.2
10.6, 10.4
10.6, 10.6
10.6, 10.8
10.6, 11
10.6, 11.2
10.6, 11.4
10.6, 11.6
10.6, 11.8
10.6, 12
10.6, 12.2
10.6, 12.4
10.6, 12.6
10.6, 12.8
10.6, 13
10.6, 13.2
10.6, 13.4
10.6, 13.6
10.6, 13.8
10.6, 14
10.6, 14.2
10.6, 14.4
10.6, 14.6
10.6, 14.8
10.6, 15
10.6, 15.2
10.6, 15.4
10.6, 15.6
10.6, 15.8
10.6, 16
10.6, 16.2
10.6, 16.4
10.6, 16.6
10.6, 16.8
10.6, 17
10.6, 17.2
10.6, 17.4
10.6, 17.6
10.6, 17.8
10.6, 18
10.6, 18.2
10.6, 18.4
10.6, 18.6
10.6, 18.8
10.6, 19
10.6, 19.2
10.6, 19.4
10.6, 19.6
10.6, 19.8
10.6, 20
10.6, 20.2
10.6, 20.4
10.6, 20.6
10.6, 20.8
10.6, 21
10.6, 21.2
10.6, 21.4
10.6, 21.6
10.6, 21.8
10.6, 22
10.6, 22.2
10.6, 22.4
10.6, 22.6
10.6, 22.8
10.6, 23
10.6, 23.2
10.6, 23.4
10.6, 23.6
10.6, 23.8
10.6, 24
10.6, 24.2
10.6, 24.4
10.6, 24.6
10.6, 24.8
10.6, 25
10.6, 25.2
10.6, 25.4
10.6, 25.6
10.6, 25.8
10.6, 26
10.6, 26.2
10.6, 26.4
10.6, 26.6
10.6, 26.8
10.6, 27
10.6, 27.2
10.6, 27.4
10.6, 27.6
10.6, 27.8
10.6, 28
10.6, 28.2
10.6, 28.4
10.6, 28.6
10.6, 28.8
10.6, 29
10.6, 29.2
10.6, 29.4
10.6, 29.6
10.6, 29.8
10.6, 30
10.6, 30.2
10.6, 30.4
10.6, 30.6
10.6, 30.8
10.6, 31
10.6, 31.2
10.6, 31.4
10.6, 31.6
10.6, 31.8
10.6, 32
10.6, 32.2
10.6, 32.4
10.6, 32.6
10.6, 32.8
10.6, 33
10.6, 33.2
10.6, 33.4
10.6, 33.6
10.6, 33.8
10.6, 34
10.6, 34.2
10.6, 34.4
10.6, 34.6
10.6, 34.8
10.6, 35
10.6, 35.2
10.6, 35.4
10.6, 35.6
10.6, 35.8
10.6, 36
10.6, 36.2
10.6, 36.4
10.6, 36.6
10.6, 36.8
10.6, 37
10.6, 37.2
10.6, 37.4
10.6, 37.6
10.6, 37.8
10.6, 38
10.6, 38.2
10.6, 38.4
10.6, 38.6
10.6, 38.8
10.6, 39
10.6, 39.2
10.6, 39.4
10.6, 39.6
10.6, 39.8
10.6, 40
10.6, 40.2
10.6, 40.4
10.6, 40.6
10.6, 40.8
10.6, 41
10.6, 41.2
10.6, 41.4
10.6, 41.6
10.6, 41.8
10.6, 42
10.6, 42.2
10.6, 42.4
10.6, 42.6
10.6, 42.8
10.6, 43
10.6, 43.2
10.6, 43.4
10.6, 43.6
10.6, 43.8
10.6, 44
10.6, 44.2
10.6, 44.4
10.6, 44.6
10.6, 44.8
10.6, 45
10.6, 45.2
10.6, 45.4
10.6, 45.6
10.6, 45.8
10.6, 46
10.6, 46.2
10.6, 46.4
10.6, 46.6
10.6, 46.8
10.6, 47
10.6, 47.2
10.6, 47.4
10.6, 47.6
10.6, 47.8
10.6, 48
10.6, 48.2
10.6, 48.4
10.6, 48.6
10.6, 48.8
10.6, 49
10.6, 49.2
10.6, 49.4
10.6, 49.6
10.6, 49.8
10.6, 50
10.8, 0.2
10.8, 0.4
10.8, 0.6
10.8, 0.8
10.8, 1
10.8, 1.2
10.8, 1.4
10.8, 1.6
10.8, 1.8
10.8, 2
10.8, 2.2
10.8, 2.4
10.8, 2.6
10.8, 2.8
10.8, 3
10.8, 3.2
10.8, 3.4
10.8, 3.6
10.8, 3.8
10.8, 4
10.8, 4.2
10.8, 4.4
10.8, 4.6
10.8, 4.8
10.8, 5
10.8, 5.2
10.8, 5.4
10.8, 5.6
10.8, 5.8
10.8, 6
10.8, 6.2
10.8, 6.4
10.8, 6.6
10.8, 6.8
10.8, 7
10.8, 7.2
10.8, 7.4
10.8, 7.6
10.8, 7.8
10.8, 8
10.8, 8.2
10.8, 8.4
10.8, 8.6
10.8, 8.8
10.8, 9
10.8, 9.2
10.8, 9.4
10.8, 9.6
10.8, 9.8
10.8, 10
10.8, 10.2
10.8, 10.4
10.8, 10.6
10.8, 10.8
10.8, 11
10.8, 11.2
10.8, 11.4
10.8, 11.6
10.8, 11.8
10.8, 12
10.8, 12.2
10.8, 12.4
10.8, 12.6
10.8, 12.8
10.8, 13
10.8, 13.2
10.8, 13.4
10.8, 13.6
10.8, 13.8
10.8, 14
10.8, 14.2
10.8, 14.4
10.8, 14.6
10.8, 14.8
10.8, 15
10.8, 15.2
10.8, 15.4
10.8, 15.6
10.8, 15.8
10.8, 16
10.8, 16.2
10.8, 16.4
10.8, 16.6
10.8, 16.8
10.8, 17
10.8, 17.2
10.8, 17.4
10.8, 17.6
10.8, 17.8
10.8, 18
10.8, 18.2
10.8, 18.4
10.8, 18.6
10.8, 18.8
10.8, 19
10.8, 19.2
10.8, 19.4
10.8, 19.6
10.8, 19.8
10.8, 20
10.8, 20.2
10.8, 20.4
10.8, 20.6
10.8, 20.8
10.8, 21
10.8, 21.2
10.8, 21.4
10.8, 21.6
10.8, 21.8
10.8, 22
10.8, 22.2
10.8, 22.4
10.8, 22.6
10.8, 22.8
10.8, 23
10.8, 23.2
10.8, 23.4
10.8, 23.6
10.8, 23.8
10.8, 24
10.8, 24.2
10.8, 24.4
10.8, 24.6
10.8, 24.8
10.8, 25
10.8, 25.2
10.8, 25.4
10.8, 25.6
10.8, 25.8
10.8, 26
10.8, 26.2
10.8, 26.4
10.8, 26.6
10.8, 26.8
10.8, 27
10.8, 27.2
10.8, 27.4
10.8, 27.6
10.8, 27.8
10.8, 28
10.8, 28.2
10.8, 28.4
10.8, 28.6
10.8, 28.8
10.8, 29
10.8, 29.2
10.8, 29.4
10.8, 29.6
10.8, 29.8
10.8, 30
10.8, 30.2
10.8, 30.4
10.8, 30.6
10.8, 30.8
10.8, 31
10.8, 31.2
10.8, 31.4
10.8, 31.6
10.8, 31.8
10.8, 32
10.8, 32.2
10.8, 32.4
10.8, 32.6
10.8, 32.8
10.8, 33
10.8, 33.2
10.8, 33.4
10.8, 33.6
10.8, 33.8
10.8, 34
10.8, 34.2
10.8, 34.4
10.8, 34.6
10.8, 34.8
10.8, 35
10.8, 35.2
10.8, 35.4
10.8, 35.6
10.8, 35.8
10.8, 36
10.8, 36.2
10.8, 36.4
10.8, 36.6
10.8, 36.8
10.8, 37
10.8, 37.2
10.8, 37.4
10.8, 37.6
10.8, 37.8
10.8, 38
10.8, 38.2
10.8, 38.4
10.8, 38.6
10.8, 38.8
10.8, 39
10.8, 39.2
10.8, 39.4
10.8, 39.6
10.8, 39.8
10.8, 40
10.8, 40.2
10.8, 40.4
10.8, 40.6
10.8, 40.8
10.8, 41
10.8, 41.2
10.8, 41.4
10.8, 41.6
10.8, 41.8
10.8, 42
10.8, 42.2
10.8, 42.4
10.8, 42.6
10.8, 42.8
10.8, 43
10.8, 43.2
10.8, 43.4
10.8, 43.6
10.8, 43.8
10.8, 44
10.8, 44.2
10.8, 44.4
10.8, 44.6
10.8, 44.8
10.8, 45
10.8, 45.2
10.8, 45.4
10.8, 45.6
10.8, 45.8
10.8, 46
10.8, 46.2
10.8, 46.4
10.8, 46.6
10.8, 46.8
10.8, 47
10.8, 47.2
10.8, 47.4
10.8, 47.6
10.8, 47.8
10.8, 48
10.8, 48.2
10.8, 48.4
10.8, 48.6
10.8, 48.8
10.8, 49
10.8, 49.2
10.8, 49.4
10.8, 49.6
10.8, 49.8
10.8, 50
11, 0.2
11, 0.4
11, 0.6
11, 0.8
11, 1
11, 1.2
11, 1.4
11, 1.6
11, 1.8
11, 2
11, 2.2
11, 2.4
11, 2.6
11, 2.8
11, 3
11, 3.2
11, 3.4
11, 3.6
11, 3.8
11, 4
11, 4.2
11, 4.4
11, 4.6
11, 4.8
11, 5
11, 5.2
11, 5.4
11, 5.6
11, 5.8
11, 6
11, 6.2
11, 6.4
11, 6.6
11, 6.8
11, 7
11, 7.2
11, 7.4
11, 7.6
11, 7.8
11, 8
11, 8.2
11, 8.4
11, 8.6
11, 8.8
11, 9
11, 9.2
11, 9.4
11, 9.6
11, 9.8
11, 10
11, 10.2
11, 10.4
11, 10.6
11, 10.8
11, 11
11, 11.2
11, 11.4
11, 11.6
11, 11.8
11, 12
11, 12.2
11, 12.4
11, 12.6
11, 12.8
11, 13
11, 13.2
11, 13.4
11, 13.6
11, 13.8
11, 14
11, 14.2
11, 14.4
11, 14.6
11, 14.8
11, 15
11, 15.2
11, 15.4
11, 15.6
11, 15.8
11, 16
11, 16.2
11, 16.4
11, 16.6
11, 16.8
11, 17
11, 17.2
11, 17.4
11, 17.6
11, 17.8
11, 18
11, 18.2
11, 18.4
11, 18.6
11, 18.8
11, 19
11, 19.2
11, 19.4
11, 19.6
11, 19.8
11, 20
11, 20.2
11, 20.4
11, 20.6
11, 20.8
11, 21
11, 21.2
11, 21.4
11, 21.6
11, 21.8
11, 22
11, 22.2
11, 22.4
11, 22.6
11, 22.8
11, 23
11, 23.2
11, 23.4
11, 23.6
11, 23.8
11, 24
11, 24.2
11, 24.4
11, 24.6
11, 24.8
11, 25
11, 25.2
11, 25.4
11, 25.6
11, 25.8
11, 26
11, 26.2
11, 26.4
11, 26.6
11, 26.8
11, 27
11, 27.2
11, 27.4
11, 27.6
11, 27.8
11, 28
11, 28.2
11, 28.4
11, 28.6
11, 28.8
11, 29
11, 29.2
11, 29.4
11, 29.6
11, 29.8
11, 30
11, 30.2
11, 30.4
11, 30.6
11, 30.8
11, 31
11, 31.2
11, 31.4
11, 31.6
11, 31.8
11, 32
11, 32.2
11, 32.4
11, 32.6
11, 32.8
11, 33
11, 33.2
11, 33.4
11, 33.6
11, 33.8
11, 34
11, 34.2
11, 34.4
11, 34.6
11, 34.8
11, 35
11, 35.2
11, 35.4
11, 35.6
11, 35.8
11, 36
11, 36.2
11, 36.4
11, 36.6
11, 36.8
11, 37
11, 37.2
11, 37.4
11, 37.6
11, 37.8
11, 38
11, 38.2
11, 38.4
11, 38.6
11, 38.8
11, 39
11, 39.2
11, 39.4
11, 39.6
11, 39.8
11, 40
11, 40.2
11, 40.4
11, 40.6
11, 40.8
11, 41
11, 41.2
11, 41.4
11, 41.6
11, 41.8
11, 42
11, 42.2
11, 42.4
11, 42.6
11, 42.8
11, 43
11, 43.2
11, 43.4
11, 43.6
11, 43.8
11, 44
11, 44.2
11, 44.4
11, 44.6
11, 44.8
11, 45
11, 45.2
11, 45.4
11, 45.6
11, 45.8
11, 46
11, 46.2
11, 46.4
11, 46.6
11, 46.8
11, 47
11, 47.2
11, 47.4
11, 47.6
11, 47.8
11, 48
11, 48.2
11, 48.4
11, 48.6
11, 48.8
11, 49
11, 49.2
11, 49.4
11, 49.6
11, 49.8
11, 50
11.2, 0.2
11.2, 0.4
11.2, 0.6
11.2, 0.8
11.2, 1
11.2, 1.2
11.2, 1.4
11.2, 1.6
11.2, 1.8
11.2, 2
11.2, 2.2
11.2, 2.4
11.2, 2.6
11.2, 2.8
11.2, 3
11.2, 3.2
11.2, 3.4
11.2, 3.6
11.2, 3.8
11.2, 4
11.2, 4.2
11.2, 4.4
11.2, 4.6
11.2, 4.8
11.2, 5
11.2, 5.2
11.2, 5.4
11.2, 5.6
11.2, 5.8
11.2, 6
11.2, 6.2
11.2, 6.4
11.2, 6.6
11.2, 6.8
11.2, 7
11.2, 7.2
11.2, 7.4
11.2, 7.6
11.2, 7.8
11.2, 8
11.2, 8.2
11.2, 8.4
11.2, 8.6
11.2, 8.8
11.2, 9
11.2, 9.2
11.2, 9.4
11.2, 9.6
11.2, 9.8
11.2, 10
11.2, 10.2
11.2, 10.4
11.2, 10.6
11.2, 10.8
11.2, 11
11.2, 11.2
11.2, 11.4
11.2, 11.6
11.2, 11.8
11.2, 12
11.2, 12.2
11.2, 12.4
11.2, 12.6
11.2, 12.8
11.2, 13
11.2, 13.2
11.2, 13.4
11.2, 13.6
11.2, 13.8
11.2, 14
11.2, 14.2
11.2, 14.4
11.2, 14.6
11.2, 14.8
11.2, 15
11.2, 15.2
11.2, 15.4
11.2, 15.6
11.2, 15.8
11.2, 16
11.2, 16.2
11.2, 16.4
11.2, 16.6
11.2, 16.8
11.2, 17
11.2, 17.2
11.2, 17.4
11.2, 17.6
11.2, 17.8
11.2, 18
11.2, 18.2
11.2, 18.4
11.2, 18.6
11.2, 18.8
11.2, 19
11.2, 19.2
11.2, 19.4
11.2, 19.6
11.2, 19.8
11.2, 20
11.2, 20.2
11.2, 20.4
11.2, 20.6
11.2, 20.8
11.2, 21
11.2, 21.2
11.2, 21.4
11.2, 21.6
11.2, 21.8
11.2, 22
11.2, 22.2
11.2, 22.4
11.2, 22.6
11.2, 22.8
11.2, 23
11.2, 23.2
11.2, 23.4
11.2, 23.6
11.2, 23.8
11.2, 24
11.2, 24.2
11.2, 24.4
11.2, 24.6
11.2, 24.8
11.2, 25
11.2, 25.2
11.2, 25.4
11.2, 25.6
11.2, 25.8
11.2, 26
11.2, 26.2
11.2, 26.4
11.2, 26.6
11.2, 26.8
11.2, 27
11.2, 27.2
11.2, 27.4
11.2, 27.6
11.2, 27.8
11.2, 28
11.2, 28.2
11.2, 28.4
11.2, 28.6
11.2, 28.8
11.2, 29
11.2, 29.2
11.2, 29.4
11.2, 29.6
11.2, 29.8
11.2, 30
11.2, 30.2
11.2, 30.4
11.2, 30.6
11.2, 30.8
11.2, 31
11.2, 31.2
11.2, 31.4
11.2, 31.6
11.2, 31.8
11.2, 32
11.2, 32.2
11.2, 32.4
11.2, 32.6
11.2, 32.8
11.2, 33
11.2, 33.2
11.2, 33.4
11.2, 33.6
11.2, 33.8
11.2, 34
11.2, 34.2
11.2, 34.4
11.2, 34.6
11.2, 34.8
11.2, 35
11.2, 35.2
11.2, 35.4
11.2, 35.6
11.2, 35.8
11.2, 36
11.2, 36.2
11.2, 36.4
11.2, 36.6
11.2, 36.8
11.2, 37
11.2, 37.2
11.2, 37.4
11.2, 37.6
11.2, 37.8
11.2, 38
11.2, 38.2
11.2, 38.4
11.2, 38.6
11.2, 38.8
11.2, 39
11.2, 39.2
11.2, 39.4
11.2, 39.6
11.2, 39.8
11.2, 40
11.2, 40.2
11.2, 40.4
11.2, 40.6
11.2, 40.8
11.2, 41
11.2, 41.2
11.2, 41.4
11.2, 41.6
11.2, 41.8
11.2, 42
11.2, 42.2
11.2, 42.4
11.2, 42.6
11.2, 42.8
11.2, 43
11.2, 43.2
11.2, 43.4
11.2, 43.6
11.2, 43.8
11.2, 44
11.2, 44.2
11.2, 44.4
11.2, 44.6
11.2, 44.8
11.2, 45
11.2, 45.2
11.2, 45.4
11.2, 45.6
11.2, 45.8
11.2, 46
11.2, 46.2
11.2, 46.4
11.2, 46.6
11.2, 46.8
11.2, 47
11.2, 47.2
11.2, 47.4
11.2, 47.6
11.2, 47.8
11.2, 48
11.2, 48.2
11.2, 48.4
11.2, 48.6
11.2, 48.8
11.2, 49
11.2, 49.2
11.2, 49.4
11.2, 49.6
11.2, 49.8
11.2, 50
11.4, 0.2
11.4, 0.4
11.4, 0.6
11.4, 0.8
11.4, 1
11.4, 1.2
11.4, 1.4
11.4, 1.6
11.4, 1.8
11.4, 2
11.4, 2.2
11.4, 2.4
11.4, 2.6
11.4, 2.8
11.4, 3
11.4, 3.2
11.4, 3.4
11.4, 3.6
11.4, 3.8
11.4, 4
11.4, 4.2
11.4, 4.4
11.4, 4.6
11.4, 4.8
11.4, 5
11.4, 5.2
11.4, 5.4
11.4, 5.6
11.4, 5.8
11.4, 6
11.4, 6.2
11.4, 6.4
11.4, 6.6
11.4, 6.8
11.4, 7
11.4, 7.2
11.4, 7.4
11.4, 7.6
11.4, 7.8
11.4, 8
11.4, 8.2
11.4, 8.4
11.4, 8.6
11.4, 8.8
11.4, 9
11.4, 9.2
11.4, 9.4
11.4, 9.6
11.4, 9.8
11.4, 10
11.4, 10.2
11.4, 10.4
11.4, 10.6
11.4, 10.8
11.4, 11
11.4, 11.2
11.4, 11.4
11.4, 11.6
11.4, 11.8
11.4, 12
11.4, 12.2
11.4, 12.4
11.4, 12.6
11.4, 12.8
11.4, 13
11.4, 13.2
11.4, 13.4
11.4, 13.6
11.4, 13.8
11.4, 14
11.4, 14.2
11.4, 14.4
11.4, 14.6
11.4, 14.8
11.4, 15
11.4, 15.2
11.4, 15.4
11.4, 15.6
11.4, 15.8
11.4, 16
11.4, 16.2
11.4, 16.4
11.4, 16.6
11.4, 16.8
11.4, 17
11.4, 17.2
11.4, 17.4
11.4, 17.6
11.4, 17.8
11.4, 18
11.4, 18.2
11.4, 18.4
11.4, 18.6
11.4, 18.8
11.4, 19
11.4, 19.2
11.4, 19.4
11.4, 19.6
11.4, 19.8
11.4, 20
11.4, 20.2
11.4, 20.4
11.4, 20.6
11.4, 20.8
11.4, 21
11.4, 21.2
11.4, 21.4
11.4, 21.6
11.4, 21.8
11.4, 22
11.4, 22.2
11.4, 22.4
11.4, 22.6
11.4, 22.8
11.4, 23
11.4, 23.2
11.4, 23.4
11.4, 23.6
11.4, 23.8
11.4, 24
11.4, 24.2
11.4, 24.4
11.4, 24.6
11.4, 24.8
11.4, 25
11.4, 25.2
11.4, 25.4
11.4, 25.6
11.4, 25.8
11.4, 26
11.4, 26.2
11.4, 26.4
11.4, 26.6
11.4, 26.8
11.4, 27
11.4, 27.2
11.4, 27.4
11.4, 27.6
11.4, 27.8
11.4, 28
11.4, 28.2
11.4, 28.4
11.4, 28.6
11.4, 28.8
11.4, 29
11.4, 29.2
11.4, 29.4
11.4, 29.6
11.4, 29.8
11.4, 30
11.4, 30.2
11.4, 30.4
11.4, 30.6
11.4, 30.8
11.4, 31
11.4, 31.2
11.4, 31.4
11.4, 31.6
11.4, 31.8
11.4, 32
11.4, 32.2
11.4, 32.4
11.4, 32.6
11.4, 32.8
11.4, 33
11.4, 33.2
11.4, 33.4
11.4, 33.6
11.4, 33.8
11.4, 34
11.4, 34.2
11.4, 34.4
11.4, 34.6
11.4, 34.8
11.4, 35
11.4, 35.2
11.4, 35.4
11.4, 35.6
11.4, 35.8
11.4, 36
11.4, 36.2
11.4, 36.4
11.4, 36.6
11.4, 36.8
11.4, 37
11.4, 37.2
11.4, 37.4
11.4, 37.6
11.4, 37.8
11.4, 38
11.4, 38.2
11.4, 38.4
11.4, 38.6
11.4, 38.8
11.4, 39
11.4, 39.2
11.4, 39.4
11.4, 39.6
11.4, 39.8
11.4, 40
11.4, 40.2
11.4, 40.4
11.4, 40.6
11.4, 40.8
11.4, 41
11.4, 41.2
11.4, 41.4
11.4, 41.6
11.4, 41.8
11.4, 42
11.4, 42.2
11.4, 42.4
11.4, 42.6
11.4, 42.8
11.4, 43
11.4, 43.2
11.4, 43.4
11.4, 43.6
11.4, 43.8
11.4, 44
11.4, 44.2
11.4, 44.4
11.4, 44.6
11.4, 44.8
11.4, 45
11.4, 45.2
11.4, 45.4
11.4, 45.6
11.4, 45.8
11.4, 46
11.4, 46.2
11.4, 46.4
11.4, 46.6
11.4, 46.8
11.4, 47
11.4, 47.2
11.4, 47.4
11.4, 47.6
11.4, 47.8
11.4, 48
11.4, 48.2
11.4, 48.4
11.4, 48.6
11.4, 48.8
11.4, 49
11.4, 49.2
11.4, 49.4
11.4, 49.6
11.4, 49.8
11.4, 50
11.6, 0.2
11.6, 0.4
11.6, 0.6
11.6, 0.8
11.6, 1
11.6, 1.2
11.6, 1.4
11.6, 1.6
11.6, 1.8
11.6, 2
11.6, 2.2
11.6, 2.4
11.6, 2.6
11.6, 2.8
11.6, 3
11.6, 3.2
11.6, 3.4
11.6, 3.6
11.6, 3.8
11.6, 4
11.6, 4.2
11.6, 4.4
11.6, 4.6
11.6, 4.8
11.6, 5
11.6, 5.2
11.6, 5.4
11.6, 5.6
11.6, 5.8
11.6, 6
11.6, 6.2
11.6, 6.4
11.6, 6.6
11.6, 6.8
11.6, 7
11.6, 7.2
11.6, 7.4
11.6, 7.6
11.6, 7.8
11.6, 8
11.6, 8.2
11.6, 8.4
11.6, 8.6
11.6, 8.8
11.6, 9
11.6, 9.2
11.6, 9.4
11.6, 9.6
11.6, 9.8
11.6, 10
11.6, 10.2
11.6, 10.4
11.6, 10.6
11.6, 10.8
11.6, 11
11.6, 11.2
11.6, 11.4
11.6, 11.6
11.6, 11.8
11.6, 12
11.6, 12.2
11.6, 12.4
11.6, 12.6
11.6, 12.8
11.6, 13
11.6, 13.2
11.6, 13.4
11.6, 13.6
11.6, 13.8
11.6, 14
11.6, 14.2
11.6, 14.4
11.6, 14.6
11.6, 14.8
11.6, 15
11.6, 15.2
11.6, 15.4
11.6, 15.6
11.6, 15.8
11.6, 16
11.6, 16.2
11.6, 16.4
11.6, 16.6
11.6, 16.8
11.6, 17
11.6, 17.2
11.6, 17.4
11.6, 17.6
11.6, 17.8
11.6, 18
11.6, 18.2
11.6, 18.4
11.6, 18.6
11.6, 18.8
11.6, 19
11.6, 19.2
11.6, 19.4
11.6, 19.6
11.6, 19.8
11.6, 20
11.6, 20.2
11.6, 20.4
11.6, 20.6
11.6, 20.8
11.6, 21
11.6, 21.2
11.6, 21.4
11.6, 21.6
11.6, 21.8
11.6, 22
11.6, 22.2
11.6, 22.4
11.6, 22.6
11.6, 22.8
11.6, 23
11.6, 23.2
11.6, 23.4
11.6, 23.6
11.6, 23.8
11.6, 24
11.6, 24.2
11.6, 24.4
11.6, 24.6
11.6, 24.8
11.6, 25
11.6, 25.2
11.6, 25.4
11.6, 25.6
11.6, 25.8
11.6, 26
11.6, 26.2
11.6, 26.4
11.6, 26.6
11.6, 26.8
11.6, 27
11.6, 27.2
11.6, 27.4
11.6, 27.6
11.6, 27.8
11.6, 28
11.6, 28.2
11.6, 28.4
11.6, 28.6
11.6, 28.8
11.6, 29
11.6, 29.2
11.6, 29.4
11.6, 29.6
11.6, 29.8
11.6, 30
11.6, 30.2
11.6, 30.4
11.6, 30.6
11.6, 30.8
11.6, 31
11.6, 31.2
11.6, 31.4
11.6, 31.6
11.6, 31.8
11.6, 32
11.6, 32.2
11.6, 32.4
11.6, 32.6
11.6, 32.8
11.6, 33
11.6, 33.2
11.6, 33.4
11.6, 33.6
11.6, 33.8
11.6, 34
11.6, 34.2
11.6, 34.4
11.6, 34.6
11.6, 34.8
11.6, 35
11.6, 35.2
11.6, 35.4
11.6, 35.6
11.6, 35.8
11.6, 36
11.6, 36.2
11.6, 36.4
11.6, 36.6
11.6, 36.8
11.6, 37
11.6, 37.2
11.6, 37.4
11.6, 37.6
11.6, 37.8
11.6, 38
11.6, 38.2
11.6, 38.4
11.6, 38.6
11.6, 38.8
11.6, 39
11.6, 39.2
11.6, 39.4
11.6, 39.6
11.6, 39.8
11.6, 40
11.6, 40.2
11.6, 40.4
11.6, 40.6
11.6, 40.8
11.6, 41
11.6, 41.2
11.6, 41.4
11.6, 41.6
11.6, 41.8
11.6, 42
11.6, 42.2
11.6, 42.4
11.6, 42.6
11.6, 42.8
11.6, 43
11.6, 43.2
11.6, 43.4
11.6, 43.6
11.6, 43.8
11.6, 44
11.6, 44.2
11.6, 44.4
11.6, 44.6
11.6, 44.8
11.6, 45
11.6, 45.2
11.6, 45.4
11.6, 45.6
11.6, 45.8
11.6, 46
11.6, 46.2
11.6, 46.4
11.6, 46.6
11.6, 46.8
11.6, 47
11.6, 47.2
11.6, 47.4
11.6, 47.6
11.6, 47.8
11.6, 48
11.6, 48.2
11.6, 48.4
11.6, 48.6
11.6, 48.8
11.6, 49
11.6, 49.2
11.6, 49.4
11.6, 49.6
11.6, 49.8
11.6, 50
11.8, 0.2
11.8, 0.4
11.8, 0.6
11.8, 0.8
11.8, 1
11.8, 1.2
11.8, 1.4
11.8, 1.6
11.8, 1.8
11.8, 2
11.8, 2.2
11.8, 2.4
11.8, 2.6
11.8, 2.8
11.8, 3
11.8, 3.2
11.8, 3.4
11.8, 3.6
11.8, 3.8
11.8, 4
11.8, 4.2
11.8, 4.4
11.8, 4.6
11.8, 4.8
11.8, 5
11.8, 5.2
11.8, 5.4
11.8, 5.6
11.8, 5.8
11.8, 6
11.8, 6.2
11.8, 6.4
11.8, 6.6
11.8, 6.8
11.8, 7
11.8, 7.2
11.8, 7.4
11.8, 7.6
11.8, 7.8
11.8, 8
11.8, 8.2
11.8, 8.4
11.8, 8.6
11.8, 8.8
11.8, 9
11.8, 9.2
11.8, 9.4
11.8, 9.6
11.8, 9.8
11.8, 10
11.8, 10.2
11.8, 10.4
11.8, 10.6
11.8, 10.8
11.8, 11
11.8, 11.2
11.8, 11.4
11.8, 11.6
11.8, 11.8
11.8, 12
11.8, 12.2
11.8, 12.4
11.8, 12.6
11.8, 12.8
11.8, 13
11.8, 13.2
11.8, 13.4
11.8, 13.6
11.8, 13.8
11.8, 14
11.8, 14.2
11.8, 14.4
11.8, 14.6
11.8, 14.8
11.8, 15
11.8, 15.2
11.8, 15.4
11.8, 15.6
11.8, 15.8
11.8, 16
11.8, 16.2
11.8, 16.4
11.8, 16.6
11.8, 16.8
11.8, 17
11.8, 17.2
11.8, 17.4
11.8, 17.6
11.8, 17.8
11.8, 18
11.8, 18.2
11.8, 18.4
11.8, 18.6
11.8, 18.8
11.8, 19
11.8, 19.2
11.8, 19.4
11.8, 19.6
11.8, 19.8
11.8, 20
11.8, 20.2
11.8, 20.4
11.8, 20.6
11.8, 20.8
11.8, 21
11.8, 21.2
11.8, 21.4
11.8, 21.6
11.8, 21.8
11.8, 22
11.8, 22.2
11.8, 22.4
11.8, 22.6
11.8, 22.8
11.8, 23
11.8, 23.2
11.8, 23.4
11.8, 23.6
11.8, 23.8
11.8, 24
11.8, 24.2
11.8, 24.4
11.8, 24.6
11.8, 24.8
11.8, 25
11.8, 25.2
11.8, 25.4
11.8, 25.6
11.8, 25.8
11.8, 26
11.8, 26.2
11.8, 26.4
11.8, 26.6
11.8, 26.8
11.8, 27
11.8, 27.2
11.8, 27.4
11.8, 27.6
11.8, 27.8
11.8, 28
11.8, 28.2
11.8, 28.4
11.8, 28.6
11.8, 28.8
11.8, 29
11.8, 29.2
11.8, 29.4
11.8, 29.6
11.8, 29.8
11.8, 30
11.8, 30.2
11.8, 30.4
11.8, 30.6
11.8, 30.8
11.8, 31
11.8, 31.2
11.8, 31.4
11.8, 31.6
11.8, 31.8
11.8, 32
11.8, 32.2
11.8, 32.4
11.8, 32.6
11.8, 32.8
11.8, 33
11.8, 33.2
11.8, 33.4
11.8, 33.6
11.8, 33.8
11.8, 34
11.8, 34.2
11.8, 34.4
11.8, 34.6
11.8, 34.8
11.8, 35
11.8, 35.2
11.8, 35.4
11.8, 35.6
11.8, 35.8
11.8, 36
11.8, 36.2
11.8, 36.4
11.8, 36.6
11.8, 36.8
11.8, 37
11.8, 37.2
11.8, 37.4
11.8, 37.6
11.8, 37.8
11.8, 38
11.8, 38.2
11.8, 38.4
11.8, 38.6
11.8, 38.8
11.8, 39
11.8, 39.2
11.8, 39.4
11.8, 39.6
11.8, 39.8
11.8, 40
11.8, 40.2
11.8, 40.4
11.8, 40.6
11.8, 40.8
11.8, 41
11.8, 41.2
11.8, 41.4
11.8, 41.6
11.8, 41.8
11.8, 42
11.8, 42.2
11.8, 42.4
11.8, 42.6
11.8, 42.8
11.8, 43
11.8, 43.2
11.8, 43.4
11.8, 43.6
11.8, 43.8
11.8, 44
11.8, 44.2
11.8, 44.4
11.8, 44.6
11.8, 44.8
11.8, 45
11.8, 45.2
11.8, 45.4
11.8, 45.6
11.8, 45.8
11.8, 46
11.8, 46.2
11.8, 46.4
11.8, 46.6
11.8, 46.8
11.8, 47
11.8, 47.2
11.8, 47.4
11.8, 47.6
11.8, 47.8
11.8, 48
11.8, 48.2
11.8, 48.4
11.8, 48.6
11.8, 48.8
11.8, 49
11.8, 49.2
11.8, 49.4
11.8, 49.6
11.8, 49.8
11.8, 50
12, 0.2
12, 0.4
12, 0.6
12, 0.8
12, 1
12, 1.2
12, 1.4
12, 1.6
12, 1.8
12, 2
12, 2.2
12, 2.4
12, 2.6
12, 2.8
12, 3
12, 3.2
12, 3.4
12, 3.6
12, 3.8
12, 4
12, 4.2
12, 4.4
12, 4.6
12, 4.8
12, 5
12, 5.2
12, 5.4
12, 5.6
12, 5.8
12, 6
12, 6.2
12, 6.4
12, 6.6
12, 6.8
12, 7
12, 7.2
12, 7.4
12, 7.6
12, 7.8
12, 8
12, 8.2
12, 8.4
12, 8.6
12, 8.8
12, 9
12, 9.2
12, 9.4
12, 9.6
12, 9.8
12, 10
12, 10.2
12, 10.4
12, 10.6
12, 10.8
12, 11
12, 11.2
12, 11.4
12, 11.6
12, 11.8
12, 12
12, 12.2
12, 12.4
12, 12.6
12, 12.8
12, 13
12, 13.2
12, 13.4
12, 13.6
12, 13.8
12, 14
12, 14.2
12, 14.4
12, 14.6
12, 14.8
12, 15
12, 15.2
12, 15.4
12, 15.6
12, 15.8
12, 16
12, 16.2
12, 16.4
12, 16.6
12, 16.8
12, 17
12, 17.2
12, 17.4
12, 17.6
12, 17.8
12, 18
12, 18.2
12, 18.4
12, 18.6
12, 18.8
12, 19
12, 19.2
12, 19.4
12, 19.6
12, 19.8
12, 20
12, 20.2
12, 20.4
12, 20.6
12, 20.8
12, 21
12, 21.2
12, 21.4
12, 21.6
12, 21.8
12, 22
12, 22.2
12, 22.4
12, 22.6
12, 22.8
12, 23
12, 23.2
12, 23.4
12, 23.6
12, 23.8
12, 24
12, 24.2
12, 24.4
12, 24.6
12, 24.8
12, 25
12, 25.2
12, 25.4
12, 25.6
12, 25.8
12, 26
12, 26.2
12, 26.4
12, 26.6
12, 26.8
12, 27
12, 27.2
12, 27.4
12, 27.6
12, 27.8
12, 28
12, 28.2
12, 28.4
12, 28.6
12, 28.8
12, 29
12, 29.2
12, 29.4
12, 29.6
12, 29.8
12, 30
12, 30.2
12, 30.4
12, 30.6
12, 30.8
12, 31
12, 31.2
12, 31.4
12, 31.6
12, 31.8
12, 32
12, 32.2
12, 32.4
12, 32.6
12, 32.8
12, 33
12, 33.2
12, 33.4
12, 33.6
12, 33.8
12, 34
12, 34.2
12, 34.4
12, 34.6
12, 34.8
12, 35
12, 35.2
12, 35.4
12, 35.6
12, 35.8
12, 36
12, 36.2
12, 36.4
12, 36.6
12, 36.8
12, 37
12, 37.2
12, 37.4
12, 37.6
12, 37.8
12, 38
12, 38.2
12, 38.4
12, 38.6
12, 38.8
12, 39
12, 39.2
12, 39.4
12, 39.6
12, 39.8
12, 40
12, 40.2
12, 40.4
12, 40.6
12, 40.8
12, 41
12, 41.2
12, 41.4
12, 41.6
12, 41.8
12, 42
12, 42.2
12, 42.4
12, 42.6
12, 42.8
12, 43
12, 43.2
12, 43.4
12, 43.6
12, 43.8
12, 44
12, 44.2
12, 44.4
12, 44.6
12, 44.8
12, 45
12, 45.2
12, 45.4
12, 45.6
12, 45.8
12, 46
12, 46.2
12, 46.4
12, 46.6
12, 46.8
12, 47
12, 47.2
12, 47.4
12, 47.6
12, 47.8
12, 48
12, 48.2
12, 48.4
12, 48.6
12, 48.8
12, 49
12, 49.2
12, 49.4
12, 49.6
12, 49.8
12, 50
12.2, 0.2
12.2, 0.4
12.2, 0.6
12.2, 0.8
12.2, 1
12.2, 1.2
12.2, 1.4
12.2, 1.6
12.2, 1.8
12.2, 2
12.2, 2.2
12.2, 2.4
12.2, 2.6
12.2, 2.8
12.2, 3
12.2, 3.2
12.2, 3.4
12.2, 3.6
12.2, 3.8
12.2, 4
12.2, 4.2
12.2, 4.4
12.2, 4.6
12.2, 4.8
12.2, 5
12.2, 5.2
12.2, 5.4
12.2, 5.6
12.2, 5.8
12.2, 6
12.2, 6.2
12.2, 6.4
12.2, 6.6
12.2, 6.8
12.2, 7
12.2, 7.2
12.2, 7.4
12.2, 7.6
12.2, 7.8
12.2, 8
12.2, 8.2
12.2, 8.4
12.2, 8.6
12.2, 8.8
12.2, 9
12.2, 9.2
12.2, 9.4
12.2, 9.6
12.2, 9.8
12.2, 10
12.2, 10.2
12.2, 10.4
12.2, 10.6
12.2, 10.8
12.2, 11
12.2, 11.2
12.2, 11.4
12.2, 11.6
12.2, 11.8
12.2, 12
12.2, 12.2
12.2, 12.4
12.2, 12.6
12.2, 12.8
12.2, 13
12.2, 13.2
12.2, 13.4
12.2, 13.6
12.2, 13.8
12.2, 14
12.2, 14.2
12.2, 14.4
12.2, 14.6
12.2, 14.8
12.2, 15
12.2, 15.2
12.2, 15.4
12.2, 15.6
12.2, 15.8
12.2, 16
12.2, 16.2
12.2, 16.4
12.2, 16.6
12.2, 16.8
12.2, 17
12.2, 17.2
12.2, 17.4
12.2, 17.6
12.2, 17.8
12.2, 18
12.2, 18.2
12.2, 18.4
12.2, 18.6
12.2, 18.8
12.2, 19
12.2, 19.2
12.2, 19.4
12.2, 19.6
12.2, 19.8
12.2, 20
12.2, 20.2
12.2, 20.4
12.2, 20.6
12.2, 20.8
12.2, 21
12.2, 21.2
12.2, 21.4
12.2, 21.6
12.2, 21.8
12.2, 22
12.2, 22.2
12.2, 22.4
12.2, 22.6
12.2, 22.8
12.2, 23
12.2, 23.2
12.2, 23.4
12.2, 23.6
12.2, 23.8
12.2, 24
12.2, 24.2
12.2, 24.4
12.2, 24.6
12.2, 24.8
12.2, 25
12.2, 25.2
12.2, 25.4
12.2, 25.6
12.2, 25.8
12.2, 26
12.2, 26.2
12.2, 26.4
12.2, 26.6
12.2, 26.8
12.2, 27
12.2, 27.2
12.2, 27.4
12.2, 27.6
12.2, 27.8
12.2, 28
12.2, 28.2
12.2, 28.4
12.2, 28.6
12.2, 28.8
12.2, 29
12.2, 29.2
12.2, 29.4
12.2, 29.6
12.2, 29.8
12.2, 30
12.2, 30.2
12.2, 30.4
12.2, 30.6
12.2, 30.8
12.2, 31
12.2, 31.2
12.2, 31.4
12.2, 31.6
12.2, 31.8
12.2, 32
12.2, 32.2
12.2, 32.4
12.2, 32.6
12.2, 32.8
12.2, 33
12.2, 33.2
12.2, 33.4
12.2, 33.6
12.2, 33.8
12.2, 34
12.2, 34.2
12.2, 34.4
12.2, 34.6
12.2, 34.8
12.2, 35
12.2, 35.2
12.2, 35.4
12.2, 35.6
12.2, 35.8
12.2, 36
12.2, 36.2
12.2, 36.4
12.2, 36.6
12.2, 36.8
12.2, 37
12.2, 37.2
12.2, 37.4
12.2, 37.6
12.2, 37.8
12.2, 38
12.2, 38.2
12.2, 38.4
12.2, 38.6
12.2, 38.8
12.2, 39
12.2, 39.2
12.2, 39.4
12.2, 39.6
12.2, 39.8
12.2, 40
12.2, 40.2
12.2, 40.4
12.2, 40.6
12.2, 40.8
12.2, 41
12.2, 41.2
12.2, 41.4
12.2, 41.6
12.2, 41.8
12.2, 42
12.2, 42.2
12.2, 42.4
12.2, 42.6
12.2, 42.8
12.2, 43
12.2, 43.2
12.2, 43.4
12.2, 43.6
12.2, 43.8
12.2, 44
12.2, 44.2
12.2, 44.4
12.2, 44.6
12.2, 44.8
12.2, 45
12.2, 45.2
12.2, 45.4
12.2, 45.6
12.2, 45.8
12.2, 46
12.2, 46.2
12.2, 46.4
12.2, 46.6
12.2, 46.8
12.2, 47
12.2, 47.2
12.2, 47.4
12.2, 47.6
12.2, 47.8
12.2, 48
12.2, 48.2
12.2, 48.4
12.2, 48.6
12.2, 48.8
12.2, 49
12.2, 49.2
12.2, 49.4
12.2, 49.6
12.2, 49.8
12.2, 50
12.4, 0.2
12.4, 0.4
12.4, 0.6
12.4, 0.8
12.4, 1
12.4, 1.2
12.4, 1.4
12.4, 1.6
12.4, 1.8
12.4, 2
12.4, 2.2
12.4, 2.4
12.4, 2.6
12.4, 2.8
12.4, 3
12.4, 3.2
12.4, 3.4
12.4, 3.6
12.4, 3.8
12.4, 4
12.4, 4.2
12.4, 4.4
12.4, 4.6
12.4, 4.8
12.4, 5
12.4, 5.2
12.4, 5.4
12.4, 5.6
12.4, 5.8
12.4, 6
12.4, 6.2
12.4, 6.4
12.4, 6.6
12.4, 6.8
12.4, 7
12.4, 7.2
12.4, 7.4
12.4, 7.6
12.4, 7.8
12.4, 8
12.4, 8.2
12.4, 8.4
12.4, 8.6
12.4, 8.8
12.4, 9
12.4, 9.2
12.4, 9.4
12.4, 9.6
12.4, 9.8
12.4, 10
12.4, 10.2
12.4, 10.4
12.4, 10.6
12.4, 10.8
12.4, 11
12.4, 11.2
12.4, 11.4
12.4, 11.6
12.4, 11.8
12.4, 12
12.4, 12.2
12.4, 12.4
12.4, 12.6
12.4, 12.8
12.4, 13
12.4, 13.2
12.4, 13.4
12.4, 13.6
12.4, 13.8
12.4, 14
12.4, 14.2
12.4, 14.4
12.4, 14.6
12.4, 14.8
12.4, 15
12.4, 15.2
12.4, 15.4
12.4, 15.6
12.4, 15.8
12.4, 16
12.4, 16.2
12.4, 16.4
12.4, 16.6
12.4, 16.8
12.4, 17
12.4, 17.2
12.4, 17.4
12.4, 17.6
12.4, 17.8
12.4, 18
12.4, 18.2
12.4, 18.4
12.4, 18.6
12.4, 18.8
12.4, 19
12.4, 19.2
12.4, 19.4
12.4, 19.6
12.4, 19.8
12.4, 20
12.4, 20.2
12.4, 20.4
12.4, 20.6
12.4, 20.8
12.4, 21
12.4, 21.2
12.4, 21.4
12.4, 21.6
12.4, 21.8
12.4, 22
12.4, 22.2
12.4, 22.4
12.4, 22.6
12.4, 22.8
12.4, 23
12.4, 23.2
12.4, 23.4
12.4, 23.6
12.4, 23.8
12.4, 24
12.4, 24.2
12.4, 24.4
12.4, 24.6
12.4, 24.8
12.4, 25
12.4, 25.2
12.4, 25.4
12.4, 25.6
12.4, 25.8
12.4, 26
12.4, 26.2
12.4, 26.4
12.4, 26.6
12.4, 26.8
12.4, 27
12.4, 27.2
12.4, 27.4
12.4, 27.6
12.4, 27.8
12.4, 28
12.4, 28.2
12.4, 28.4
12.4, 28.6
12.4, 28.8
12.4, 29
12.4, 29.2
12.4, 29.4
12.4, 29.6
12.4, 29.8
12.4, 30
12.4, 30.2
12.4, 30.4
12.4, 30.6
12.4, 30.8
12.4, 31
12.4, 31.2
12.4, 31.4
12.4, 31.6
12.4, 31.8
12.4, 32
12.4, 32.2
12.4, 32.4
12.4, 32.6
12.4, 32.8
12.4, 33
12.4, 33.2
12.4, 33.4
12.4, 33.6
12.4, 33.8
12.4, 34
12.4, 34.2
12.4, 34.4
12.4, 34.6
12.4, 34.8
12.4, 35
12.4, 35.2
12.4, 35.4
12.4, 35.6
12.4, 35.8
12.4, 36
12.4, 36.2
12.4, 36.4
12.4, 36.6
12.4, 36.8
12.4, 37
12.4, 37.2
12.4, 37.4
12.4, 37.6
12.4, 37.8
12.4, 38
12.4, 38.2
12.4, 38.4
12.4, 38.6
12.4, 38.8
12.4, 39
12.4, 39.2
12.4, 39.4
12.4, 39.6
12.4, 39.8
12.4, 40
12.4, 40.2
12.4, 40.4
12.4, 40.6
12.4, 40.8
12.4, 41
12.4, 41.2
12.4, 41.4
12.4, 41.6
12.4, 41.8
12.4, 42
12.4, 42.2
12.4, 42.4
12.4, 42.6
12.4, 42.8
12.4, 43
12.4, 43.2
12.4, 43.4
12.4, 43.6
12.4, 43.8
12.4, 44
12.4, 44.2
12.4, 44.4
12.4, 44.6
12.4, 44.8
12.4, 45
12.4, 45.2
12.4, 45.4
12.4, 45.6
12.4, 45.8
12.4, 46
12.4, 46.2
12.4, 46.4
12.4, 46.6
12.4, 46.8
12.4, 47
12.4, 47.2
12.4, 47.4
12.4, 47.6
12.4, 47.8
12.4, 48
12.4, 48.2
12.4, 48.4
12.4, 48.6
12.4, 48.8
12.4, 49
12.4, 49.2
12.4, 49.4
12.4, 49.6
12.4, 49.8
12.4, 50
12.6, 0.2
12.6, 0.4
12.6, 0.6
12.6, 0.8
12.6, 1
12.6, 1.2
12.6, 1.4
12.6, 1.6
12.6, 1.8
12.6, 2
12.6, 2.2
12.6, 2.4
12.6, 2.6
12.6, 2.8
12.6, 3
12.6, 3.2
12.6, 3.4
12.6, 3.6
12.6, 3.8
12.6, 4
12.6, 4.2
12.6, 4.4
12.6, 4.6
12.6, 4.8
12.6, 5
12.6, 5.2
12.6, 5.4
12.6, 5.6
12.6, 5.8
12.6, 6
12.6, 6.2
12.6, 6.4
12.6, 6.6
12.6, 6.8
12.6, 7
12.6, 7.2
12.6, 7.4
12.6, 7.6
12.6, 7.8
12.6, 8
12.6, 8.2
12.6, 8.4
12.6, 8.6
12.6, 8.8
12.6, 9
12.6, 9.2
12.6, 9.4
12.6, 9.6
12.6, 9.8
12.6, 10
12.6, 10.2
12.6, 10.4
12.6, 10.6
12.6, 10.8
12.6, 11
12.6, 11.2
12.6, 11.4
12.6, 11.6
12.6, 11.8
12.6, 12
12.6, 12.2
12.6, 12.4
12.6, 12.6
12.6, 12.8
12.6, 13
12.6, 13.2
12.6, 13.4
12.6, 13.6
12.6, 13.8
12.6, 14
12.6, 14.2
12.6, 14.4
12.6, 14.6
12.6, 14.8
12.6, 15
12.6, 15.2
12.6, 15.4
12.6, 15.6
12.6, 15.8
12.6, 16
12.6, 16.2
12.6, 16.4
12.6, 16.6
12.6, 16.8
12.6, 17
12.6, 17.2
12.6, 17.4
12.6, 17.6
12.6, 17.8
12.6, 18
12.6, 18.2
12.6, 18.4
12.6, 18.6
12.6, 18.8
12.6, 19
12.6, 19.2
12.6, 19.4
12.6, 19.6
12.6, 19.8
12.6, 20
12.6, 20.2
12.6, 20.4
12.6, 20.6
12.6, 20.8
12.6, 21
12.6, 21.2
12.6, 21.4
12.6, 21.6
12.6, 21.8
12.6, 22
12.6, 22.2
12.6, 22.4
12.6, 22.6
12.6, 22.8
12.6, 23
12.6, 23.2
12.6, 23.4
12.6, 23.6
12.6, 23.8
12.6, 24
12.6, 24.2
12.6, 24.4
12.6, 24.6
12.6, 24.8
12.6, 25
12.6, 25.2
12.6, 25.4
12.6, 25.6
12.6, 25.8
12.6, 26
12.6, 26.2
12.6, 26.4
12.6, 26.6
12.6, 26.8
12.6, 27
12.6, 27.2
12.6, 27.4
12.6, 27.6
12.6, 27.8
12.6, 28
12.6, 28.2
12.6, 28.4
12.6, 28.6
12.6, 28.8
12.6, 29
12.6, 29.2
12.6, 29.4
12.6, 29.6
12.6, 29.8
12.6, 30
12.6, 30.2
12.6, 30.4
12.6, 30.6
12.6, 30.8
12.6, 31
12.6, 31.2
12.6, 31.4
12.6, 31.6
12.6, 31.8
12.6, 32
12.6, 32.2
12.6, 32.4
12.6, 32.6
12.6, 32.8
12.6, 33
12.6, 33.2
12.6, 33.4
12.6, 33.6
12.6, 33.8
12.6, 34
12.6, 34.2
12.6, 34.4
12.6, 34.6
12.6, 34.8
12.6, 35
12.6, 35.2
12.6, 35.4
12.6, 35.6
12.6, 35.8
12.6, 36
12.6, 36.2
12.6, 36.4
12.6, 36.6
12.6, 36.8
12.6, 37
12.6, 37.2
12.6, 37.4
12.6, 37.6
12.6, 37.8
12.6, 38
12.6, 38.2
12.6, 38.4
12.6, 38.6
12.6, 38.8
12.6, 39
12.6, 39.2
12.6, 39.4
12.6, 39.6
12.6, 39.8
12.6, 40
12.6, 40.2
12.6, 40.4
12.6, 40.6
12.6, 40.8
12.6, 41
12.6, 41.2
12.6, 41.4
12.6, 41.6
12.6, 41.8
12.6, 42
12.6, 42.2
12.6, 42.4
12.6, 42.6
12.6, 42.8
12.6, 43
12.6, 43.2
12.6, 43.4
12.6, 43.6
12.6, 43.8
12.6, 44
12.6, 44.2
12.6, 44.4
12.6, 44.6
12.6, 44.8
12.6, 45
12.6, 45.2
12.6, 45.4
12.6, 45.6
12.6, 45.8
12.6, 46
12.6, 46.2
12.6, 46.4
12.6, 46.6
12.6, 46.8
12.6, 47
12.6, 47.2
12.6, 47.4
12.6, 47.6
12.6, 47.8
12.6, 48
12.6, 48.2
12.6, 48.4
12.6, 48.6
12.6, 48.8
12.6, 49
12.6, 49.2
12.6, 49.4
12.6, 49.6
12.6, 49.8
12.6, 50
12.8, 0.2
12.8, 0.4
12.8, 0.6
12.8, 0.8
12.8, 1
12.8, 1.2
12.8, 1.4
12.8, 1.6
12.8, 1.8
12.8, 2
12.8, 2.2
12.8, 2.4
12.8, 2.6
12.8, 2.8
12.8, 3
12.8, 3.2
12.8, 3.4
12.8, 3.6
12.8, 3.8
12.8, 4
12.8, 4.2
12.8, 4.4
12.8, 4.6
12.8, 4.8
12.8, 5
12.8, 5.2
12.8, 5.4
12.8, 5.6
12.8, 5.8
12.8, 6
12.8, 6.2
12.8, 6.4
12.8, 6.6
12.8, 6.8
12.8, 7
12.8, 7.2
12.8, 7.4
12.8, 7.6
12.8, 7.8
12.8, 8
12.8, 8.2
12.8, 8.4
12.8, 8.6
12.8, 8.8
12.8, 9
12.8, 9.2
12.8, 9.4
12.8, 9.6
12.8, 9.8
12.8, 10
12.8, 10.2
12.8, 10.4
12.8, 10.6
12.8, 10.8
12.8, 11
12.8, 11.2
12.8, 11.4
12.8, 11.6
12.8, 11.8
12.8, 12
12.8, 12.2
12.8, 12.4
12.8, 12.6
12.8, 12.8
12.8, 13
12.8, 13.2
12.8, 13.4
12.8, 13.6
12.8, 13.8
12.8, 14
12.8, 14.2
12.8, 14.4
12.8, 14.6
12.8, 14.8
12.8, 15
12.8, 15.2
12.8, 15.4
12.8, 15.6
12.8, 15.8
12.8, 16
12.8, 16.2
12.8, 16.4
12.8, 16.6
12.8, 16.8
12.8, 17
12.8, 17.2
12.8, 17.4
12.8, 17.6
12.8, 17.8
12.8, 18
12.8, 18.2
12.8, 18.4
12.8, 18.6
12.8, 18.8
12.8, 19
12.8, 19.2
12.8, 19.4
12.8, 19.6
12.8, 19.8
12.8, 20
12.8, 20.2
12.8, 20.4
12.8, 20.6
12.8, 20.8
12.8, 21
12.8, 21.2
12.8, 21.4
12.8, 21.6
12.8, 21.8
12.8, 22
12.8, 22.2
12.8, 22.4
12.8, 22.6
12.8, 22.8
12.8, 23
12.8, 23.2
12.8, 23.4
12.8, 23.6
12.8, 23.8
12.8, 24
12.8, 24.2
12.8, 24.4
12.8, 24.6
12.8, 24.8
12.8, 25
12.8, 25.2
12.8, 25.4
12.8, 25.6
12.8, 25.8
12.8, 26
12.8, 26.2
12.8, 26.4
12.8, 26.6
12.8, 26.8
12.8, 27
12.8, 27.2
12.8, 27.4
12.8, 27.6
12.8, 27.8
12.8, 28
12.8, 28.2
12.8, 28.4
12.8, 28.6
12.8, 28.8
12.8, 29
12.8, 29.2
12.8, 29.4
12.8, 29.6
12.8, 29.8
12.8, 30
12.8, 30.2
12.8, 30.4
12.8, 30.6
12.8, 30.8
12.8, 31
12.8, 31.2
12.8, 31.4
12.8, 31.6
12.8, 31.8
12.8, 32
12.8, 32.2
12.8, 32.4
12.8, 32.6
12.8, 32.8
12.8, 33
12.8, 33.2
12.8, 33.4
12.8, 33.6
12.8, 33.8
12.8, 34
12.8, 34.2
12.8, 34.4
12.8, 34.6
12.8, 34.8
12.8, 35
12.8, 35.2
12.8, 35.4
12.8, 35.6
12.8, 35.8
12.8, 36
12.8, 36.2
12.8, 36.4
12.8, 36.6
12.8, 36.8
12.8, 37
12.8, 37.2
12.8, 37.4
12.8, 37.6
12.8, 37.8
12.8, 38
12.8, 38.2
12.8, 38.4
12.8, 38.6
12.8, 38.8
12.8, 39
12.8, 39.2
12.8, 39.4
12.8, 39.6
12.8, 39.8
12.8, 40
12.8, 40.2
12.8, 40.4
12.8, 40.6
12.8, 40.8
12.8, 41
12.8, 41.2
12.8, 41.4
12.8, 41.6
12.8, 41.8
12.8, 42
12.8, 42.2
12.8, 42.4
12.8, 42.6
12.8, 42.8
12.8, 43
12.8, 43.2
12.8, 43.4
12.8, 43.6
12.8, 43.8
12.8, 44
12.8, 44.2
12.8, 44.4
12.8, 44.6
12.8, 44.8
12.8, 45
12.8, 45.2
12.8, 45.4
12.8, 45.6
12.8, 45.8
12.8, 46
12.8, 46.2
12.8, 46.4
12.8, 46.6
12.8, 46.8
12.8, 47
12.8, 47.2
12.8, 47.4
12.8, 47.6
12.8, 47.8
12.8, 48
12.8, 48.2
12.8, 48.4
12.8, 48.6
12.8, 48.8
12.8, 49
12.8, 49.2
12.8, 49.4
12.8, 49.6
12.8, 49.8
12.8, 50
13, 0.2
13, 0.4
13, 0.6
13, 0.8
13, 1
13, 1.2
13, 1.4
13, 1.6
13, 1.8
13, 2
13, 2.2
13, 2.4
13, 2.6
13, 2.8
13, 3
13, 3.2
13, 3.4
13, 3.6
13, 3.8
13, 4
13, 4.2
13, 4.4
13, 4.6
13, 4.8
13, 5
13, 5.2
13, 5.4
13, 5.6
13, 5.8
13, 6
13, 6.2
13, 6.4
13, 6.6
13, 6.8
13, 7
13, 7.2
13, 7.4
13, 7.6
13, 7.8
13, 8
13, 8.2
13, 8.4
13, 8.6
13, 8.8
13, 9
13, 9.2
13, 9.4
13, 9.6
13, 9.8
13, 10
13, 10.2
13, 10.4
13, 10.6
13, 10.8
13, 11
13, 11.2
13, 11.4
13, 11.6
13, 11.8
13, 12
13, 12.2
13, 12.4
13, 12.6
13, 12.8
13, 13
13, 13.2
13, 13.4
13, 13.6
13, 13.8
13, 14
13, 14.2
13, 14.4
13, 14.6
13, 14.8
13, 15
13, 15.2
13, 15.4
13, 15.6
13, 15.8
13, 16
13, 16.2
13, 16.4
13, 16.6
13, 16.8
13, 17
13, 17.2
13, 17.4
13, 17.6
13, 17.8
13, 18
13, 18.2
13, 18.4
13, 18.6
13, 18.8
13, 19
13, 19.2
13, 19.4
13, 19.6
13, 19.8
13, 20
13, 20.2
13, 20.4
13, 20.6
13, 20.8
13, 21
13, 21.2
13, 21.4
13, 21.6
13, 21.8
13, 22
13, 22.2
13, 22.4
13, 22.6
13, 22.8
13, 23
13, 23.2
13, 23.4
13, 23.6
13, 23.8
13, 24
13, 24.2
13, 24.4
13, 24.6
13, 24.8
13, 25
13, 25.2
13, 25.4
13, 25.6
13, 25.8
13, 26
13, 26.2
13, 26.4
13, 26.6
13, 26.8
13, 27
13, 27.2
13, 27.4
13, 27.6
13, 27.8
13, 28
13, 28.2
13, 28.4
13, 28.6
13, 28.8
13, 29
13, 29.2
13, 29.4
13, 29.6
13, 29.8
13, 30
13, 30.2
13, 30.4
13, 30.6
13, 30.8
13, 31
13, 31.2
13, 31.4
13, 31.6
13, 31.8
13, 32
13, 32.2
13, 32.4
13, 32.6
13, 32.8
13, 33
13, 33.2
13, 33.4
13, 33.6
13, 33.8
13, 34
13, 34.2
13, 34.4
13, 34.6
13, 34.8
13, 35
13, 35.2
13, 35.4
13, 35.6
13, 35.8
13, 36
13, 36.2
13, 36.4
13, 36.6
13, 36.8
13, 37
13, 37.2
13, 37.4
13, 37.6
13, 37.8
13, 38
13, 38.2
13, 38.4
13, 38.6
13, 38.8
13, 39
13, 39.2
13, 39.4
13, 39.6
13, 39.8
13, 40
13, 40.2
13, 40.4
13, 40.6
13, 40.8
13, 41
13, 41.2
13, 41.4
13, 41.6
13, 41.8
13, 42
13, 42.2
13, 42.4
13, 42.6
13, 42.8
13, 43
13, 43.2
13, 43.4
13, 43.6
13, 43.8
13, 44
13, 44.2
13, 44.4
13, 44.6
13, 44.8
13, 45
13, 45.2
13, 45.4
13, 45.6
13, 45.8
13, 46
13, 46.2
13, 46.4
13, 46.6
13, 46.8
13, 47
13, 47.2
13, 47.4
13, 47.6
13, 47.8
13, 48
13, 48.2
13, 48.4
13, 48.6
13, 48.8
13, 49
13, 49.2
13, 49.4
13, 49.6
13, 49.8
13, 50
13.2, 0.2
13.2, 0.4
13.2, 0.6
13.2, 0.8
13.2, 1
13.2, 1.2
13.2, 1.4
13.2, 1.6
13.2, 1.8
13.2, 2
13.2, 2.2
13.2, 2.4
13.2, 2.6
13.2, 2.8
13.2, 3
13.2, 3.2
13.2, 3.4
13.2, 3.6
13.2, 3.8
13.2, 4
13.2, 4.2
13.2, 4.4
13.2, 4.6
13.2, 4.8
13.2, 5
13.2, 5.2
13.2, 5.4
13.2, 5.6
13.2, 5.8
13.2, 6
13.2, 6.2
13.2, 6.4
13.2, 6.6
13.2, 6.8
13.2, 7
13.2, 7.2
13.2, 7.4
13.2, 7.6
13.2, 7.8
13.2, 8
13.2, 8.2
13.2, 8.4
13.2, 8.6
13.2, 8.8
13.2, 9
13.2, 9.2
13.2, 9.4
13.2, 9.6
13.2, 9.8
13.2, 10
13.2, 10.2
13.2, 10.4
13.2, 10.6
13.2, 10.8
13.2, 11
13.2, 11.2
13.2, 11.4
13.2, 11.6
13.2, 11.8
13.2, 12
13.2, 12.2
13.2, 12.4
13.2, 12.6
13.2, 12.8
13.2, 13
13.2, 13.2
13.2, 13.4
13.2, 13.6
13.2, 13.8
13.2, 14
13.2, 14.2
13.2, 14.4
13.2, 14.6
13.2, 14.8
13.2, 15
13.2, 15.2
13.2, 15.4
13.2, 15.6
13.2, 15.8
13.2, 16
13.2, 16.2
13.2, 16.4
13.2, 16.6
13.2, 16.8
13.2, 17
13.2, 17.2
13.2, 17.4
13.2, 17.6
13.2, 17.8
13.2, 18
13.2, 18.2
13.2, 18.4
13.2, 18.6
13.2, 18.8
13.2, 19
13.2, 19.2
13.2, 19.4
13.2, 19.6
13.2, 19.8
13.2, 20
13.2, 20.2
13.2, 20.4
13.2, 20.6
13.2, 20.8
13.2, 21
13.2, 21.2
13.2, 21.4
13.2, 21.6
13.2, 21.8
13.2, 22
13.2, 22.2
13.2, 22.4
13.2, 22.6
13.2, 22.8
13.2, 23
13.2, 23.2
13.2, 23.4
13.2, 23.6
13.2, 23.8
13.2, 24
13.2, 24.2
13.2, 24.4
13.2, 24.6
13.2, 24.8
13.2, 25
13.2, 25.2
13.2, 25.4
13.2, 25.6
13.2, 25.8
13.2, 26
13.2, 26.2
13.2, 26.4
13.2, 26.6
13.2, 26.8
13.2, 27
13.2, 27.2
13.2, 27.4
13.2, 27.6
13.2, 27.8
13.2, 28
13.2, 28.2
13.2, 28.4
13.2, 28.6
13.2, 28.8
13.2, 29
13.2, 29.2
13.2, 29.4
13.2, 29.6
13.2, 29.8
13.2, 30
13.2, 30.2
13.2, 30.4
13.2, 30.6
13.2, 30.8
13.2, 31
13.2, 31.2
13.2, 31.4
13.2, 31.6
13.2, 31.8
13.2, 32
13.2, 32.2
13.2, 32.4
13.2, 32.6
13.2, 32.8
13.2, 33
13.2, 33.2
13.2, 33.4
13.2, 33.6
13.2, 33.8
13.2, 34
13.2, 34.2
13.2, 34.4
13.2, 34.6
13.2, 34.8
13.2, 35
13.2, 35.2
13.2, 35.4
13.2, 35.6
13.2, 35.8
13.2, 36
13.2, 36.2
13.2, 36.4
13.2, 36.6
13.2, 36.8
13.2, 37
13.2, 37.2
13.2, 37.4
13.2, 37.6
13.2, 37.8
13.2, 38
13.2, 38.2
13.2, 38.4
13.2, 38.6
13.2, 38.8
13.2, 39
13.2, 39.2
13.2, 39.4
13.2, 39.6
13.2, 39.8
13.2, 40
13.2, 40.2
13.2, 40.4
13.2, 40.6
13.2, 40.8
13.2, 41
13.2, 41.2
13.2, 41.4
13.2, 41.6
13.2, 41.8
13.2, 42
13.2, 42.2
13.2, 42.4
13.2, 42.6
13.2, 42.8
13.2, 43
13.2, 43.2
13.2, 43.4
13.2, 43.6
13.2, 43.8
13.2, 44
13.2, 44.2
13.2, 44.4
13.2, 44.6
13.2, 44.8
13.2, 45
13.2, 45.2
13.2, 45.4
13.2, 45.6
13.2, 45.8
13.2, 46
13.2, 46.2
13.2, 46.4
13.2, 46.6
13.2, 46.8
13.2, 47
13.2, 47.2
13.2, 47.4
13.2, 47.6
13.2, 47.8
13.2, 48
13.2, 48.2
13.2, 48.4
13.2, 48.6
13.2, 48.8
13.2, 49
13.2, 49.2
13.2, 49.4
13.2, 49.6
13.2, 49.8
13.2, 50
13.4, 0.2
13.4, 0.4
13.4, 0.6
13.4, 0.8
13.4, 1
13.4, 1.2
13.4, 1.4
13.4, 1.6
13.4, 1.8
13.4, 2
13.4, 2.2
13.4, 2.4
13.4, 2.6
13.4, 2.8
13.4, 3
13.4, 3.2
13.4, 3.4
13.4, 3.6
13.4, 3.8
13.4, 4
13.4, 4.2
13.4, 4.4
13.4, 4.6
13.4, 4.8
13.4, 5
13.4, 5.2
13.4, 5.4
13.4, 5.6
13.4, 5.8
13.4, 6
13.4, 6.2
13.4, 6.4
13.4, 6.6
13.4, 6.8
13.4, 7
13.4, 7.2
13.4, 7.4
13.4, 7.6
13.4, 7.8
13.4, 8
13.4, 8.2
13.4, 8.4
13.4, 8.6
13.4, 8.8
13.4, 9
13.4, 9.2
13.4, 9.4
13.4, 9.6
13.4, 9.8
13.4, 10
13.4, 10.2
13.4, 10.4
13.4, 10.6
13.4, 10.8
13.4, 11
13.4, 11.2
13.4, 11.4
13.4, 11.6
13.4, 11.8
13.4, 12
13.4, 12.2
13.4, 12.4
13.4, 12.6
13.4, 12.8
13.4, 13
13.4, 13.2
13.4, 13.4
13.4, 13.6
13.4, 13.8
13.4, 14
13.4, 14.2
13.4, 14.4
13.4, 14.6
13.4, 14.8
13.4, 15
13.4, 15.2
13.4, 15.4
13.4, 15.6
13.4, 15.8
13.4, 16
13.4, 16.2
13.4, 16.4
13.4, 16.6
13.4, 16.8
13.4, 17
13.4, 17.2
13.4, 17.4
13.4, 17.6
13.4, 17.8
13.4, 18
13.4, 18.2
13.4, 18.4
13.4, 18.6
13.4, 18.8
13.4, 19
13.4, 19.2
13.4, 19.4
13.4, 19.6
13.4, 19.8
13.4, 20
13.4, 20.2
13.4, 20.4
13.4, 20.6
13.4, 20.8
13.4, 21
13.4, 21.2
13.4, 21.4
13.4, 21.6
13.4, 21.8
13.4, 22
13.4, 22.2
13.4, 22.4
13.4, 22.6
13.4, 22.8
13.4, 23
13.4, 23.2
13.4, 23.4
13.4, 23.6
13.4, 23.8
13.4, 24
13.4, 24.2
13.4, 24.4
13.4, 24.6
13.4, 24.8
13.4, 25
13.4, 25.2
13.4, 25.4
13.4, 25.6
13.4, 25.8
13.4, 26
13.4, 26.2
13.4, 26.4
13.4, 26.6
13.4, 26.8
13.4, 27
13.4, 27.2
13.4, 27.4
13.4, 27.6
13.4, 27.8
13.4, 28
13.4, 28.2
13.4, 28.4
13.4, 28.6
13.4, 28.8
13.4, 29
13.4, 29.2
13.4, 29.4
13.4, 29.6
13.4, 29.8
13.4, 30
13.4, 30.2
13.4, 30.4
13.4, 30.6
13.4, 30.8
13.4, 31
13.4, 31.2
13.4, 31.4
13.4, 31.6
13.4, 31.8
13.4, 32
13.4, 32.2
13.4, 32.4
13.4, 32.6
13.4, 32.8
13.4, 33
13.4, 33.2
13.4, 33.4
13.4, 33.6
13.4, 33.8
13.4, 34
13.4, 34.2
13.4, 34.4
13.4, 34.6
13.4, 34.8
13.4, 35
13.4, 35.2
13.4, 35.4
13.4, 35.6
13.4, 35.8
13.4, 36
13.4, 36.2
13.4, 36.4
13.4, 36.6
13.4, 36.8
13.4, 37
13.4, 37.2
13.4, 37.4
13.4, 37.6
13.4, 37.8
13.4, 38
13.4, 38.2
13.4, 38.4
13.4, 38.6
13.4, 38.8
13.4, 39
13.4, 39.2
13.4, 39.4
13.4, 39.6
13.4, 39.8
13.4, 40
13.4, 40.2
13.4, 40.4
13.4, 40.6
13.4, 40.8
13.4, 41
13.4, 41.2
13.4, 41.4
13.4, 41.6
13.4, 41.8
13.4, 42
13.4, 42.2
13.4, 42.4
13.4, 42.6
13.4, 42.8
13.4, 43
13.4, 43.2
13.4, 43.4
13.4, 43.6
13.4, 43.8
13.4, 44
13.4, 44.2
13.4, 44.4
13.4, 44.6
13.4, 44.8
13.4, 45
13.4, 45.2
13.4, 45.4
13.4, 45.6
13.4, 45.8
13.4, 46
13.4, 46.2
13.4, 46.4
13.4, 46.6
13.4, 46.8
13.4, 47
13.4, 47.2
13.4, 47.4
13.4, 47.6
13.4, 47.8
13.4, 48
13.4, 48.2
13.4, 48.4
13.4, 48.6
13.4, 48.8
13.4, 49
13.4, 49.2
13.4, 49.4
13.4, 49.6
13.4, 49.8
13.4, 50
13.6, 0.2
13.6, 0.4
13.6, 0.6
13.6, 0.8
13.6, 1
13.6, 1.2
13.6, 1.4
13.6, 1.6
13.6, 1.8
13.6, 2
13.6, 2.2
13.6, 2.4
13.6, 2.6
13.6, 2.8
13.6, 3
13.6, 3.2
13.6, 3.4
13.6, 3.6
13.6, 3.8
13.6, 4
13.6, 4.2
13.6, 4.4
13.6, 4.6
13.6, 4.8
13.6, 5
13.6, 5.2
13.6, 5.4
13.6, 5.6
13.6, 5.8
13.6, 6
13.6, 6.2
13.6, 6.4
13.6, 6.6
13.6, 6.8
13.6, 7
13.6, 7.2
13.6, 7.4
13.6, 7.6
13.6, 7.8
13.6, 8
13.6, 8.2
13.6, 8.4
13.6, 8.6
13.6, 8.8
13.6, 9
13.6, 9.2
13.6, 9.4
13.6, 9.6
13.6, 9.8
13.6, 10
13.6, 10.2
13.6, 10.4
13.6, 10.6
13.6, 10.8
13.6, 11
13.6, 11.2
13.6, 11.4
13.6, 11.6
13.6, 11.8
13.6, 12
13.6, 12.2
13.6, 12.4
13.6, 12.6
13.6, 12.8
13.6, 13
13.6, 13.2
13.6, 13.4
13.6, 13.6
13.6, 13.8
13.6, 14
13.6, 14.2
13.6, 14.4
13.6, 14.6
13.6, 14.8
13.6, 15
13.6, 15.2
13.6, 15.4
13.6, 15.6
13.6, 15.8
13.6, 16
13.6, 16.2
13.6, 16.4
13.6, 16.6
13.6, 16.8
13.6, 17
13.6, 17.2
13.6, 17.4
13.6, 17.6
13.6, 17.8
13.6, 18
13.6, 18.2
13.6, 18.4
13.6, 18.6
13.6, 18.8
13.6, 19
13.6, 19.2
13.6, 19.4
13.6, 19.6
13.6, 19.8
13.6, 20
13.6, 20.2
13.6, 20.4
13.6, 20.6
13.6, 20.8
13.6, 21
13.6, 21.2
13.6, 21.4
13.6, 21.6
13.6, 21.8
13.6, 22
13.6, 22.2
13.6, 22.4
13.6, 22.6
13.6, 22.8
13.6, 23
13.6, 23.2
13.6, 23.4
13.6, 23.6
13.6, 23.8
13.6, 24
13.6, 24.2
13.6, 24.4
13.6, 24.6
13.6, 24.8
13.6, 25
13.6, 25.2
13.6, 25.4
13.6, 25.6
13.6, 25.8
13.6, 26
13.6, 26.2
13.6, 26.4
13.6, 26.6
13.6, 26.8
13.6, 27
13.6, 27.2
13.6, 27.4
13.6, 27.6
13.6, 27.8
13.6, 28
13.6, 28.2
13.6, 28.4
13.6, 28.6
13.6, 28.8
13.6, 29
13.6, 29.2
13.6, 29.4
13.6, 29.6
13.6, 29.8
13.6, 30
13.6, 30.2
13.6, 30.4
13.6, 30.6
13.6, 30.8
13.6, 31
13.6, 31.2
13.6, 31.4
13.6, 31.6
13.6, 31.8
13.6, 32
13.6, 32.2
13.6, 32.4
13.6, 32.6
13.6, 32.8
13.6, 33
13.6, 33.2
13.6, 33.4
13.6, 33.6
13.6, 33.8
13.6, 34
13.6, 34.2
13.6, 34.4
13.6, 34.6
13.6, 34.8
13.6, 35
13.6, 35.2
13.6, 35.4
13.6, 35.6
13.6, 35.8
13.6, 36
13.6, 36.2
13.6, 36.4
13.6, 36.6
13.6, 36.8
13.6, 37
13.6, 37.2
13.6, 37.4
13.6, 37.6
13.6, 37.8
13.6, 38
13.6, 38.2
13.6, 38.4
13.6, 38.6
13.6, 38.8
13.6, 39
13.6, 39.2
13.6, 39.4
13.6, 39.6
13.6, 39.8
13.6, 40
13.6, 40.2
13.6, 40.4
13.6, 40.6
13.6, 40.8
13.6, 41
13.6, 41.2
13.6, 41.4
13.6, 41.6
13.6, 41.8
13.6, 42
13.6, 42.2
13.6, 42.4
13.6, 42.6
13.6, 42.8
13.6, 43
13.6, 43.2
13.6, 43.4
13.6, 43.6
13.6, 43.8
13.6, 44
13.6, 44.2
13.6, 44.4
13.6, 44.6
13.6, 44.8
13.6, 45
13.6, 45.2
13.6, 45.4
13.6, 45.6
13.6, 45.8
13.6, 46
13.6, 46.2
13.6, 46.4
13.6, 46.6
13.6, 46.8
13.6, 47
13.6, 47.2
13.6, 47.4
13.6, 47.6
13.6, 47.8
13.6, 48
13.6, 48.2
13.6, 48.4
13.6, 48.6
13.6, 48.8
13.6, 49
13.6, 49.2
13.6, 49.4
13.6, 49.6
13.6, 49.8
13.6, 50
13.8, 0.2
13.8, 0.4
13.8, 0.6
13.8, 0.8
13.8, 1
13.8, 1.2
13.8, 1.4
13.8, 1.6
13.8, 1.8
13.8, 2
13.8, 2.2
13.8, 2.4
13.8, 2.6
13.8, 2.8
13.8, 3
13.8, 3.2
13.8, 3.4
13.8, 3.6
13.8, 3.8
13.8, 4
13.8, 4.2
13.8, 4.4
13.8, 4.6
13.8, 4.8
13.8, 5
13.8, 5.2
13.8, 5.4
13.8, 5.6
13.8, 5.8
13.8, 6
13.8, 6.2
13.8, 6.4
13.8, 6.6
13.8, 6.8
13.8, 7
13.8, 7.2
13.8, 7.4
13.8, 7.6
13.8, 7.8
13.8, 8
13.8, 8.2
13.8, 8.4
13.8, 8.6
13.8, 8.8
13.8, 9
13.8, 9.2
13.8, 9.4
13.8, 9.6
13.8, 9.8
13.8, 10
13.8, 10.2
13.8, 10.4
13.8, 10.6
13.8, 10.8
13.8, 11
13.8, 11.2
13.8, 11.4
13.8, 11.6
13.8, 11.8
13.8, 12
13.8, 12.2
13.8, 12.4
13.8, 12.6
13.8, 12.8
13.8, 13
13.8, 13.2
13.8, 13.4
13.8, 13.6
13.8, 13.8
13.8, 14
13.8, 14.2
13.8, 14.4
13.8, 14.6
13.8, 14.8
13.8, 15
13.8, 15.2
13.8, 15.4
13.8, 15.6
13.8, 15.8
13.8, 16
13.8, 16.2
13.8, 16.4
13.8, 16.6
13.8, 16.8
13.8, 17
13.8, 17.2
13.8, 17.4
13.8, 17.6
13.8, 17.8
13.8, 18
13.8, 18.2
13.8, 18.4
13.8, 18.6
13.8, 18.8
13.8, 19
13.8, 19.2
13.8, 19.4
13.8, 19.6
13.8, 19.8
13.8, 20
13.8, 20.2
13.8, 20.4
13.8, 20.6
13.8, 20.8
13.8, 21
13.8, 21.2
13.8, 21.4
13.8, 21.6
13.8, 21.8
13.8, 22
13.8, 22.2
13.8, 22.4
13.8, 22.6
13.8, 22.8
13.8, 23
13.8, 23.2
13.8, 23.4
13.8, 23.6
13.8, 23.8
13.8, 24
13.8, 24.2
13.8, 24.4
13.8, 24.6
13.8, 24.8
13.8, 25
13.8, 25.2
13.8, 25.4
13.8, 25.6
13.8, 25.8
13.8, 26
13.8, 26.2
13.8, 26.4
13.8, 26.6
13.8, 26.8
13.8, 27
13.8, 27.2
13.8, 27.4
13.8, 27.6
13.8, 27.8
13.8, 28
13.8, 28.2
13.8, 28.4
13.8, 28.6
13.8, 28.8
13.8, 29
13.8, 29.2
13.8, 29.4
13.8, 29.6
13.8, 29.8
13.8, 30
13.8, 30.2
13.8, 30.4
13.8, 30.6
13.8, 30.8
13.8, 31
13.8, 31.2
13.8, 31.4
13.8, 31.6
13.8, 31.8
13.8, 32
13.8, 32.2
13.8, 32.4
13.8, 32.6
13.8, 32.8
13.8, 33
13.8, 33.2
13.8, 33.4
13.8, 33.6
13.8, 33.8
13.8, 34
13.8, 34.2
13.8, 34.4
13.8, 34.6
13.8, 34.8
13.8, 35
13.8, 35.2
13.8, 35.4
13.8, 35.6
13.8, 35.8
13.8, 36
13.8, 36.2
13.8, 36.4
13.8, 36.6
13.8, 36.8
13.8, 37
13.8, 37.2
13.8, 37.4
13.8, 37.6
13.8, 37.8
13.8, 38
13.8, 38.2
13.8, 38.4
13.8, 38.6
13.8, 38.8
13.8, 39
13.8, 39.2
13.8, 39.4
13.8, 39.6
13.8, 39.8
13.8, 40
13.8, 40.2
13.8, 40.4
13.8, 40.6
13.8, 40.8
13.8, 41
13.8, 41.2
13.8, 41.4
13.8, 41.6
13.8, 41.8
13.8, 42
13.8, 42.2
13.8, 42.4
13.8, 42.6
13.8, 42.8
13.8, 43
13.8, 43.2
13.8, 43.4
13.8, 43.6
13.8, 43.8
13.8, 44
13.8, 44.2
13.8, 44.4
13.8, 44.6
13.8, 44.8
13.8, 45
13.8, 45.2
13.8, 45.4
13.8, 45.6
13.8, 45.8
13.8, 46
13.8, 46.2
13.8, 46.4
13.8, 46.6
13.8, 46.8
13.8, 47
13.8, 47.2
13.8, 47.4
13.8, 47.6
13.8, 47.8
13.8, 48
13.8, 48.2
13.8, 48.4
13.8, 48.6
13.8, 48.8
13.8, 49
13.8, 49.2
13.8, 49.4
13.8, 49.6
13.8, 49.8
13.8, 50
14, 0.2
14, 0.4
14, 0.6
14, 0.8
14, 1
14, 1.2
14, 1.4
14, 1.6
14, 1.8
14, 2
14, 2.2
14, 2.4
14, 2.6
14, 2.8
14, 3
14, 3.2
14, 3.4
14, 3.6
14, 3.8
14, 4
14, 4.2
14, 4.4
14, 4.6
14, 4.8
14, 5
14, 5.2
14, 5.4
14, 5.6
14, 5.8
14, 6
14, 6.2
14, 6.4
14, 6.6
14, 6.8
14, 7
14, 7.2
14, 7.4
14, 7.6
14, 7.8
14, 8
14, 8.2
14, 8.4
14, 8.6
14, 8.8
14, 9
14, 9.2
14, 9.4
14, 9.6
14, 9.8
14, 10
14, 10.2
14, 10.4
14, 10.6
14, 10.8
14, 11
14, 11.2
14, 11.4
14, 11.6
14, 11.8
14, 12
14, 12.2
14, 12.4
14, 12.6
14, 12.8
14, 13
14, 13.2
14, 13.4
14, 13.6
14, 13.8
14, 14
14, 14.2
14, 14.4
14, 14.6
14, 14.8
14, 15
14, 15.2
14, 15.4
14, 15.6
14, 15.8
14, 16
14, 16.2
14, 16.4
14, 16.6
14, 16.8
14, 17
14, 17.2
14, 17.4
14, 17.6
14, 17.8
14, 18
14, 18.2
14, 18.4
14, 18.6
14, 18.8
14, 19
14, 19.2
14, 19.4
14, 19.6
14, 19.8
14, 20
14, 20.2
14, 20.4
14, 20.6
14, 20.8
14, 21
14, 21.2
14, 21.4
14, 21.6
14, 21.8
14, 22
14, 22.2
14, 22.4
14, 22.6
14, 22.8
14, 23
14, 23.2
14, 23.4
14, 23.6
14, 23.8
14, 24
14, 24.2
14, 24.4
14, 24.6
14, 24.8
14, 25
14, 25.2
14, 25.4
14, 25.6
14, 25.8
14, 26
14, 26.2
14, 26.4
14, 26.6
14, 26.8
14, 27
14, 27.2
14, 27.4
14, 27.6
14, 27.8
14, 28
14, 28.2
14, 28.4
14, 28.6
14, 28.8
14, 29
14, 29.2
14, 29.4
14, 29.6
14, 29.8
14, 30
14, 30.2
14, 30.4
14, 30.6
14, 30.8
14, 31
14, 31.2
14, 31.4
14, 31.6
14, 31.8
14, 32
14, 32.2
14, 32.4
14, 32.6
14, 32.8
14, 33
14, 33.2
14, 33.4
14, 33.6
14, 33.8
14, 34
14, 34.2
14, 34.4
14, 34.6
14, 34.8
14, 35
14, 35.2
14, 35.4
14, 35.6
14, 35.8
14, 36
14, 36.2
14, 36.4
14, 36.6
14, 36.8
14, 37
14, 37.2
14, 37.4
14, 37.6
14, 37.8
14, 38
14, 38.2
14, 38.4
14, 38.6
14, 38.8
14, 39
14, 39.2
14, 39.4
14, 39.6
14, 39.8
14, 40
14, 40.2
14, 40.4
14, 40.6
14, 40.8
14, 41
14, 41.2
14, 41.4
14, 41.6
14, 41.8
14, 42
14, 42.2
14, 42.4
14, 42.6
14, 42.8
14, 43
14, 43.2
14, 43.4
14, 43.6
14, 43.8
14, 44
14, 44.2
14, 44.4
14, 44.6
14, 44.8
14, 45
14, 45.2
14, 45.4
14, 45.6
14, 45.8
14, 46
14, 46.2
14, 46.4
14, 46.6
14, 46.8
14, 47
14, 47.2
14, 47.4
14, 47.6
14, 47.8
14, 48
14, 48.2
14, 48.4
14, 48.6
14, 48.8
14, 49
14, 49.2
14, 49.4
14, 49.6
14, 49.8
14, 50
14.2, 0.2
14.2, 0.4
14.2, 0.6
14.2, 0.8
14.2, 1
14.2, 1.2
14.2, 1.4
14.2, 1.6
14.2, 1.8
14.2, 2
14.2, 2.2
14.2, 2.4
14.2, 2.6
14.2, 2.8
14.2, 3
14.2, 3.2
14.2, 3.4
14.2, 3.6
14.2, 3.8
14.2, 4
14.2, 4.2
14.2, 4.4
14.2, 4.6
14.2, 4.8
14.2, 5
14.2, 5.2
14.2, 5.4
14.2, 5.6
14.2, 5.8
14.2, 6
14.2, 6.2
14.2, 6.4
14.2, 6.6
14.2, 6.8
14.2, 7
14.2, 7.2
14.2, 7.4
14.2, 7.6
14.2, 7.8
14.2, 8
14.2, 8.2
14.2, 8.4
14.2, 8.6
14.2, 8.8
14.2, 9
14.2, 9.2
14.2, 9.4
14.2, 9.6
14.2, 9.8
14.2, 10
14.2, 10.2
14.2, 10.4
14.2, 10.6
14.2, 10.8
14.2, 11
14.2, 11.2
14.2, 11.4
14.2, 11.6
14.2, 11.8
14.2, 12
14.2, 12.2
14.2, 12.4
14.2, 12.6
14.2, 12.8
14.2, 13
14.2, 13.2
14.2, 13.4
14.2, 13.6
14.2, 13.8
14.2, 14
14.2, 14.2
14.2, 14.4
14.2, 14.6
14.2, 14.8
14.2, 15
14.2, 15.2
14.2, 15.4
14.2, 15.6
14.2, 15.8
14.2, 16
14.2, 16.2
14.2, 16.4
14.2, 16.6
14.2, 16.8
14.2, 17
14.2, 17.2
14.2, 17.4
14.2, 17.6
14.2, 17.8
14.2, 18
14.2, 18.2
14.2, 18.4
14.2, 18.6
14.2, 18.8
14.2, 19
14.2, 19.2
14.2, 19.4
14.2, 19.6
14.2, 19.8
14.2, 20
14.2, 20.2
14.2, 20.4
14.2, 20.6
14.2, 20.8
14.2, 21
14.2, 21.2
14.2, 21.4
14.2, 21.6
14.2, 21.8
14.2, 22
14.2, 22.2
14.2, 22.4
14.2, 22.6
14.2, 22.8
14.2, 23
14.2, 23.2
14.2, 23.4
14.2, 23.6
14.2, 23.8
14.2, 24
14.2, 24.2
14.2, 24.4
14.2, 24.6
14.2, 24.8
14.2, 25
14.2, 25.2
14.2, 25.4
14.2, 25.6
14.2, 25.8
14.2, 26
14.2, 26.2
14.2, 26.4
14.2, 26.6
14.2, 26.8
14.2, 27
14.2, 27.2
14.2, 27.4
14.2, 27.6
14.2, 27.8
14.2, 28
14.2, 28.2
14.2, 28.4
14.2, 28.6
14.2, 28.8
14.2, 29
14.2, 29.2
14.2, 29.4
14.2, 29.6
14.2, 29.8
14.2, 30
14.2, 30.2
14.2, 30.4
14.2, 30.6
14.2, 30.8
14.2, 31
14.2, 31.2
14.2, 31.4
14.2, 31.6
14.2, 31.8
14.2, 32
14.2, 32.2
14.2, 32.4
14.2, 32.6
14.2, 32.8
14.2, 33
14.2, 33.2
14.2, 33.4
14.2, 33.6
14.2, 33.8
14.2, 34
14.2, 34.2
14.2, 34.4
14.2, 34.6
14.2, 34.8
14.2, 35
14.2, 35.2
14.2, 35.4
14.2, 35.6
14.2, 35.8
14.2, 36
14.2, 36.2
14.2, 36.4
14.2, 36.6
14.2, 36.8
14.2, 37
14.2, 37.2
14.2, 37.4
14.2, 37.6
14.2, 37.8
14.2, 38
14.2, 38.2
14.2, 38.4
14.2, 38.6
14.2, 38.8
14.2, 39
14.2, 39.2
14.2, 39.4
14.2, 39.6
14.2, 39.8
14.2, 40
14.2, 40.2
14.2, 40.4
14.2, 40.6
14.2, 40.8
14.2, 41
14.2, 41.2
14.2, 41.4
14.2, 41.6
14.2, 41.8
14.2, 42
14.2, 42.2
14.2, 42.4
14.2, 42.6
14.2, 42.8
14.2, 43
14.2, 43.2
14.2, 43.4
14.2, 43.6
14.2, 43.8
14.2, 44
14.2, 44.2
14.2, 44.4
14.2, 44.6
14.2, 44.8
14.2, 45
14.2, 45.2
14.2, 45.4
14.2, 45.6
14.2, 45.8
14.2, 46
14.2, 46.2
14.2, 46.4
14.2, 46.6
14.2, 46.8
14.2, 47
14.2, 47.2
14.2, 47.4
14.2, 47.6
14.2, 47.8
14.2, 48
14.2, 48.2
14.2, 48.4
14.2, 48.6
14.2, 48.8
14.2, 49
14.2, 49.2
14.2, 49.4
14.2, 49.6
14.2, 49.8
14.2, 50
14.4, 0.2
14.4, 0.4
14.4, 0.6
14.4, 0.8
14.4, 1
14.4, 1.2
14.4, 1.4
14.4, 1.6
14.4, 1.8
14.4, 2
14.4, 2.2
14.4, 2.4
14.4, 2.6
14.4, 2.8
14.4, 3
14.4, 3.2
14.4, 3.4
14.4, 3.6
14.4, 3.8
14.4, 4
14.4, 4.2
14.4, 4.4
14.4, 4.6
14.4, 4.8
14.4, 5
14.4, 5.2
14.4, 5.4
14.4, 5.6
14.4, 5.8
14.4, 6
14.4, 6.2
14.4, 6.4
14.4, 6.6
14.4, 6.8
14.4, 7
14.4, 7.2
14.4, 7.4
14.4, 7.6
14.4, 7.8
14.4, 8
14.4, 8.2
14.4, 8.4
14.4, 8.6
14.4, 8.8
14.4, 9
14.4, 9.2
14.4, 9.4
14.4, 9.6
14.4, 9.8
14.4, 10
14.4, 10.2
14.4, 10.4
14.4, 10.6
14.4, 10.8
14.4, 11
14.4, 11.2
14.4, 11.4
14.4, 11.6
14.4, 11.8
14.4, 12
14.4, 12.2
14.4, 12.4
14.4, 12.6
14.4, 12.8
14.4, 13
14.4, 13.2
14.4, 13.4
14.4, 13.6
14.4, 13.8
14.4, 14
14.4, 14.2
14.4, 14.4
14.4, 14.6
14.4, 14.8
14.4, 15
14.4, 15.2
14.4, 15.4
14.4, 15.6
14.4, 15.8
14.4, 16
14.4, 16.2
14.4, 16.4
14.4, 16.6
14.4, 16.8
14.4, 17
14.4, 17.2
14.4, 17.4
14.4, 17.6
14.4, 17.8
14.4, 18
14.4, 18.2
14.4, 18.4
14.4, 18.6
14.4, 18.8
14.4, 19
14.4, 19.2
14.4, 19.4
14.4, 19.6
14.4, 19.8
14.4, 20
14.4, 20.2
14.4, 20.4
14.4, 20.6
14.4, 20.8
14.4, 21
14.4, 21.2
14.4, 21.4
14.4, 21.6
14.4, 21.8
14.4, 22
14.4, 22.2
14.4, 22.4
14.4, 22.6
14.4, 22.8
14.4, 23
14.4, 23.2
14.4, 23.4
14.4, 23.6
14.4, 23.8
14.4, 24
14.4, 24.2
14.4, 24.4
14.4, 24.6
14.4, 24.8
14.4, 25
14.4, 25.2
14.4, 25.4
14.4, 25.6
14.4, 25.8
14.4, 26
14.4, 26.2
14.4, 26.4
14.4, 26.6
14.4, 26.8
14.4, 27
14.4, 27.2
14.4, 27.4
14.4, 27.6
14.4, 27.8
14.4, 28
14.4, 28.2
14.4, 28.4
14.4, 28.6
14.4, 28.8
14.4, 29
14.4, 29.2
14.4, 29.4
14.4, 29.6
14.4, 29.8
14.4, 30
14.4, 30.2
14.4, 30.4
14.4, 30.6
14.4, 30.8
14.4, 31
14.4, 31.2
14.4, 31.4
14.4, 31.6
14.4, 31.8
14.4, 32
14.4, 32.2
14.4, 32.4
14.4, 32.6
14.4, 32.8
14.4, 33
14.4, 33.2
14.4, 33.4
14.4, 33.6
14.4, 33.8
14.4, 34
14.4, 34.2
14.4, 34.4
14.4, 34.6
14.4, 34.8
14.4, 35
14.4, 35.2
14.4, 35.4
14.4, 35.6
14.4, 35.8
14.4, 36
14.4, 36.2
14.4, 36.4
14.4, 36.6
14.4, 36.8
14.4, 37
14.4, 37.2
14.4, 37.4
14.4, 37.6
14.4, 37.8
14.4, 38
14.4, 38.2
14.4, 38.4
14.4, 38.6
14.4, 38.8
14.4, 39
14.4, 39.2
14.4, 39.4
14.4, 39.6
14.4, 39.8
14.4, 40
14.4, 40.2
14.4, 40.4
14.4, 40.6
14.4, 40.8
14.4, 41
14.4, 41.2
14.4, 41.4
14.4, 41.6
14.4, 41.8
14.4, 42
14.4, 42.2
14.4, 42.4
14.4, 42.6
14.4, 42.8
14.4, 43
14.4, 43.2
14.4, 43.4
14.4, 43.6
14.4, 43.8
14.4, 44
14.4, 44.2
14.4, 44.4
14.4, 44.6
14.4, 44.8
14.4, 45
14.4, 45.2
14.4, 45.4
14.4, 45.6
14.4, 45.8
14.4, 46
14.4, 46.2
14.4, 46.4
14.4, 46.6
14.4, 46.8
14.4, 47
14.4, 47.2
14.4, 47.4
14.4, 47.6
14.4, 47.8
14.4, 48
14.4, 48.2
14.4, 48.4
14.4, 48.6
14.4, 48.8
14.4, 49
14.4, 49.2
14.4, 49.4
14.4, 49.6
14.4, 49.8
14.4, 50
14.6, 0.2
14.6, 0.4
14.6, 0.6
14.6, 0.8
14.6, 1
14.6, 1.2
14.6, 1.4
14.6, 1.6
14.6, 1.8
14.6, 2
14.6, 2.2
14.6, 2.4
14.6, 2.6
14.6, 2.8
14.6, 3
14.6, 3.2
14.6, 3.4
14.6, 3.6
14.6, 3.8
14.6, 4
14.6, 4.2
14.6, 4.4
14.6, 4.6
14.6, 4.8
14.6, 5
14.6, 5.2
14.6, 5.4
14.6, 5.6
14.6, 5.8
14.6, 6
14.6, 6.2
14.6, 6.4
14.6, 6.6
14.6, 6.8
14.6, 7
14.6, 7.2
14.6, 7.4
14.6, 7.6
14.6, 7.8
14.6, 8
14.6, 8.2
14.6, 8.4
14.6, 8.6
14.6, 8.8
14.6, 9
14.6, 9.2
14.6, 9.4
14.6, 9.6
14.6, 9.8
14.6, 10
14.6, 10.2
14.6, 10.4
14.6, 10.6
14.6, 10.8
14.6, 11
14.6, 11.2
14.6, 11.4
14.6, 11.6
14.6, 11.8
14.6, 12
14.6, 12.2
14.6, 12.4
14.6, 12.6
14.6, 12.8
14.6, 13
14.6, 13.2
14.6, 13.4
14.6, 13.6
14.6, 13.8
14.6, 14
14.6, 14.2
14.6, 14.4
14.6, 14.6
14.6, 14.8
14.6, 15
14.6, 15.2
14.6, 15.4
14.6, 15.6
14.6, 15.8
14.6, 16
14.6, 16.2
14.6, 16.4
14.6, 16.6
14.6, 16.8
14.6, 17
14.6, 17.2
14.6, 17.4
14.6, 17.6
14.6, 17.8
14.6, 18
14.6, 18.2
14.6, 18.4
14.6, 18.6
14.6, 18.8
14.6, 19
14.6, 19.2
14.6, 19.4
14.6, 19.6
14.6, 19.8
14.6, 20
14.6, 20.2
14.6, 20.4
14.6, 20.6
14.6, 20.8
14.6, 21
14.6, 21.2
14.6, 21.4
14.6, 21.6
14.6, 21.8
14.6, 22
14.6, 22.2
14.6, 22.4
14.6, 22.6
14.6, 22.8
14.6, 23
14.6, 23.2
14.6, 23.4
14.6, 23.6
14.6, 23.8
14.6, 24
14.6, 24.2
14.6, 24.4
14.6, 24.6
14.6, 24.8
14.6, 25
14.6, 25.2
14.6, 25.4
14.6, 25.6
14.6, 25.8
14.6, 26
14.6, 26.2
14.6, 26.4
14.6, 26.6
14.6, 26.8
14.6, 27
14.6, 27.2
14.6, 27.4
14.6, 27.6
14.6, 27.8
14.6, 28
14.6, 28.2
14.6, 28.4
14.6, 28.6
14.6, 28.8
14.6, 29
14.6, 29.2
14.6, 29.4
14.6, 29.6
14.6, 29.8
14.6, 30
14.6, 30.2
14.6, 30.4
14.6, 30.6
14.6, 30.8
14.6, 31
14.6, 31.2
14.6, 31.4
14.6, 31.6
14.6, 31.8
14.6, 32
14.6, 32.2
14.6, 32.4
14.6, 32.6
14.6, 32.8
14.6, 33
14.6, 33.2
14.6, 33.4
14.6, 33.6
14.6, 33.8
14.6, 34
14.6, 34.2
14.6, 34.4
14.6, 34.6
14.6, 34.8
14.6, 35
14.6, 35.2
14.6, 35.4
14.6, 35.6
14.6, 35.8
14.6, 36
14.6, 36.2
14.6, 36.4
14.6, 36.6
14.6, 36.8
14.6, 37
14.6, 37.2
14.6, 37.4
14.6, 37.6
14.6, 37.8
14.6, 38
14.6, 38.2
14.6, 38.4
14.6, 38.6
14.6, 38.8
14.6, 39
14.6, 39.2
14.6, 39.4
14.6, 39.6
14.6, 39.8
14.6, 40
14.6, 40.2
14.6, 40.4
14.6, 40.6
14.6, 40.8
14.6, 41
14.6, 41.2
14.6, 41.4
14.6, 41.6
14.6, 41.8
14.6, 42
14.6, 42.2
14.6, 42.4
14.6, 42.6
14.6, 42.8
14.6, 43
14.6, 43.2
14.6, 43.4
14.6, 43.6
14.6, 43.8
14.6, 44
14.6, 44.2
14.6, 44.4
14.6, 44.6
14.6, 44.8
14.6, 45
14.6, 45.2
14.6, 45.4
14.6, 45.6
14.6, 45.8
14.6, 46
14.6, 46.2
14.6, 46.4
14.6, 46.6
14.6, 46.8
14.6, 47
14.6, 47.2
14.6, 47.4
14.6, 47.6
14.6, 47.8
14.6, 48
14.6, 48.2
14.6, 48.4
14.6, 48.6
14.6, 48.8
14.6, 49
14.6, 49.2
14.6, 49.4
14.6, 49.6
14.6, 49.8
14.6, 50
14.8, 0.2
14.8, 0.4
14.8, 0.6
14.8, 0.8
14.8, 1
14.8, 1.2
14.8, 1.4
14.8, 1.6
14.8, 1.8
14.8, 2
14.8, 2.2
14.8, 2.4
14.8, 2.6
14.8, 2.8
14.8, 3
14.8, 3.2
14.8, 3.4
14.8, 3.6
14.8, 3.8
14.8, 4
14.8, 4.2
14.8, 4.4
14.8, 4.6
14.8, 4.8
14.8, 5
14.8, 5.2
14.8, 5.4
14.8, 5.6
14.8, 5.8
14.8, 6
14.8, 6.2
14.8, 6.4
14.8, 6.6
14.8, 6.8
14.8, 7
14.8, 7.2
14.8, 7.4
14.8, 7.6
14.8, 7.8
14.8, 8
14.8, 8.2
14.8, 8.4
14.8, 8.6
14.8, 8.8
14.8, 9
14.8, 9.2
14.8, 9.4
14.8, 9.6
14.8, 9.8
14.8, 10
14.8, 10.2
14.8, 10.4
14.8, 10.6
14.8, 10.8
14.8, 11
14.8, 11.2
14.8, 11.4
14.8, 11.6
14.8, 11.8
14.8, 12
14.8, 12.2
14.8, 12.4
14.8, 12.6
14.8, 12.8
14.8, 13
14.8, 13.2
14.8, 13.4
14.8, 13.6
14.8, 13.8
14.8, 14
14.8, 14.2
14.8, 14.4
14.8, 14.6
14.8, 14.8
14.8, 15
14.8, 15.2
14.8, 15.4
14.8, 15.6
14.8, 15.8
14.8, 16
14.8, 16.2
14.8, 16.4
14.8, 16.6
14.8, 16.8
14.8, 17
14.8, 17.2
14.8, 17.4
14.8, 17.6
14.8, 17.8
14.8, 18
14.8, 18.2
14.8, 18.4
14.8, 18.6
14.8, 18.8
14.8, 19
14.8, 19.2
14.8, 19.4
14.8, 19.6
14.8, 19.8
14.8, 20
14.8, 20.2
14.8, 20.4
14.8, 20.6
14.8, 20.8
14.8, 21
14.8, 21.2
14.8, 21.4
14.8, 21.6
14.8, 21.8
14.8, 22
14.8, 22.2
14.8, 22.4
14.8, 22.6
14.8, 22.8
14.8, 23
14.8, 23.2
14.8, 23.4
14.8, 23.6
14.8, 23.8
14.8, 24
14.8, 24.2
14.8, 24.4
14.8, 24.6
14.8, 24.8
14.8, 25
14.8, 25.2
14.8, 25.4
14.8, 25.6
14.8, 25.8
14.8, 26
14.8, 26.2
14.8, 26.4
14.8, 26.6
14.8, 26.8
14.8, 27
14.8, 27.2
14.8, 27.4
14.8, 27.6
14.8, 27.8
14.8, 28
14.8, 28.2
14.8, 28.4
14.8, 28.6
14.8, 28.8
14.8, 29
14.8, 29.2
14.8, 29.4
14.8, 29.6
14.8, 29.8
14.8, 30
14.8, 30.2
14.8, 30.4
14.8, 30.6
14.8, 30.8
14.8, 31
14.8, 31.2
14.8, 31.4
14.8, 31.6
14.8, 31.8
14.8, 32
14.8, 32.2
14.8, 32.4
14.8, 32.6
14.8, 32.8
14.8, 33
14.8, 33.2
14.8, 33.4
14.8, 33.6
14.8, 33.8
14.8, 34
14.8, 34.2
14.8, 34.4
14.8, 34.6
14.8, 34.8
14.8, 35
14.8, 35.2
14.8, 35.4
14.8, 35.6
14.8, 35.8
14.8, 36
14.8, 36.2
14.8, 36.4
14.8, 36.6
14.8, 36.8
14.8, 37
14.8, 37.2
14.8, 37.4
14.8, 37.6
14.8, 37.8
14.8, 38
14.8, 38.2
14.8, 38.4
14.8, 38.6
14.8, 38.8
14.8, 39
14.8, 39.2
14.8, 39.4
14.8, 39.6
14.8, 39.8
14.8, 40
14.8, 40.2
14.8, 40.4
14.8, 40.6
14.8, 40.8
14.8, 41
14.8, 41.2
14.8, 41.4
14.8, 41.6
14.8, 41.8
14.8, 42
14.8, 42.2
14.8, 42.4
14.8, 42.6
14.8, 42.8
14.8, 43
14.8, 43.2
14.8, 43.4
14.8, 43.6
14.8, 43.8
14.8, 44
14.8, 44.2
14.8, 44.4
14.8, 44.6
14.8, 44.8
14.8, 45
14.8, 45.2
14.8, 45.4
14.8, 45.6
14.8, 45.8
14.8, 46
14.8, 46.2
14.8, 46.4
14.8, 46.6
14.8, 46.8
14.8, 47
14.8, 47.2
14.8, 47.4
14.8, 47.6
14.8, 47.8
14.8, 48
14.8, 48.2
14.8, 48.4
14.8, 48.6
14.8, 48.8
14.8, 49
14.8, 49.2
14.8, 49.4
14.8, 49.6
14.8, 49.8
14.8, 50
15, 0.2
15, 0.4
15, 0.6
15, 0.8
15, 1
15, 1.2
15, 1.4
15, 1.6
15, 1.8
15, 2
15, 2.2
15, 2.4
15, 2.6
15, 2.8
15, 3
15, 3.2
15, 3.4
15, 3.6
15, 3.8
15, 4
15, 4.2
15, 4.4
15, 4.6
15, 4.8
15, 5
15, 5.2
15, 5.4
15, 5.6
15, 5.8
15, 6
15, 6.2
15, 6.4
15, 6.6
15, 6.8
15, 7
15, 7.2
15, 7.4
15, 7.6
15, 7.8
15, 8
15, 8.2
15, 8.4
15, 8.6
15, 8.8
15, 9
15, 9.2
15, 9.4
15, 9.6
15, 9.8
15, 10
15, 10.2
15, 10.4
15, 10.6
15, 10.8
15, 11
15, 11.2
15, 11.4
15, 11.6
15, 11.8
15, 12
15, 12.2
15, 12.4
15, 12.6
15, 12.8
15, 13
15, 13.2
15, 13.4
15, 13.6
15, 13.8
15, 14
15, 14.2
15, 14.4
15, 14.6
15, 14.8
15, 15
15, 15.2
15, 15.4
15, 15.6
15, 15.8
15, 16
15, 16.2
15, 16.4
15, 16.6
15, 16.8
15, 17
15, 17.2
15, 17.4
15, 17.6
15, 17.8
15, 18
15, 18.2
15, 18.4
15, 18.6
15, 18.8
15, 19
15, 19.2
15, 19.4
15, 19.6
15, 19.8
15, 20
15, 20.2
15, 20.4
15, 20.6
15, 20.8
15, 21
15, 21.2
15, 21.4
15, 21.6
15, 21.8
15, 22
15, 22.2
15, 22.4
15, 22.6
15, 22.8
15, 23
15, 23.2
15, 23.4
15, 23.6
15, 23.8
15, 24
15, 24.2
15, 24.4
15, 24.6
15, 24.8
15, 25
15, 25.2
15, 25.4
15, 25.6
15, 25.8
15, 26
15, 26.2
15, 26.4
15, 26.6
15, 26.8
15, 27
15, 27.2
15, 27.4
15, 27.6
15, 27.8
15, 28
15, 28.2
15, 28.4
15, 28.6
15, 28.8
15, 29
15, 29.2
15, 29.4
15, 29.6
15, 29.8
15, 30
15, 30.2
15, 30.4
15, 30.6
15, 30.8
15, 31
15, 31.2
15, 31.4
15, 31.6
15, 31.8
15, 32
15, 32.2
15, 32.4
15, 32.6
15, 32.8
15, 33
15, 33.2
15, 33.4
15, 33.6
15, 33.8
15, 34
15, 34.2
15, 34.4
15, 34.6
15, 34.8
15, 35
15, 35.2
15, 35.4
15, 35.6
15, 35.8
15, 36
15, 36.2
15, 36.4
15, 36.6
15, 36.8
15, 37
15, 37.2
15, 37.4
15, 37.6
15, 37.8
15, 38
15, 38.2
15, 38.4
15, 38.6
15, 38.8
15, 39
15, 39.2
15, 39.4
15, 39.6
15, 39.8
15, 40
15, 40.2
15, 40.4
15, 40.6
15, 40.8
15, 41
15, 41.2
15, 41.4
15, 41.6
15, 41.8
15, 42
15, 42.2
15, 42.4
15, 42.6
15, 42.8
15, 43
15, 43.2
15, 43.4
15, 43.6
15, 43.8
15, 44
15, 44.2
15, 44.4
15, 44.6
15, 44.8
15, 45
15, 45.2
15, 45.4
15, 45.6
15, 45.8
15, 46
15, 46.2
15, 46.4
15, 46.6
15, 46.8
15, 47
15, 47.2
15, 47.4
15, 47.6
15, 47.8
15, 48
15, 48.2
15, 48.4
15, 48.6
15, 48.8
15, 49
15, 49.2
15, 49.4
15, 49.6
15, 49.8
15, 50
15.2, 0.2
15.2, 0.4
15.2, 0.6
15.2, 0.8
15.2, 1
15.2, 1.2
15.2, 1.4
15.2, 1.6
15.2, 1.8
15.2, 2
15.2, 2.2
15.2, 2.4
15.2, 2.6
15.2, 2.8
15.2, 3
15.2, 3.2
15.2, 3.4
15.2, 3.6
15.2, 3.8
15.2, 4
15.2, 4.2
15.2, 4.4
15.2, 4.6
15.2, 4.8
15.2, 5
15.2, 5.2
15.2, 5.4
15.2, 5.6
15.2, 5.8
15.2, 6
15.2, 6.2
15.2, 6.4
15.2, 6.6
15.2, 6.8
15.2, 7
15.2, 7.2
15.2, 7.4
15.2, 7.6
15.2, 7.8
15.2, 8
15.2, 8.2
15.2, 8.4
15.2, 8.6
15.2, 8.8
15.2, 9
15.2, 9.2
15.2, 9.4
15.2, 9.6
15.2, 9.8
15.2, 10
15.2, 10.2
15.2, 10.4
15.2, 10.6
15.2, 10.8
15.2, 11
15.2, 11.2
15.2, 11.4
15.2, 11.6
15.2, 11.8
15.2, 12
15.2, 12.2
15.2, 12.4
15.2, 12.6
15.2, 12.8
15.2, 13
15.2, 13.2
15.2, 13.4
15.2, 13.6
15.2, 13.8
15.2, 14
15.2, 14.2
15.2, 14.4
15.2, 14.6
15.2, 14.8
15.2, 15
15.2, 15.2
15.2, 15.4
15.2, 15.6
15.2, 15.8
15.2, 16
15.2, 16.2
15.2, 16.4
15.2, 16.6
15.2, 16.8
15.2, 17
15.2, 17.2
15.2, 17.4
15.2, 17.6
15.2, 17.8
15.2, 18
15.2, 18.2
15.2, 18.4
15.2, 18.6
15.2, 18.8
15.2, 19
15.2, 19.2
15.2, 19.4
15.2, 19.6
15.2, 19.8
15.2, 20
15.2, 20.2
15.2, 20.4
15.2, 20.6
15.2, 20.8
15.2, 21
15.2, 21.2
15.2, 21.4
15.2, 21.6
15.2, 21.8
15.2, 22
15.2, 22.2
15.2, 22.4
15.2, 22.6
15.2, 22.8
15.2, 23
15.2, 23.2
15.2, 23.4
15.2, 23.6
15.2, 23.8
15.2, 24
15.2, 24.2
15.2, 24.4
15.2, 24.6
15.2, 24.8
15.2, 25
15.2, 25.2
15.2, 25.4
15.2, 25.6
15.2, 25.8
15.2, 26
15.2, 26.2
15.2, 26.4
15.2, 26.6
15.2, 26.8
15.2, 27
15.2, 27.2
15.2, 27.4
15.2, 27.6
15.2, 27.8
15.2, 28
15.2, 28.2
15.2, 28.4
15.2, 28.6
15.2, 28.8
15.2, 29
15.2, 29.2
15.2, 29.4
15.2, 29.6
15.2, 29.8
15.2, 30
15.2, 30.2
15.2, 30.4
15.2, 30.6
15.2, 30.8
15.2, 31
15.2, 31.2
15.2, 31.4
15.2, 31.6
15.2, 31.8
15.2, 32
15.2, 32.2
15.2, 32.4
15.2, 32.6
15.2, 32.8
15.2, 33
15.2, 33.2
15.2, 33.4
15.2, 33.6
15.2, 33.8
15.2, 34
15.2, 34.2
15.2, 34.4
15.2, 34.6
15.2, 34.8
15.2, 35
15.2, 35.2
15.2, 35.4
15.2, 35.6
15.2, 35.8
15.2, 36
15.2, 36.2
15.2, 36.4
15.2, 36.6
15.2, 36.8
15.2, 37
15.2, 37.2
15.2, 37.4
15.2, 37.6
15.2, 37.8
15.2, 38
15.2, 38.2
15.2, 38.4
15.2, 38.6
15.2, 38.8
15.2, 39
15.2, 39.2
15.2, 39.4
15.2, 39.6
15.2, 39.8
15.2, 40
15.2, 40.2
15.2, 40.4
15.2, 40.6
15.2, 40.8
15.2, 41
15.2, 41.2
15.2, 41.4
15.2, 41.6
15.2, 41.8
15.2, 42
15.2, 42.2
15.2, 42.4
15.2, 42.6
15.2, 42.8
15.2, 43
15.2, 43.2
15.2, 43.4
15.2, 43.6
15.2, 43.8
15.2, 44
15.2, 44.2
15.2, 44.4
15.2, 44.6
15.2, 44.8
15.2, 45
15.2, 45.2
15.2, 45.4
15.2, 45.6
15.2, 45.8
15.2, 46
15.2, 46.2
15.2, 46.4
15.2, 46.6
15.2, 46.8
15.2, 47
15.2, 47.2
15.2, 47.4
15.2, 47.6
15.2, 47.8
15.2, 48
15.2, 48.2
15.2, 48.4
15.2, 48.6
15.2, 48.8
15.2, 49
15.2, 49.2
15.2, 49.4
15.2, 49.6
15.2, 49.8
15.2, 50
15.4, 0.2
15.4, 0.4
15.4, 0.6
15.4, 0.8
15.4, 1
15.4, 1.2
15.4, 1.4
15.4, 1.6
15.4, 1.8
15.4, 2
15.4, 2.2
15.4, 2.4
15.4, 2.6
15.4, 2.8
15.4, 3
15.4, 3.2
15.4, 3.4
15.4, 3.6
15.4, 3.8
15.4, 4
15.4, 4.2
15.4, 4.4
15.4, 4.6
15.4, 4.8
15.4, 5
15.4, 5.2
15.4, 5.4
15.4, 5.6
15.4, 5.8
15.4, 6
15.4, 6.2
15.4, 6.4
15.4, 6.6
15.4, 6.8
15.4, 7
15.4, 7.2
15.4, 7.4
15.4, 7.6
15.4, 7.8
15.4, 8
15.4, 8.2
15.4, 8.4
15.4, 8.6
15.4, 8.8
15.4, 9
15.4, 9.2
15.4, 9.4
15.4, 9.6
15.4, 9.8
15.4, 10
15.4, 10.2
15.4, 10.4
15.4, 10.6
15.4, 10.8
15.4, 11
15.4, 11.2
15.4, 11.4
15.4, 11.6
15.4, 11.8
15.4, 12
15.4, 12.2
15.4, 12.4
15.4, 12.6
15.4, 12.8
15.4, 13
15.4, 13.2
15.4, 13.4
15.4, 13.6
15.4, 13.8
15.4, 14
15.4, 14.2
15.4, 14.4
15.4, 14.6
15.4, 14.8
15.4, 15
15.4, 15.2
15.4, 15.4
15.4, 15.6
15.4, 15.8
15.4, 16
15.4, 16.2
15.4, 16.4
15.4, 16.6
15.4, 16.8
15.4, 17
15.4, 17.2
15.4, 17.4
15.4, 17.6
15.4, 17.8
15.4, 18
15.4, 18.2
15.4, 18.4
15.4, 18.6
15.4, 18.8
15.4, 19
15.4, 19.2
15.4, 19.4
15.4, 19.6
15.4, 19.8
15.4, 20
15.4, 20.2
15.4, 20.4
15.4, 20.6
15.4, 20.8
15.4, 21
15.4, 21.2
15.4, 21.4
15.4, 21.6
15.4, 21.8
15.4, 22
15.4, 22.2
15.4, 22.4
15.4, 22.6
15.4, 22.8
15.4, 23
15.4, 23.2
15.4, 23.4
15.4, 23.6
15.4, 23.8
15.4, 24
15.4, 24.2
15.4, 24.4
15.4, 24.6
15.4, 24.8
15.4, 25
15.4, 25.2
15.4, 25.4
15.4, 25.6
15.4, 25.8
15.4, 26
15.4, 26.2
15.4, 26.4
15.4, 26.6
15.4, 26.8
15.4, 27
15.4, 27.2
15.4, 27.4
15.4, 27.6
15.4, 27.8
15.4, 28
15.4, 28.2
15.4, 28.4
15.4, 28.6
15.4, 28.8
15.4, 29
15.4, 29.2
15.4, 29.4
15.4, 29.6
15.4, 29.8
15.4, 30
15.4, 30.2
15.4, 30.4
15.4, 30.6
15.4, 30.8
15.4, 31
15.4, 31.2
15.4, 31.4
15.4, 31.6
15.4, 31.8
15.4, 32
15.4, 32.2
15.4, 32.4
15.4, 32.6
15.4, 32.8
15.4, 33
15.4, 33.2
15.4, 33.4
15.4, 33.6
15.4, 33.8
15.4, 34
15.4, 34.2
15.4, 34.4
15.4, 34.6
15.4, 34.8
15.4, 35
15.4, 35.2
15.4, 35.4
15.4, 35.6
15.4, 35.8
15.4, 36
15.4, 36.2
15.4, 36.4
15.4, 36.6
15.4, 36.8
15.4, 37
15.4, 37.2
15.4, 37.4
15.4, 37.6
15.4, 37.8
15.4, 38
15.4, 38.2
15.4, 38.4
15.4, 38.6
15.4, 38.8
15.4, 39
15.4, 39.2
15.4, 39.4
15.4, 39.6
15.4, 39.8
15.4, 40
15.4, 40.2
15.4, 40.4
15.4, 40.6
15.4, 40.8
15.4, 41
15.4, 41.2
15.4, 41.4
15.4, 41.6
15.4, 41.8
15.4, 42
15.4, 42.2
15.4, 42.4
15.4, 42.6
15.4, 42.8
15.4, 43
15.4, 43.2
15.4, 43.4
15.4, 43.6
15.4, 43.8
15.4, 44
15.4, 44.2
15.4, 44.4
15.4, 44.6
15.4, 44.8
15.4, 45
15.4, 45.2
15.4, 45.4
15.4, 45.6
15.4, 45.8
15.4, 46
15.4, 46.2
15.4, 46.4
15.4, 46.6
15.4, 46.8
15.4, 47
15.4, 47.2
15.4, 47.4
15.4, 47.6
15.4, 47.8
15.4, 48
15.4, 48.2
15.4, 48.4
15.4, 48.6
15.4, 48.8
15.4, 49
15.4, 49.2
15.4, 49.4
15.4, 49.6
15.4, 49.8
15.4, 50
15.6, 0.2
15.6, 0.4
15.6, 0.6
15.6, 0.8
15.6, 1
15.6, 1.2
15.6, 1.4
15.6, 1.6
15.6, 1.8
15.6, 2
15.6, 2.2
15.6, 2.4
15.6, 2.6
15.6, 2.8
15.6, 3
15.6, 3.2
15.6, 3.4
15.6, 3.6
15.6, 3.8
15.6, 4
15.6, 4.2
15.6, 4.4
15.6, 4.6
15.6, 4.8
15.6, 5
15.6, 5.2
15.6, 5.4
15.6, 5.6
15.6, 5.8
15.6, 6
15.6, 6.2
15.6, 6.4
15.6, 6.6
15.6, 6.8
15.6, 7
15.6, 7.2
15.6, 7.4
15.6, 7.6
15.6, 7.8
15.6, 8
15.6, 8.2
15.6, 8.4
15.6, 8.6
15.6, 8.8
15.6, 9
15.6, 9.2
15.6, 9.4
15.6, 9.6
15.6, 9.8
15.6, 10
15.6, 10.2
15.6, 10.4
15.6, 10.6
15.6, 10.8
15.6, 11
15.6, 11.2
15.6, 11.4
15.6, 11.6
15.6, 11.8
15.6, 12
15.6, 12.2
15.6, 12.4
15.6, 12.6
15.6, 12.8
15.6, 13
15.6, 13.2
15.6, 13.4
15.6, 13.6
15.6, 13.8
15.6, 14
15.6, 14.2
15.6, 14.4
15.6, 14.6
15.6, 14.8
15.6, 15
15.6, 15.2
15.6, 15.4
15.6, 15.6
15.6, 15.8
15.6, 16
15.6, 16.2
15.6, 16.4
15.6, 16.6
15.6, 16.8
15.6, 17
15.6, 17.2
15.6, 17.4
15.6, 17.6
15.6, 17.8
15.6, 18
15.6, 18.2
15.6, 18.4
15.6, 18.6
15.6, 18.8
15.6, 19
15.6, 19.2
15.6, 19.4
15.6, 19.6
15.6, 19.8
15.6, 20
15.6, 20.2
15.6, 20.4
15.6, 20.6
15.6, 20.8
15.6, 21
15.6, 21.2
15.6, 21.4
15.6, 21.6
15.6, 21.8
15.6, 22
15.6, 22.2
15.6, 22.4
15.6, 22.6
15.6, 22.8
15.6, 23
15.6, 23.2
15.6, 23.4
15.6, 23.6
15.6, 23.8
15.6, 24
15.6, 24.2
15.6, 24.4
15.6, 24.6
15.6, 24.8
15.6, 25
15.6, 25.2
15.6, 25.4
15.6, 25.6
15.6, 25.8
15.6, 26
15.6, 26.2
15.6, 26.4
15.6, 26.6
15.6, 26.8
15.6, 27
15.6, 27.2
15.6, 27.4
15.6, 27.6
15.6, 27.8
15.6, 28
15.6, 28.2
15.6, 28.4
15.6, 28.6
15.6, 28.8
15.6, 29
15.6, 29.2
15.6, 29.4
15.6, 29.6
15.6, 29.8
15.6, 30
15.6, 30.2
15.6, 30.4
15.6, 30.6
15.6, 30.8
15.6, 31
15.6, 31.2
15.6, 31.4
15.6, 31.6
15.6, 31.8
15.6, 32
15.6, 32.2
15.6, 32.4
15.6, 32.6
15.6, 32.8
15.6, 33
15.6, 33.2
15.6, 33.4
15.6, 33.6
15.6, 33.8
15.6, 34
15.6, 34.2
15.6, 34.4
15.6, 34.6
15.6, 34.8
15.6, 35
15.6, 35.2
15.6, 35.4
15.6, 35.6
15.6, 35.8
15.6, 36
15.6, 36.2
15.6, 36.4
15.6, 36.6
15.6, 36.8
15.6, 37
15.6, 37.2
15.6, 37.4
15.6, 37.6
15.6, 37.8
15.6, 38
15.6, 38.2
15.6, 38.4
15.6, 38.6
15.6, 38.8
15.6, 39
15.6, 39.2
15.6, 39.4
15.6, 39.6
15.6, 39.8
15.6, 40
15.6, 40.2
15.6, 40.4
15.6, 40.6
15.6, 40.8
15.6, 41
15.6, 41.2
15.6, 41.4
15.6, 41.6
15.6, 41.8
15.6, 42
15.6, 42.2
15.6, 42.4
15.6, 42.6
15.6, 42.8
15.6, 43
15.6, 43.2
15.6, 43.4
15.6, 43.6
15.6, 43.8
15.6, 44
15.6, 44.2
15.6, 44.4
15.6, 44.6
15.6, 44.8
15.6, 45
15.6, 45.2
15.6, 45.4
15.6, 45.6
15.6, 45.8
15.6, 46
15.6, 46.2
15.6, 46.4
15.6, 46.6
15.6, 46.8
15.6, 47
15.6, 47.2
15.6, 47.4
15.6, 47.6
15.6, 47.8
15.6, 48
15.6, 48.2
15.6, 48.4
15.6, 48.6
15.6, 48.8
15.6, 49
15.6, 49.2
15.6, 49.4
15.6, 49.6
15.6, 49.8
15.6, 50
15.8, 0.2
15.8, 0.4
15.8, 0.6
15.8, 0.8
15.8, 1
15.8, 1.2
15.8, 1.4
15.8, 1.6
15.8, 1.8
15.8, 2
15.8, 2.2
15.8, 2.4
15.8, 2.6
15.8, 2.8
15.8, 3
15.8, 3.2
15.8, 3.4
15.8, 3.6
15.8, 3.8
15.8, 4
15.8, 4.2
15.8, 4.4
15.8, 4.6
15.8, 4.8
15.8, 5
15.8, 5.2
15.8, 5.4
15.8, 5.6
15.8, 5.8
15.8, 6
15.8, 6.2
15.8, 6.4
15.8, 6.6
15.8, 6.8
15.8, 7
15.8, 7.2
15.8, 7.4
15.8, 7.6
15.8, 7.8
15.8, 8
15.8, 8.2
15.8, 8.4
15.8, 8.6
15.8, 8.8
15.8, 9
15.8, 9.2
15.8, 9.4
15.8, 9.6
15.8, 9.8
15.8, 10
15.8, 10.2
15.8, 10.4
15.8, 10.6
15.8, 10.8
15.8, 11
15.8, 11.2
15.8, 11.4
15.8, 11.6
15.8, 11.8
15.8, 12
15.8, 12.2
15.8, 12.4
15.8, 12.6
15.8, 12.8
15.8, 13
15.8, 13.2
15.8, 13.4
15.8, 13.6
15.8, 13.8
15.8, 14
15.8, 14.2
15.8, 14.4
15.8, 14.6
15.8, 14.8
15.8, 15
15.8, 15.2
15.8, 15.4
15.8, 15.6
15.8, 15.8
15.8, 16
15.8, 16.2
15.8, 16.4
15.8, 16.6
15.8, 16.8
15.8, 17
15.8, 17.2
15.8, 17.4
15.8, 17.6
15.8, 17.8
15.8, 18
15.8, 18.2
15.8, 18.4
15.8, 18.6
15.8, 18.8
15.8, 19
15.8, 19.2
15.8, 19.4
15.8, 19.6
15.8, 19.8
15.8, 20
15.8, 20.2
15.8, 20.4
15.8, 20.6
15.8, 20.8
15.8, 21
15.8, 21.2
15.8, 21.4
15.8, 21.6
15.8, 21.8
15.8, 22
15.8, 22.2
15.8, 22.4
15.8, 22.6
15.8, 22.8
15.8, 23
15.8, 23.2
15.8, 23.4
15.8, 23.6
15.8, 23.8
15.8, 24
15.8, 24.2
15.8, 24.4
15.8, 24.6
15.8, 24.8
15.8, 25
15.8, 25.2
15.8, 25.4
15.8, 25.6
15.8, 25.8
15.8, 26
15.8, 26.2
15.8, 26.4
15.8, 26.6
15.8, 26.8
15.8, 27
15.8, 27.2
15.8, 27.4
15.8, 27.6
15.8, 27.8
15.8, 28
15.8, 28.2
15.8, 28.4
15.8, 28.6
15.8, 28.8
15.8, 29
15.8, 29.2
15.8, 29.4
15.8, 29.6
15.8, 29.8
15.8, 30
15.8, 30.2
15.8, 30.4
15.8, 30.6
15.8, 30.8
15.8, 31
15.8, 31.2
15.8, 31.4
15.8, 31.6
15.8, 31.8
15.8, 32
15.8, 32.2
15.8, 32.4
15.8, 32.6
15.8, 32.8
15.8, 33
15.8, 33.2
15.8, 33.4
15.8, 33.6
15.8, 33.8
15.8, 34
15.8, 34.2
15.8, 34.4
15.8, 34.6
15.8, 34.8
15.8, 35
15.8, 35.2
15.8, 35.4
15.8, 35.6
15.8, 35.8
15.8, 36
15.8, 36.2
15.8, 36.4
15.8, 36.6
15.8, 36.8
15.8, 37
15.8, 37.2
15.8, 37.4
15.8, 37.6
15.8, 37.8
15.8, 38
15.8, 38.2
15.8, 38.4
15.8, 38.6
15.8, 38.8
15.8, 39
15.8, 39.2
15.8, 39.4
15.8, 39.6
15.8, 39.8
15.8, 40
15.8, 40.2
15.8, 40.4
15.8, 40.6
15.8, 40.8
15.8, 41
15.8, 41.2
15.8, 41.4
15.8, 41.6
15.8, 41.8
15.8, 42
15.8, 42.2
15.8, 42.4
15.8, 42.6
15.8, 42.8
15.8, 43
15.8, 43.2
15.8, 43.4
15.8, 43.6
15.8, 43.8
15.8, 44
15.8, 44.2
15.8, 44.4
15.8, 44.6
15.8, 44.8
15.8, 45
15.8, 45.2
15.8, 45.4
15.8, 45.6
15.8, 45.8
15.8, 46
15.8, 46.2
15.8, 46.4
15.8, 46.6
15.8, 46.8
15.8, 47
15.8, 47.2
15.8, 47.4
15.8, 47.6
15.8, 47.8
15.8, 48
15.8, 48.2
15.8, 48.4
15.8, 48.6
15.8, 48.8
15.8, 49
15.8, 49.2
15.8, 49.4
15.8, 49.6
15.8, 49.8
15.8, 50
16, 0.2
16, 0.4
16, 0.6
16, 0.8
16, 1
16, 1.2
16, 1.4
16, 1.6
16, 1.8
16, 2
16, 2.2
16, 2.4
16, 2.6
16, 2.8
16, 3
16, 3.2
16, 3.4
16, 3.6
16, 3.8
16, 4
16, 4.2
16, 4.4
16, 4.6
16, 4.8
16, 5
16, 5.2
16, 5.4
16, 5.6
16, 5.8
16, 6
16, 6.2
16, 6.4
16, 6.6
16, 6.8
16, 7
16, 7.2
16, 7.4
16, 7.6
16, 7.8
16, 8
16, 8.2
16, 8.4
16, 8.6
16, 8.8
16, 9
16, 9.2
16, 9.4
16, 9.6
16, 9.8
16, 10
16, 10.2
16, 10.4
16, 10.6
16, 10.8
16, 11
16, 11.2
16, 11.4
16, 11.6
16, 11.8
16, 12
16, 12.2
16, 12.4
16, 12.6
16, 12.8
16, 13
16, 13.2
16, 13.4
16, 13.6
16, 13.8
16, 14
16, 14.2
16, 14.4
16, 14.6
16, 14.8
16, 15
16, 15.2
16, 15.4
16, 15.6
16, 15.8
16, 16
16, 16.2
16, 16.4
16, 16.6
16, 16.8
16, 17
16, 17.2
16, 17.4
16, 17.6
16, 17.8
16, 18
16, 18.2
16, 18.4
16, 18.6
16, 18.8
16, 19
16, 19.2
16, 19.4
16, 19.6
16, 19.8
16, 20
16, 20.2
16, 20.4
16, 20.6
16, 20.8
16, 21
16, 21.2
16, 21.4
16, 21.6
16, 21.8
16, 22
16, 22.2
16, 22.4
16, 22.6
16, 22.8
16, 23
16, 23.2
16, 23.4
16, 23.6
16, 23.8
16, 24
16, 24.2
16, 24.4
16, 24.6
16, 24.8
16, 25
16, 25.2
16, 25.4
16, 25.6
16, 25.8
16, 26
16, 26.2
16, 26.4
16, 26.6
16, 26.8
16, 27
16, 27.2
16, 27.4
16, 27.6
16, 27.8
16, 28
16, 28.2
16, 28.4
16, 28.6
16, 28.8
16, 29
16, 29.2
16, 29.4
16, 29.6
16, 29.8
16, 30
16, 30.2
16, 30.4
16, 30.6
16, 30.8
16, 31
16, 31.2
16, 31.4
16, 31.6
16, 31.8
16, 32
16, 32.2
16, 32.4
16, 32.6
16, 32.8
16, 33
16, 33.2
16, 33.4
16, 33.6
16, 33.8
16, 34
16, 34.2
16, 34.4
16, 34.6
16, 34.8
16, 35
16, 35.2
16, 35.4
16, 35.6
16, 35.8
16, 36
16, 36.2
16, 36.4
16, 36.6
16, 36.8
16, 37
16, 37.2
16, 37.4
16, 37.6
16, 37.8
16, 38
16, 38.2
16, 38.4
16, 38.6
16, 38.8
16, 39
16, 39.2
16, 39.4
16, 39.6
16, 39.8
16, 40
16, 40.2
16, 40.4
16, 40.6
16, 40.8
16, 41
16, 41.2
16, 41.4
16, 41.6
16, 41.8
16, 42
16, 42.2
16, 42.4
16, 42.6
16, 42.8
16, 43
16, 43.2
16, 43.4
16, 43.6
16, 43.8
16, 44
16, 44.2
16, 44.4
16, 44.6
16, 44.8
16, 45
16, 45.2
16, 45.4
16, 45.6
16, 45.8
16, 46
16, 46.2
16, 46.4
16, 46.6
16, 46.8
16, 47
16, 47.2
16, 47.4
16, 47.6
16, 47.8
16, 48
16, 48.2
16, 48.4
16, 48.6
16, 48.8
16, 49
16, 49.2
16, 49.4
16, 49.6
16, 49.8
16, 50
16.2, 0.2
16.2, 0.4
16.2, 0.6
16.2, 0.8
16.2, 1
16.2, 1.2
16.2, 1.4
16.2, 1.6
16.2, 1.8
16.2, 2
16.2, 2.2
16.2, 2.4
16.2, 2.6
16.2, 2.8
16.2, 3
16.2, 3.2
16.2, 3.4
16.2, 3.6
16.2, 3.8
16.2, 4
16.2, 4.2
16.2, 4.4
16.2, 4.6
16.2, 4.8
16.2, 5
16.2, 5.2
16.2, 5.4
16.2, 5.6
16.2, 5.8
16.2, 6
16.2, 6.2
16.2, 6.4
16.2, 6.6
16.2, 6.8
16.2, 7
16.2, 7.2
16.2, 7.4
16.2, 7.6
16.2, 7.8
16.2, 8
16.2, 8.2
16.2, 8.4
16.2, 8.6
16.2, 8.8
16.2, 9
16.2, 9.2
16.2, 9.4
16.2, 9.6
16.2, 9.8
16.2, 10
16.2, 10.2
16.2, 10.4
16.2, 10.6
16.2, 10.8
16.2, 11
16.2, 11.2
16.2, 11.4
16.2, 11.6
16.2, 11.8
16.2, 12
16.2, 12.2
16.2, 12.4
16.2, 12.6
16.2, 12.8
16.2, 13
16.2, 13.2
16.2, 13.4
16.2, 13.6
16.2, 13.8
16.2, 14
16.2, 14.2
16.2, 14.4
16.2, 14.6
16.2, 14.8
16.2, 15
16.2, 15.2
16.2, 15.4
16.2, 15.6
16.2, 15.8
16.2, 16
16.2, 16.2
16.2, 16.4
16.2, 16.6
16.2, 16.8
16.2, 17
16.2, 17.2
16.2, 17.4
16.2, 17.6
16.2, 17.8
16.2, 18
16.2, 18.2
16.2, 18.4
16.2, 18.6
16.2, 18.8
16.2, 19
16.2, 19.2
16.2, 19.4
16.2, 19.6
16.2, 19.8
16.2, 20
16.2, 20.2
16.2, 20.4
16.2, 20.6
16.2, 20.8
16.2, 21
16.2, 21.2
16.2, 21.4
16.2, 21.6
16.2, 21.8
16.2, 22
16.2, 22.2
16.2, 22.4
16.2, 22.6
16.2, 22.8
16.2, 23
16.2, 23.2
16.2, 23.4
16.2, 23.6
16.2, 23.8
16.2, 24
16.2, 24.2
16.2, 24.4
16.2, 24.6
16.2, 24.8
16.2, 25
16.2, 25.2
16.2, 25.4
16.2, 25.6
16.2, 25.8
16.2, 26
16.2, 26.2
16.2, 26.4
16.2, 26.6
16.2, 26.8
16.2, 27
16.2, 27.2
16.2, 27.4
16.2, 27.6
16.2, 27.8
16.2, 28
16.2, 28.2
16.2, 28.4
16.2, 28.6
16.2, 28.8
16.2, 29
16.2, 29.2
16.2, 29.4
16.2, 29.6
16.2, 29.8
16.2, 30
16.2, 30.2
16.2, 30.4
16.2, 30.6
16.2, 30.8
16.2, 31
16.2, 31.2
16.2, 31.4
16.2, 31.6
16.2, 31.8
16.2, 32
16.2, 32.2
16.2, 32.4
16.2, 32.6
16.2, 32.8
16.2, 33
16.2, 33.2
16.2, 33.4
16.2, 33.6
16.2, 33.8
16.2, 34
16.2, 34.2
16.2, 34.4
16.2, 34.6
16.2, 34.8
16.2, 35
16.2, 35.2
16.2, 35.4
16.2, 35.6
16.2, 35.8
16.2, 36
16.2, 36.2
16.2, 36.4
16.2, 36.6
16.2, 36.8
16.2, 37
16.2, 37.2
16.2, 37.4
16.2, 37.6
16.2, 37.8
16.2, 38
16.2, 38.2
16.2, 38.4
16.2, 38.6
16.2, 38.8
16.2, 39
16.2, 39.2
16.2, 39.4
16.2, 39.6
16.2, 39.8
16.2, 40
16.2, 40.2
16.2, 40.4
16.2, 40.6
16.2, 40.8
16.2, 41
16.2, 41.2
16.2, 41.4
16.2, 41.6
16.2, 41.8
16.2, 42
16.2, 42.2
16.2, 42.4
16.2, 42.6
16.2, 42.8
16.2, 43
16.2, 43.2
16.2, 43.4
16.2, 43.6
16.2, 43.8
16.2, 44
16.2, 44.2
16.2, 44.4
16.2, 44.6
16.2, 44.8
16.2, 45
16.2, 45.2
16.2, 45.4
16.2, 45.6
16.2, 45.8
16.2, 46
16.2, 46.2
16.2, 46.4
16.2, 46.6
16.2, 46.8
16.2, 47
16.2, 47.2
16.2, 47.4
16.2, 47.6
16.2, 47.8
16.2, 48
16.2, 48.2
16.2, 48.4
16.2, 48.6
16.2, 48.8
16.2, 49
16.2, 49.2
16.2, 49.4
16.2, 49.6
16.2, 49.8
16.2, 50
16.4, 0.2
16.4, 0.4
16.4, 0.6
16.4, 0.8
16.4, 1
16.4, 1.2
16.4, 1.4
16.4, 1.6
16.4, 1.8
16.4, 2
16.4, 2.2
16.4, 2.4
16.4, 2.6
16.4, 2.8
16.4, 3
16.4, 3.2
16.4, 3.4
16.4, 3.6
16.4, 3.8
16.4, 4
16.4, 4.2
16.4, 4.4
16.4, 4.6
16.4, 4.8
16.4, 5
16.4, 5.2
16.4, 5.4
16.4, 5.6
16.4, 5.8
16.4, 6
16.4, 6.2
16.4, 6.4
16.4, 6.6
16.4, 6.8
16.4, 7
16.4, 7.2
16.4, 7.4
16.4, 7.6
16.4, 7.8
16.4, 8
16.4, 8.2
16.4, 8.4
16.4, 8.6
16.4, 8.8
16.4, 9
16.4, 9.2
16.4, 9.4
16.4, 9.6
16.4, 9.8
16.4, 10
16.4, 10.2
16.4, 10.4
16.4, 10.6
16.4, 10.8
16.4, 11
16.4, 11.2
16.4, 11.4
16.4, 11.6
16.4, 11.8
16.4, 12
16.4, 12.2
16.4, 12.4
16.4, 12.6
16.4, 12.8
16.4, 13
16.4, 13.2
16.4, 13.4
16.4, 13.6
16.4, 13.8
16.4, 14
16.4, 14.2
16.4, 14.4
16.4, 14.6
16.4, 14.8
16.4, 15
16.4, 15.2
16.4, 15.4
16.4, 15.6
16.4, 15.8
16.4, 16
16.4, 16.2
16.4, 16.4
16.4, 16.6
16.4, 16.8
16.4, 17
16.4, 17.2
16.4, 17.4
16.4, 17.6
16.4, 17.8
16.4, 18
16.4, 18.2
16.4, 18.4
16.4, 18.6
16.4, 18.8
16.4, 19
16.4, 19.2
16.4, 19.4
16.4, 19.6
16.4, 19.8
16.4, 20
16.4, 20.2
16.4, 20.4
16.4, 20.6
16.4, 20.8
16.4, 21
16.4, 21.2
16.4, 21.4
16.4, 21.6
16.4, 21.8
16.4, 22
16.4, 22.2
16.4, 22.4
16.4, 22.6
16.4, 22.8
16.4, 23
16.4, 23.2
16.4, 23.4
16.4, 23.6
16.4, 23.8
16.4, 24
16.4, 24.2
16.4, 24.4
16.4, 24.6
16.4, 24.8
16.4, 25
16.4, 25.2
16.4, 25.4
16.4, 25.6
16.4, 25.8
16.4, 26
16.4, 26.2
16.4, 26.4
16.4, 26.6
16.4, 26.8
16.4, 27
16.4, 27.2
16.4, 27.4
16.4, 27.6
16.4, 27.8
16.4, 28
16.4, 28.2
16.4, 28.4
16.4, 28.6
16.4, 28.8
16.4, 29
16.4, 29.2
16.4, 29.4
16.4, 29.6
16.4, 29.8
16.4, 30
16.4, 30.2
16.4, 30.4
16.4, 30.6
16.4, 30.8
16.4, 31
16.4, 31.2
16.4, 31.4
16.4, 31.6
16.4, 31.8
16.4, 32
16.4, 32.2
16.4, 32.4
16.4, 32.6
16.4, 32.8
16.4, 33
16.4, 33.2
16.4, 33.4
16.4, 33.6
16.4, 33.8
16.4, 34
16.4, 34.2
16.4, 34.4
16.4, 34.6
16.4, 34.8
16.4, 35
16.4, 35.2
16.4, 35.4
16.4, 35.6
16.4, 35.8
16.4, 36
16.4, 36.2
16.4, 36.4
16.4, 36.6
16.4, 36.8
16.4, 37
16.4, 37.2
16.4, 37.4
16.4, 37.6
16.4, 37.8
16.4, 38
16.4, 38.2
16.4, 38.4
16.4, 38.6
16.4, 38.8
16.4, 39
16.4, 39.2
16.4, 39.4
16.4, 39.6
16.4, 39.8
16.4, 40
16.4, 40.2
16.4, 40.4
16.4, 40.6
16.4, 40.8
16.4, 41
16.4, 41.2
16.4, 41.4
16.4, 41.6
16.4, 41.8
16.4, 42
16.4, 42.2
16.4, 42.4
16.4, 42.6
16.4, 42.8
16.4, 43
16.4, 43.2
16.4, 43.4
16.4, 43.6
16.4, 43.8
16.4, 44
16.4, 44.2
16.4, 44.4
16.4, 44.6
16.4, 44.8
16.4, 45
16.4, 45.2
16.4, 45.4
16.4, 45.6
16.4, 45.8
16.4, 46
16.4, 46.2
16.4, 46.4
16.4, 46.6
16.4, 46.8
16.4, 47
16.4, 47.2
16.4, 47.4
16.4, 47.6
16.4, 47.8
16.4, 48
16.4, 48.2
16.4, 48.4
16.4, 48.6
16.4, 48.8
16.4, 49
16.4, 49.2
16.4, 49.4
16.4, 49.6
16.4, 49.8
16.4, 50
16.6, 0.2
16.6, 0.4
16.6, 0.6
16.6, 0.8
16.6, 1
16.6, 1.2
16.6, 1.4
16.6, 1.6
16.6, 1.8
16.6, 2
16.6, 2.2
16.6, 2.4
16.6, 2.6
16.6, 2.8
16.6, 3
16.6, 3.2
16.6, 3.4
16.6, 3.6
16.6, 3.8
16.6, 4
16.6, 4.2
16.6, 4.4
16.6, 4.6
16.6, 4.8
16.6, 5
16.6, 5.2
16.6, 5.4
16.6, 5.6
16.6, 5.8
16.6, 6
16.6, 6.2
16.6, 6.4
16.6, 6.6
16.6, 6.8
16.6, 7
16.6, 7.2
16.6, 7.4
16.6, 7.6
16.6, 7.8
16.6, 8
16.6, 8.2
16.6, 8.4
16.6, 8.6
16.6, 8.8
16.6, 9
16.6, 9.2
16.6, 9.4
16.6, 9.6
16.6, 9.8
16.6, 10
16.6, 10.2
16.6, 10.4
16.6, 10.6
16.6, 10.8
16.6, 11
16.6, 11.2
16.6, 11.4
16.6, 11.6
16.6, 11.8
16.6, 12
16.6, 12.2
16.6, 12.4
16.6, 12.6
16.6, 12.8
16.6, 13
16.6, 13.2
16.6, 13.4
16.6, 13.6
16.6, 13.8
16.6, 14
16.6, 14.2
16.6, 14.4
16.6, 14.6
16.6, 14.8
16.6, 15
16.6, 15.2
16.6, 15.4
16.6, 15.6
16.6, 15.8
16.6, 16
16.6, 16.2
16.6, 16.4
16.6, 16.6
16.6, 16.8
16.6, 17
16.6, 17.2
16.6, 17.4
16.6, 17.6
16.6, 17.8
16.6, 18
16.6, 18.2
16.6, 18.4
16.6, 18.6
16.6, 18.8
16.6, 19
16.6, 19.2
16.6, 19.4
16.6, 19.6
16.6, 19.8
16.6, 20
16.6, 20.2
16.6, 20.4
16.6, 20.6
16.6, 20.8
16.6, 21
16.6, 21.2
16.6, 21.4
16.6, 21.6
16.6, 21.8
16.6, 22
16.6, 22.2
16.6, 22.4
16.6, 22.6
16.6, 22.8
16.6, 23
16.6, 23.2
16.6, 23.4
16.6, 23.6
16.6, 23.8
16.6, 24
16.6, 24.2
16.6, 24.4
16.6, 24.6
16.6, 24.8
16.6, 25
16.6, 25.2
16.6, 25.4
16.6, 25.6
16.6, 25.8
16.6, 26
16.6, 26.2
16.6, 26.4
16.6, 26.6
16.6, 26.8
16.6, 27
16.6, 27.2
16.6, 27.4
16.6, 27.6
16.6, 27.8
16.6, 28
16.6, 28.2
16.6, 28.4
16.6, 28.6
16.6, 28.8
16.6, 29
16.6, 29.2
16.6, 29.4
16.6, 29.6
16.6, 29.8
16.6, 30
16.6, 30.2
16.6, 30.4
16.6, 30.6
16.6, 30.8
16.6, 31
16.6, 31.2
16.6, 31.4
16.6, 31.6
16.6, 31.8
16.6, 32
16.6, 32.2
16.6, 32.4
16.6, 32.6
16.6, 32.8
16.6, 33
16.6, 33.2
16.6, 33.4
16.6, 33.6
16.6, 33.8
16.6, 34
16.6, 34.2
16.6, 34.4
16.6, 34.6
16.6, 34.8
16.6, 35
16.6, 35.2
16.6, 35.4
16.6, 35.6
16.6, 35.8
16.6, 36
16.6, 36.2
16.6, 36.4
16.6, 36.6
16.6, 36.8
16.6, 37
16.6, 37.2
16.6, 37.4
16.6, 37.6
16.6, 37.8
16.6, 38
16.6, 38.2
16.6, 38.4
16.6, 38.6
16.6, 38.8
16.6, 39
16.6, 39.2
16.6, 39.4
16.6, 39.6
16.6, 39.8
16.6, 40
16.6, 40.2
16.6, 40.4
16.6, 40.6
16.6, 40.8
16.6, 41
16.6, 41.2
16.6, 41.4
16.6, 41.6
16.6, 41.8
16.6, 42
16.6, 42.2
16.6, 42.4
16.6, 42.6
16.6, 42.8
16.6, 43
16.6, 43.2
16.6, 43.4
16.6, 43.6
16.6, 43.8
16.6, 44
16.6, 44.2
16.6, 44.4
16.6, 44.6
16.6, 44.8
16.6, 45
16.6, 45.2
16.6, 45.4
16.6, 45.6
16.6, 45.8
16.6, 46
16.6, 46.2
16.6, 46.4
16.6, 46.6
16.6, 46.8
16.6, 47
16.6, 47.2
16.6, 47.4
16.6, 47.6
16.6, 47.8
16.6, 48
16.6, 48.2
16.6, 48.4
16.6, 48.6
16.6, 48.8
16.6, 49
16.6, 49.2
16.6, 49.4
16.6, 49.6
16.6, 49.8
16.6, 50
16.8, 0.2
16.8, 0.4
16.8, 0.6
16.8, 0.8
16.8, 1
16.8, 1.2
16.8, 1.4
16.8, 1.6
16.8, 1.8
16.8, 2
16.8, 2.2
16.8, 2.4
16.8, 2.6
16.8, 2.8
16.8, 3
16.8, 3.2
16.8, 3.4
16.8, 3.6
16.8, 3.8
16.8, 4
16.8, 4.2
16.8, 4.4
16.8, 4.6
16.8, 4.8
16.8, 5
16.8, 5.2
16.8, 5.4
16.8, 5.6
16.8, 5.8
16.8, 6
16.8, 6.2
16.8, 6.4
16.8, 6.6
16.8, 6.8
16.8, 7
16.8, 7.2
16.8, 7.4
16.8, 7.6
16.8, 7.8
16.8, 8
16.8, 8.2
16.8, 8.4
16.8, 8.6
16.8, 8.8
16.8, 9
16.8, 9.2
16.8, 9.4
16.8, 9.6
16.8, 9.8
16.8, 10
16.8, 10.2
16.8, 10.4
16.8, 10.6
16.8, 10.8
16.8, 11
16.8, 11.2
16.8, 11.4
16.8, 11.6
16.8, 11.8
16.8, 12
16.8, 12.2
16.8, 12.4
16.8, 12.6
16.8, 12.8
16.8, 13
16.8, 13.2
16.8, 13.4
16.8, 13.6
16.8, 13.8
16.8, 14
16.8, 14.2
16.8, 14.4
16.8, 14.6
16.8, 14.8
16.8, 15
16.8, 15.2
16.8, 15.4
16.8, 15.6
16.8, 15.8
16.8, 16
16.8, 16.2
16.8, 16.4
16.8, 16.6
16.8, 16.8
16.8, 17
16.8, 17.2
16.8, 17.4
16.8, 17.6
16.8, 17.8
16.8, 18
16.8, 18.2
16.8, 18.4
16.8, 18.6
16.8, 18.8
16.8, 19
16.8, 19.2
16.8, 19.4
16.8, 19.6
16.8, 19.8
16.8, 20
16.8, 20.2
16.8, 20.4
16.8, 20.6
16.8, 20.8
16.8, 21
16.8, 21.2
16.8, 21.4
16.8, 21.6
16.8, 21.8
16.8, 22
16.8, 22.2
16.8, 22.4
16.8, 22.6
16.8, 22.8
16.8, 23
16.8, 23.2
16.8, 23.4
16.8, 23.6
16.8, 23.8
16.8, 24
16.8, 24.2
16.8, 24.4
16.8, 24.6
16.8, 24.8
16.8, 25
16.8, 25.2
16.8, 25.4
16.8, 25.6
16.8, 25.8
16.8, 26
16.8, 26.2
16.8, 26.4
16.8, 26.6
16.8, 26.8
16.8, 27
16.8, 27.2
16.8, 27.4
16.8, 27.6
16.8, 27.8
16.8, 28
16.8, 28.2
16.8, 28.4
16.8, 28.6
16.8, 28.8
16.8, 29
16.8, 29.2
16.8, 29.4
16.8, 29.6
16.8, 29.8
16.8, 30
16.8, 30.2
16.8, 30.4
16.8, 30.6
16.8, 30.8
16.8, 31
16.8, 31.2
16.8, 31.4
16.8, 31.6
16.8, 31.8
16.8, 32
16.8, 32.2
16.8, 32.4
16.8, 32.6
16.8, 32.8
16.8, 33
16.8, 33.2
16.8, 33.4
16.8, 33.6
16.8, 33.8
16.8, 34
16.8, 34.2
16.8, 34.4
16.8, 34.6
16.8, 34.8
16.8, 35
16.8, 35.2
16.8, 35.4
16.8, 35.6
16.8, 35.8
16.8, 36
16.8, 36.2
16.8, 36.4
16.8, 36.6
16.8, 36.8
16.8, 37
16.8, 37.2
16.8, 37.4
16.8, 37.6
16.8, 37.8
16.8, 38
16.8, 38.2
16.8, 38.4
16.8, 38.6
16.8, 38.8
16.8, 39
16.8, 39.2
16.8, 39.4
16.8, 39.6
16.8, 39.8
16.8, 40
16.8, 40.2
16.8, 40.4
16.8, 40.6
16.8, 40.8
16.8, 41
16.8, 41.2
16.8, 41.4
16.8, 41.6
16.8, 41.8
16.8, 42
16.8, 42.2
16.8, 42.4
16.8, 42.6
16.8, 42.8
16.8, 43
16.8, 43.2
16.8, 43.4
16.8, 43.6
16.8, 43.8
16.8, 44
16.8, 44.2
16.8, 44.4
16.8, 44.6
16.8, 44.8
16.8, 45
16.8, 45.2
16.8, 45.4
16.8, 45.6
16.8, 45.8
16.8, 46
16.8, 46.2
16.8, 46.4
16.8, 46.6
16.8, 46.8
16.8, 47
16.8, 47.2
16.8, 47.4
16.8, 47.6
16.8, 47.8
16.8, 48
16.8, 48.2
16.8, 48.4
16.8, 48.6
16.8, 48.8
16.8, 49
16.8, 49.2
16.8, 49.4
16.8, 49.6
16.8, 49.8
16.8, 50
17, 0.2
17, 0.4
17, 0.6
17, 0.8
17, 1
17, 1.2
17, 1.4
17, 1.6
17, 1.8
17, 2
17, 2.2
17, 2.4
17, 2.6
17, 2.8
17, 3
17, 3.2
17, 3.4
17, 3.6
17, 3.8
17, 4
17, 4.2
17, 4.4
17, 4.6
17, 4.8
17, 5
17, 5.2
17, 5.4
17, 5.6
17, 5.8
17, 6
17, 6.2
17, 6.4
17, 6.6
17, 6.8
17, 7
17, 7.2
17, 7.4
17, 7.6
17, 7.8
17, 8
17, 8.2
17, 8.4
17, 8.6
17, 8.8
17, 9
17, 9.2
17, 9.4
17, 9.6
17, 9.8
17, 10
17, 10.2
17, 10.4
17, 10.6
17, 10.8
17, 11
17, 11.2
17, 11.4
17, 11.6
17, 11.8
17, 12
17, 12.2
17, 12.4
17, 12.6
17, 12.8
17, 13
17, 13.2
17, 13.4
17, 13.6
17, 13.8
17, 14
17, 14.2
17, 14.4
17, 14.6
17, 14.8
17, 15
17, 15.2
17, 15.4
17, 15.6
17, 15.8
17, 16
17, 16.2
17, 16.4
17, 16.6
17, 16.8
17, 17
17, 17.2
17, 17.4
17, 17.6
17, 17.8
17, 18
17, 18.2
17, 18.4
17, 18.6
17, 18.8
17, 19
17, 19.2
17, 19.4
17, 19.6
17, 19.8
17, 20
17, 20.2
17, 20.4
17, 20.6
17, 20.8
17, 21
17, 21.2
17, 21.4
17, 21.6
17, 21.8
17, 22
17, 22.2
17, 22.4
17, 22.6
17, 22.8
17, 23
17, 23.2
17, 23.4
17, 23.6
17, 23.8
17, 24
17, 24.2
17, 24.4
17, 24.6
17, 24.8
17, 25
17, 25.2
17, 25.4
17, 25.6
17, 25.8
17, 26
17, 26.2
17, 26.4
17, 26.6
17, 26.8
17, 27
17, 27.2
17, 27.4
17, 27.6
17, 27.8
17, 28
17, 28.2
17, 28.4
17, 28.6
17, 28.8
17, 29
17, 29.2
17, 29.4
17, 29.6
17, 29.8
17, 30
17, 30.2
17, 30.4
17, 30.6
17, 30.8
17, 31
17, 31.2
17, 31.4
17, 31.6
17, 31.8
17, 32
17, 32.2
17, 32.4
17, 32.6
17, 32.8
17, 33
17, 33.2
17, 33.4
17, 33.6
17, 33.8
17, 34
17, 34.2
17, 34.4
17, 34.6
17, 34.8
17, 35
17, 35.2
17, 35.4
17, 35.6
17, 35.8
17, 36
17, 36.2
17, 36.4
17, 36.6
17, 36.8
17, 37
17, 37.2
17, 37.4
17, 37.6
17, 37.8
17, 38
17, 38.2
17, 38.4
17, 38.6
17, 38.8
17, 39
17, 39.2
17, 39.4
17, 39.6
17, 39.8
17, 40
17, 40.2
17, 40.4
17, 40.6
17, 40.8
17, 41
17, 41.2
17, 41.4
17, 41.6
17, 41.8
17, 42
17, 42.2
17, 42.4
17, 42.6
17, 42.8
17, 43
17, 43.2
17, 43.4
17, 43.6
17, 43.8
17, 44
17, 44.2
17, 44.4
17, 44.6
17, 44.8
17, 45
17, 45.2
17, 45.4
17, 45.6
17, 45.8
17, 46
17, 46.2
17, 46.4
17, 46.6
17, 46.8
17, 47
17, 47.2
17, 47.4
17, 47.6
17, 47.8
17, 48
17, 48.2
17, 48.4
17, 48.6
17, 48.8
17, 49
17, 49.2
17, 49.4
17, 49.6
17, 49.8
17, 50
17.2, 0.2
17.2, 0.4
17.2, 0.6
17.2, 0.8
17.2, 1
17.2, 1.2
17.2, 1.4
17.2, 1.6
17.2, 1.8
17.2, 2
17.2, 2.2
17.2, 2.4
17.2, 2.6
17.2, 2.8
17.2, 3
17.2, 3.2
17.2, 3.4
17.2, 3.6
17.2, 3.8
17.2, 4
17.2, 4.2
17.2, 4.4
17.2, 4.6
17.2, 4.8
17.2, 5
17.2, 5.2
17.2, 5.4
17.2, 5.6
17.2, 5.8
17.2, 6
17.2, 6.2
17.2, 6.4
17.2, 6.6
17.2, 6.8
17.2, 7
17.2, 7.2
17.2, 7.4
17.2, 7.6
17.2, 7.8
17.2, 8
17.2, 8.2
17.2, 8.4
17.2, 8.6
17.2, 8.8
17.2, 9
17.2, 9.2
17.2, 9.4
17.2, 9.6
17.2, 9.8
17.2, 10
17.2, 10.2
17.2, 10.4
17.2, 10.6
17.2, 10.8
17.2, 11
17.2, 11.2
17.2, 11.4
17.2, 11.6
17.2, 11.8
17.2, 12
17.2, 12.2
17.2, 12.4
17.2, 12.6
17.2, 12.8
17.2, 13
17.2, 13.2
17.2, 13.4
17.2, 13.6
17.2, 13.8
17.2, 14
17.2, 14.2
17.2, 14.4
17.2, 14.6
17.2, 14.8
17.2, 15
17.2, 15.2
17.2, 15.4
17.2, 15.6
17.2, 15.8
17.2, 16
17.2, 16.2
17.2, 16.4
17.2, 16.6
17.2, 16.8
17.2, 17
17.2, 17.2
17.2, 17.4
17.2, 17.6
17.2, 17.8
17.2, 18
17.2, 18.2
17.2, 18.4
17.2, 18.6
17.2, 18.8
17.2, 19
17.2, 19.2
17.2, 19.4
17.2, 19.6
17.2, 19.8
17.2, 20
17.2, 20.2
17.2, 20.4
17.2, 20.6
17.2, 20.8
17.2, 21
17.2, 21.2
17.2, 21.4
17.2, 21.6
17.2, 21.8
17.2, 22
17.2, 22.2
17.2, 22.4
17.2, 22.6
17.2, 22.8
17.2, 23
17.2, 23.2
17.2, 23.4
17.2, 23.6
17.2, 23.8
17.2, 24
17.2, 24.2
17.2, 24.4
17.2, 24.6
17.2, 24.8
17.2, 25
17.2, 25.2
17.2, 25.4
17.2, 25.6
17.2, 25.8
17.2, 26
17.2, 26.2
17.2, 26.4
17.2, 26.6
17.2, 26.8
17.2, 27
17.2, 27.2
17.2, 27.4
17.2, 27.6
17.2, 27.8
17.2, 28
17.2, 28.2
17.2, 28.4
17.2, 28.6
17.2, 28.8
17.2, 29
17.2, 29.2
17.2, 29.4
17.2, 29.6
17.2, 29.8
17.2, 30
17.2, 30.2
17.2, 30.4
17.2, 30.6
17.2, 30.8
17.2, 31
17.2, 31.2
17.2, 31.4
17.2, 31.6
17.2, 31.8
17.2, 32
17.2, 32.2
17.2, 32.4
17.2, 32.6
17.2, 32.8
17.2, 33
17.2, 33.2
17.2, 33.4
17.2, 33.6
17.2, 33.8
17.2, 34
17.2, 34.2
17.2, 34.4
17.2, 34.6
17.2, 34.8
17.2, 35
17.2, 35.2
17.2, 35.4
17.2, 35.6
17.2, 35.8
17.2, 36
17.2, 36.2
17.2, 36.4
17.2, 36.6
17.2, 36.8
17.2, 37
17.2, 37.2
17.2, 37.4
17.2, 37.6
17.2, 37.8
17.2, 38
17.2, 38.2
17.2, 38.4
17.2, 38.6
17.2, 38.8
17.2, 39
17.2, 39.2
17.2, 39.4
17.2, 39.6
17.2, 39.8
17.2, 40
17.2, 40.2
17.2, 40.4
17.2, 40.6
17.2, 40.8
17.2, 41
17.2, 41.2
17.2, 41.4
17.2, 41.6
17.2, 41.8
17.2, 42
17.2, 42.2
17.2, 42.4
17.2, 42.6
17.2, 42.8
17.2, 43
17.2, 43.2
17.2, 43.4
17.2, 43.6
17.2, 43.8
17.2, 44
17.2, 44.2
17.2, 44.4
17.2, 44.6
17.2, 44.8
17.2, 45
17.2, 45.2
17.2, 45.4
17.2, 45.6
17.2, 45.8
17.2, 46
17.2, 46.2
17.2, 46.4
17.2, 46.6
17.2, 46.8
17.2, 47
17.2, 47.2
17.2, 47.4
17.2, 47.6
17.2, 47.8
17.2, 48
17.2, 48.2
17.2, 48.4
17.2, 48.6
17.2, 48.8
17.2, 49
17.2, 49.2
17.2, 49.4
17.2, 49.6
17.2, 49.8
17.2, 50
17.4, 0.2
17.4, 0.4
17.4, 0.6
17.4, 0.8
17.4, 1
17.4, 1.2
17.4, 1.4
17.4, 1.6
17.4, 1.8
17.4, 2
17.4, 2.2
17.4, 2.4
17.4, 2.6
17.4, 2.8
17.4, 3
17.4, 3.2
17.4, 3.4
17.4, 3.6
17.4, 3.8
17.4, 4
17.4, 4.2
17.4, 4.4
17.4, 4.6
17.4, 4.8
17.4, 5
17.4, 5.2
17.4, 5.4
17.4, 5.6
17.4, 5.8
17.4, 6
17.4, 6.2
17.4, 6.4
17.4, 6.6
17.4, 6.8
17.4, 7
17.4, 7.2
17.4, 7.4
17.4, 7.6
17.4, 7.8
17.4, 8
17.4, 8.2
17.4, 8.4
17.4, 8.6
17.4, 8.8
17.4, 9
17.4, 9.2
17.4, 9.4
17.4, 9.6
17.4, 9.8
17.4, 10
17.4, 10.2
17.4, 10.4
17.4, 10.6
17.4, 10.8
17.4, 11
17.4, 11.2
17.4, 11.4
17.4, 11.6
17.4, 11.8
17.4, 12
17.4, 12.2
17.4, 12.4
17.4, 12.6
17.4, 12.8
17.4, 13
17.4, 13.2
17.4, 13.4
17.4, 13.6
17.4, 13.8
17.4, 14
17.4, 14.2
17.4, 14.4
17.4, 14.6
17.4, 14.8
17.4, 15
17.4, 15.2
17.4, 15.4
17.4, 15.6
17.4, 15.8
17.4, 16
17.4, 16.2
17.4, 16.4
17.4, 16.6
17.4, 16.8
17.4, 17
17.4, 17.2
17.4, 17.4
17.4, 17.6
17.4, 17.8
17.4, 18
17.4, 18.2
17.4, 18.4
17.4, 18.6
17.4, 18.8
17.4, 19
17.4, 19.2
17.4, 19.4
17.4, 19.6
17.4, 19.8
17.4, 20
17.4, 20.2
17.4, 20.4
17.4, 20.6
17.4, 20.8
17.4, 21
17.4, 21.2
17.4, 21.4
17.4, 21.6
17.4, 21.8
17.4, 22
17.4, 22.2
17.4, 22.4
17.4, 22.6
17.4, 22.8
17.4, 23
17.4, 23.2
17.4, 23.4
17.4, 23.6
17.4, 23.8
17.4, 24
17.4, 24.2
17.4, 24.4
17.4, 24.6
17.4, 24.8
17.4, 25
17.4, 25.2
17.4, 25.4
17.4, 25.6
17.4, 25.8
17.4, 26
17.4, 26.2
17.4, 26.4
17.4, 26.6
17.4, 26.8
17.4, 27
17.4, 27.2
17.4, 27.4
17.4, 27.6
17.4, 27.8
17.4, 28
17.4, 28.2
17.4, 28.4
17.4, 28.6
17.4, 28.8
17.4, 29
17.4, 29.2
17.4, 29.4
17.4, 29.6
17.4, 29.8
17.4, 30
17.4, 30.2
17.4, 30.4
17.4, 30.6
17.4, 30.8
17.4, 31
17.4, 31.2
17.4, 31.4
17.4, 31.6
17.4, 31.8
17.4, 32
17.4, 32.2
17.4, 32.4
17.4, 32.6
17.4, 32.8
17.4, 33
17.4, 33.2
17.4, 33.4
17.4, 33.6
17.4, 33.8
17.4, 34
17.4, 34.2
17.4, 34.4
17.4, 34.6
17.4, 34.8
17.4, 35
17.4, 35.2
17.4, 35.4
17.4, 35.6
17.4, 35.8
17.4, 36
17.4, 36.2
17.4, 36.4
17.4, 36.6
17.4, 36.8
17.4, 37
17.4, 37.2
17.4, 37.4
17.4, 37.6
17.4, 37.8
17.4, 38
17.4, 38.2
17.4, 38.4
17.4, 38.6
17.4, 38.8
17.4, 39
17.4, 39.2
17.4, 39.4
17.4, 39.6
17.4, 39.8
17.4, 40
17.4, 40.2
17.4, 40.4
17.4, 40.6
17.4, 40.8
17.4, 41
17.4, 41.2
17.4, 41.4
17.4, 41.6
17.4, 41.8
17.4, 42
17.4, 42.2
17.4, 42.4
17.4, 42.6
17.4, 42.8
17.4, 43
17.4, 43.2
17.4, 43.4
17.4, 43.6
17.4, 43.8
17.4, 44
17.4, 44.2
17.4, 44.4
17.4, 44.6
17.4, 44.8
17.4, 45
17.4, 45.2
17.4, 45.4
17.4, 45.6
17.4, 45.8
17.4, 46
17.4, 46.2
17.4, 46.4
17.4, 46.6
17.4, 46.8
17.4, 47
17.4, 47.2
17.4, 47.4
17.4, 47.6
17.4, 47.8
17.4, 48
17.4, 48.2
17.4, 48.4
17.4, 48.6
17.4, 48.8
17.4, 49
17.4, 49.2
17.4, 49.4
17.4, 49.6
17.4, 49.8
17.4, 50
17.6, 0.2
17.6, 0.4
17.6, 0.6
17.6, 0.8
17.6, 1
17.6, 1.2
17.6, 1.4
17.6, 1.6
17.6, 1.8
17.6, 2
17.6, 2.2
17.6, 2.4
17.6, 2.6
17.6, 2.8
17.6, 3
17.6, 3.2
17.6, 3.4
17.6, 3.6
17.6, 3.8
17.6, 4
17.6, 4.2
17.6, 4.4
17.6, 4.6
17.6, 4.8
17.6, 5
17.6, 5.2
17.6, 5.4
17.6, 5.6
17.6, 5.8
17.6, 6
17.6, 6.2
17.6, 6.4
17.6, 6.6
17.6, 6.8
17.6, 7
17.6, 7.2
17.6, 7.4
17.6, 7.6
17.6, 7.8
17.6, 8
17.6, 8.2
17.6, 8.4
17.6, 8.6
17.6, 8.8
17.6, 9
17.6, 9.2
17.6, 9.4
17.6, 9.6
17.6, 9.8
17.6, 10
17.6, 10.2
17.6, 10.4
17.6, 10.6
17.6, 10.8
17.6, 11
17.6, 11.2
17.6, 11.4
17.6, 11.6
17.6, 11.8
17.6, 12
17.6, 12.2
17.6, 12.4
17.6, 12.6
17.6, 12.8
17.6, 13
17.6, 13.2
17.6, 13.4
17.6, 13.6
17.6, 13.8
17.6, 14
17.6, 14.2
17.6, 14.4
17.6, 14.6
17.6, 14.8
17.6, 15
17.6, 15.2
17.6, 15.4
17.6, 15.6
17.6, 15.8
17.6, 16
17.6, 16.2
17.6, 16.4
17.6, 16.6
17.6, 16.8
17.6, 17
17.6, 17.2
17.6, 17.4
17.6, 17.6
17.6, 17.8
17.6, 18
17.6, 18.2
17.6, 18.4
17.6, 18.6
17.6, 18.8
17.6, 19
17.6, 19.2
17.6, 19.4
17.6, 19.6
17.6, 19.8
17.6, 20
17.6, 20.2
17.6, 20.4
17.6, 20.6
17.6, 20.8
17.6, 21
17.6, 21.2
17.6, 21.4
17.6, 21.6
17.6, 21.8
17.6, 22
17.6, 22.2
17.6, 22.4
17.6, 22.6
17.6, 22.8
17.6, 23
17.6, 23.2
17.6, 23.4
17.6, 23.6
17.6, 23.8
17.6, 24
17.6, 24.2
17.6, 24.4
17.6, 24.6
17.6, 24.8
17.6, 25
17.6, 25.2
17.6, 25.4
17.6, 25.6
17.6, 25.8
17.6, 26
17.6, 26.2
17.6, 26.4
17.6, 26.6
17.6, 26.8
17.6, 27
17.6, 27.2
17.6, 27.4
17.6, 27.6
17.6, 27.8
17.6, 28
17.6, 28.2
17.6, 28.4
17.6, 28.6
17.6, 28.8
17.6, 29
17.6, 29.2
17.6, 29.4
17.6, 29.6
17.6, 29.8
17.6, 30
17.6, 30.2
17.6, 30.4
17.6, 30.6
17.6, 30.8
17.6, 31
17.6, 31.2
17.6, 31.4
17.6, 31.6
17.6, 31.8
17.6, 32
17.6, 32.2
17.6, 32.4
17.6, 32.6
17.6, 32.8
17.6, 33
17.6, 33.2
17.6, 33.4
17.6, 33.6
17.6, 33.8
17.6, 34
17.6, 34.2
17.6, 34.4
17.6, 34.6
17.6, 34.8
17.6, 35
17.6, 35.2
17.6, 35.4
17.6, 35.6
17.6, 35.8
17.6, 36
17.6, 36.2
17.6, 36.4
17.6, 36.6
17.6, 36.8
17.6, 37
17.6, 37.2
17.6, 37.4
17.6, 37.6
17.6, 37.8
17.6, 38
17.6, 38.2
17.6, 38.4
17.6, 38.6
17.6, 38.8
17.6, 39
17.6, 39.2
17.6, 39.4
17.6, 39.6
17.6, 39.8
17.6, 40
17.6, 40.2
17.6, 40.4
17.6, 40.6
17.6, 40.8
17.6, 41
17.6, 41.2
17.6, 41.4
17.6, 41.6
17.6, 41.8
17.6, 42
17.6, 42.2
17.6, 42.4
17.6, 42.6
17.6, 42.8
17.6, 43
17.6, 43.2
17.6, 43.4
17.6, 43.6
17.6, 43.8
17.6, 44
17.6, 44.2
17.6, 44.4
17.6, 44.6
17.6, 44.8
17.6, 45
17.6, 45.2
17.6, 45.4
17.6, 45.6
17.6, 45.8
17.6, 46
17.6, 46.2
17.6, 46.4
17.6, 46.6
17.6, 46.8
17.6, 47
17.6, 47.2
17.6, 47.4
17.6, 47.6
17.6, 47.8
17.6, 48
17.6, 48.2
17.6, 48.4
17.6, 48.6
17.6, 48.8
17.6, 49
17.6, 49.2
17.6, 49.4
17.6, 49.6
17.6, 49.8
17.6, 50
17.8, 0.2
17.8, 0.4
17.8, 0.6
17.8, 0.8
17.8, 1
17.8, 1.2
17.8, 1.4
17.8, 1.6
17.8, 1.8
17.8, 2
17.8, 2.2
17.8, 2.4
17.8, 2.6
17.8, 2.8
17.8, 3
17.8, 3.2
17.8, 3.4
17.8, 3.6
17.8, 3.8
17.8, 4
17.8, 4.2
17.8, 4.4
17.8, 4.6
17.8, 4.8
17.8, 5
17.8, 5.2
17.8, 5.4
17.8, 5.6
17.8, 5.8
17.8, 6
17.8, 6.2
17.8, 6.4
17.8, 6.6
17.8, 6.8
17.8, 7
17.8, 7.2
17.8, 7.4
17.8, 7.6
17.8, 7.8
17.8, 8
17.8, 8.2
17.8, 8.4
17.8, 8.6
17.8, 8.8
17.8, 9
17.8, 9.2
17.8, 9.4
17.8, 9.6
17.8, 9.8
17.8, 10
17.8, 10.2
17.8, 10.4
17.8, 10.6
17.8, 10.8
17.8, 11
17.8, 11.2
17.8, 11.4
17.8, 11.6
17.8, 11.8
17.8, 12
17.8, 12.2
17.8, 12.4
17.8, 12.6
17.8, 12.8
17.8, 13
17.8, 13.2
17.8, 13.4
17.8, 13.6
17.8, 13.8
17.8, 14
17.8, 14.2
17.8, 14.4
17.8, 14.6
17.8, 14.8
17.8, 15
17.8, 15.2
17.8, 15.4
17.8, 15.6
17.8, 15.8
17.8, 16
17.8, 16.2
17.8, 16.4
17.8, 16.6
17.8, 16.8
17.8, 17
17.8, 17.2
17.8, 17.4
17.8, 17.6
17.8, 17.8
17.8, 18
17.8, 18.2
17.8, 18.4
17.8, 18.6
17.8, 18.8
17.8, 19
17.8, 19.2
17.8, 19.4
17.8, 19.6
17.8, 19.8
17.8, 20
17.8, 20.2
17.8, 20.4
17.8, 20.6
17.8, 20.8
17.8, 21
17.8, 21.2
17.8, 21.4
17.8, 21.6
17.8, 21.8
17.8, 22
17.8, 22.2
17.8, 22.4
17.8, 22.6
17.8, 22.8
17.8, 23
17.8, 23.2
17.8, 23.4
17.8, 23.6
17.8, 23.8
17.8, 24
17.8, 24.2
17.8, 24.4
17.8, 24.6
17.8, 24.8
17.8, 25
17.8, 25.2
17.8, 25.4
17.8, 25.6
17.8, 25.8
17.8, 26
17.8, 26.2
17.8, 26.4
17.8, 26.6
17.8, 26.8
17.8, 27
17.8, 27.2
17.8, 27.4
17.8, 27.6
17.8, 27.8
17.8, 28
17.8, 28.2
17.8, 28.4
17.8, 28.6
17.8, 28.8
17.8, 29
17.8, 29.2
17.8, 29.4
17.8, 29.6
17.8, 29.8
17.8, 30
17.8, 30.2
17.8, 30.4
17.8, 30.6
17.8, 30.8
17.8, 31
17.8, 31.2
17.8, 31.4
17.8, 31.6
17.8, 31.8
17.8, 32
17.8, 32.2
17.8, 32.4
17.8, 32.6
17.8, 32.8
17.8, 33
17.8, 33.2
17.8, 33.4
17.8, 33.6
17.8, 33.8
17.8, 34
17.8, 34.2
17.8, 34.4
17.8, 34.6
17.8, 34.8
17.8, 35
17.8, 35.2
17.8, 35.4
17.8, 35.6
17.8, 35.8
17.8, 36
17.8, 36.2
17.8, 36.4
17.8, 36.6
17.8, 36.8
17.8, 37
17.8, 37.2
17.8, 37.4
17.8, 37.6
17.8, 37.8
17.8, 38
17.8, 38.2
17.8, 38.4
17.8, 38.6
17.8, 38.8
17.8, 39
17.8, 39.2
17.8, 39.4
17.8, 39.6
17.8, 39.8
17.8, 40
17.8, 40.2
17.8, 40.4
17.8, 40.6
17.8, 40.8
17.8, 41
17.8, 41.2
17.8, 41.4
17.8, 41.6
17.8, 41.8
17.8, 42
17.8, 42.2
17.8, 42.4
17.8, 42.6
17.8, 42.8
17.8, 43
17.8, 43.2
17.8, 43.4
17.8, 43.6
17.8, 43.8
17.8, 44
17.8, 44.2
17.8, 44.4
17.8, 44.6
17.8, 44.8
17.8, 45
17.8, 45.2
17.8, 45.4
17.8, 45.6
17.8, 45.8
17.8, 46
17.8, 46.2
17.8, 46.4
17.8, 46.6
17.8, 46.8
17.8, 47
17.8, 47.2
17.8, 47.4
17.8, 47.6
17.8, 47.8
17.8, 48
17.8, 48.2
17.8, 48.4
17.8, 48.6
17.8, 48.8
17.8, 49
17.8, 49.2
17.8, 49.4
17.8, 49.6
17.8, 49.8
17.8, 50
18, 0.2
18, 0.4
18, 0.6
18, 0.8
18, 1
18, 1.2
18, 1.4
18, 1.6
18, 1.8
18, 2
18, 2.2
18, 2.4
18, 2.6
18, 2.8
18, 3
18, 3.2
18, 3.4
18, 3.6
18, 3.8
18, 4
18, 4.2
18, 4.4
18, 4.6
18, 4.8
18, 5
18, 5.2
18, 5.4
18, 5.6
18, 5.8
18, 6
18, 6.2
18, 6.4
18, 6.6
18, 6.8
18, 7
18, 7.2
18, 7.4
18, 7.6
18, 7.8
18, 8
18, 8.2
18, 8.4
18, 8.6
18, 8.8
18, 9
18, 9.2
18, 9.4
18, 9.6
18, 9.8
18, 10
18, 10.2
18, 10.4
18, 10.6
18, 10.8
18, 11
18, 11.2
18, 11.4
18, 11.6
18, 11.8
18, 12
18, 12.2
18, 12.4
18, 12.6
18, 12.8
18, 13
18, 13.2
18, 13.4
18, 13.6
18, 13.8
18, 14
18, 14.2
18, 14.4
18, 14.6
18, 14.8
18, 15
18, 15.2
18, 15.4
18, 15.6
18, 15.8
18, 16
18, 16.2
18, 16.4
18, 16.6
18, 16.8
18, 17
18, 17.2
18, 17.4
18, 17.6
18, 17.8
18, 18
18, 18.2
18, 18.4
18, 18.6
18, 18.8
18, 19
18, 19.2
18, 19.4
18, 19.6
18, 19.8
18, 20
18, 20.2
18, 20.4
18, 20.6
18, 20.8
18, 21
18, 21.2
18, 21.4
18, 21.6
18, 21.8
18, 22
18, 22.2
18, 22.4
18, 22.6
18, 22.8
18, 23
18, 23.2
18, 23.4
18, 23.6
18, 23.8
18, 24
18, 24.2
18, 24.4
18, 24.6
18, 24.8
18, 25
18, 25.2
18, 25.4
18, 25.6
18, 25.8
18, 26
18, 26.2
18, 26.4
18, 26.6
18, 26.8
18, 27
18, 27.2
18, 27.4
18, 27.6
18, 27.8
18, 28
18, 28.2
18, 28.4
18, 28.6
18, 28.8
18, 29
18, 29.2
18, 29.4
18, 29.6
18, 29.8
18, 30
18, 30.2
18, 30.4
18, 30.6
18, 30.8
18, 31
18, 31.2
18, 31.4
18, 31.6
18, 31.8
18, 32
18, 32.2
18, 32.4
18, 32.6
18, 32.8
18, 33
18, 33.2
18, 33.4
18, 33.6
18, 33.8
18, 34
18, 34.2
18, 34.4
18, 34.6
18, 34.8
18, 35
18, 35.2
18, 35.4
18, 35.6
18, 35.8
18, 36
18, 36.2
18, 36.4
18, 36.6
18, 36.8
18, 37
18, 37.2
18, 37.4
18, 37.6
18, 37.8
18, 38
18, 38.2
18, 38.4
18, 38.6
18, 38.8
18, 39
18, 39.2
18, 39.4
18, 39.6
18, 39.8
18, 40
18, 40.2
18, 40.4
18, 40.6
18, 40.8
18, 41
18, 41.2
18, 41.4
18, 41.6
18, 41.8
18, 42
18, 42.2
18, 42.4
18, 42.6
18, 42.8
18, 43
18, 43.2
18, 43.4
18, 43.6
18, 43.8
18, 44
18, 44.2
18, 44.4
18, 44.6
18, 44.8
18, 45
18, 45.2
18, 45.4
18, 45.6
18, 45.8
18, 46
18, 46.2
18, 46.4
18, 46.6
18, 46.8
18, 47
18, 47.2
18, 47.4
18, 47.6
18, 47.8
18, 48
18, 48.2
18, 48.4
18, 48.6
18, 48.8
18, 49
18, 49.2
18, 49.4
18, 49.6
18, 49.8
18, 50
18.2, 0.2
18.2, 0.4
18.2, 0.6
18.2, 0.8
18.2, 1
18.2, 1.2
18.2, 1.4
18.2, 1.6
18.2, 1.8
18.2, 2
18.2, 2.2
18.2, 2.4
18.2, 2.6
18.2, 2.8
18.2, 3
18.2, 3.2
18.2, 3.4
18.2, 3.6
18.2, 3.8
18.2, 4
18.2, 4.2
18.2, 4.4
18.2, 4.6
18.2, 4.8
18.2, 5
18.2, 5.2
18.2, 5.4
18.2, 5.6
18.2, 5.8
18.2, 6
18.2, 6.2
18.2, 6.4
18.2, 6.6
18.2, 6.8
18.2, 7
18.2, 7.2
18.2, 7.4
18.2, 7.6
18.2, 7.8
18.2, 8
18.2, 8.2
18.2, 8.4
18.2, 8.6
18.2, 8.8
18.2, 9
18.2, 9.2
18.2, 9.4
18.2, 9.6
18.2, 9.8
18.2, 10
18.2, 10.2
18.2, 10.4
18.2, 10.6
18.2, 10.8
18.2, 11
18.2, 11.2
18.2, 11.4
18.2, 11.6
18.2, 11.8
18.2, 12
18.2, 12.2
18.2, 12.4
18.2, 12.6
18.2, 12.8
18.2, 13
18.2, 13.2
18.2, 13.4
18.2, 13.6
18.2, 13.8
18.2, 14
18.2, 14.2
18.2, 14.4
18.2, 14.6
18.2, 14.8
18.2, 15
18.2, 15.2
18.2, 15.4
18.2, 15.6
18.2, 15.8
18.2, 16
18.2, 16.2
18.2, 16.4
18.2, 16.6
18.2, 16.8
18.2, 17
18.2, 17.2
18.2, 17.4
18.2, 17.6
18.2, 17.8
18.2, 18
18.2, 18.2
18.2, 18.4
18.2, 18.6
18.2, 18.8
18.2, 19
18.2, 19.2
18.2, 19.4
18.2, 19.6
18.2, 19.8
18.2, 20
18.2, 20.2
18.2, 20.4
18.2, 20.6
18.2, 20.8
18.2, 21
18.2, 21.2
18.2, 21.4
18.2, 21.6
18.2, 21.8
18.2, 22
18.2, 22.2
18.2, 22.4
18.2, 22.6
18.2, 22.8
18.2, 23
18.2, 23.2
18.2, 23.4
18.2, 23.6
18.2, 23.8
18.2, 24
18.2, 24.2
18.2, 24.4
18.2, 24.6
18.2, 24.8
18.2, 25
18.2, 25.2
18.2, 25.4
18.2, 25.6
18.2, 25.8
18.2, 26
18.2, 26.2
18.2, 26.4
18.2, 26.6
18.2, 26.8
18.2, 27
18.2, 27.2
18.2, 27.4
18.2, 27.6
18.2, 27.8
18.2, 28
18.2, 28.2
18.2, 28.4
18.2, 28.6
18.2, 28.8
18.2, 29
18.2, 29.2
18.2, 29.4
18.2, 29.6
18.2, 29.8
18.2, 30
18.2, 30.2
18.2, 30.4
18.2, 30.6
18.2, 30.8
18.2, 31
18.2, 31.2
18.2, 31.4
18.2, 31.6
18.2, 31.8
18.2, 32
18.2, 32.2
18.2, 32.4
18.2, 32.6
18.2, 32.8
18.2, 33
18.2, 33.2
18.2, 33.4
18.2, 33.6
18.2, 33.8
18.2, 34
18.2, 34.2
18.2, 34.4
18.2, 34.6
18.2, 34.8
18.2, 35
18.2, 35.2
18.2, 35.4
18.2, 35.6
18.2, 35.8
18.2, 36
18.2, 36.2
18.2, 36.4
18.2, 36.6
18.2, 36.8
18.2, 37
18.2, 37.2
18.2, 37.4
18.2, 37.6
18.2, 37.8
18.2, 38
18.2, 38.2
18.2, 38.4
18.2, 38.6
18.2, 38.8
18.2, 39
18.2, 39.2
18.2, 39.4
18.2, 39.6
18.2, 39.8
18.2, 40
18.2, 40.2
18.2, 40.4
18.2, 40.6
18.2, 40.8
18.2, 41
18.2, 41.2
18.2, 41.4
18.2, 41.6
18.2, 41.8
18.2, 42
18.2, 42.2
18.2, 42.4
18.2, 42.6
18.2, 42.8
18.2, 43
18.2, 43.2
18.2, 43.4
18.2, 43.6
18.2, 43.8
18.2, 44
18.2, 44.2
18.2, 44.4
18.2, 44.6
18.2, 44.8
18.2, 45
18.2, 45.2
18.2, 45.4
18.2, 45.6
18.2, 45.8
18.2, 46
18.2, 46.2
18.2, 46.4
18.2, 46.6
18.2, 46.8
18.2, 47
18.2, 47.2
18.2, 47.4
18.2, 47.6
18.2, 47.8
18.2, 48
18.2, 48.2
18.2, 48.4
18.2, 48.6
18.2, 48.8
18.2, 49
18.2, 49.2
18.2, 49.4
18.2, 49.6
18.2, 49.8
18.2, 50
18.4, 0.2
18.4, 0.4
18.4, 0.6
18.4, 0.8
18.4, 1
18.4, 1.2
18.4, 1.4
18.4, 1.6
18.4, 1.8
18.4, 2
18.4, 2.2
18.4, 2.4
18.4, 2.6
18.4, 2.8
18.4, 3
18.4, 3.2
18.4, 3.4
18.4, 3.6
18.4, 3.8
18.4, 4
18.4, 4.2
18.4, 4.4
18.4, 4.6
18.4, 4.8
18.4, 5
18.4, 5.2
18.4, 5.4
18.4, 5.6
18.4, 5.8
18.4, 6
18.4, 6.2
18.4, 6.4
18.4, 6.6
18.4, 6.8
18.4, 7
18.4, 7.2
18.4, 7.4
18.4, 7.6
18.4, 7.8
18.4, 8
18.4, 8.2
18.4, 8.4
18.4, 8.6
18.4, 8.8
18.4, 9
18.4, 9.2
18.4, 9.4
18.4, 9.6
18.4, 9.8
18.4, 10
18.4, 10.2
18.4, 10.4
18.4, 10.6
18.4, 10.8
18.4, 11
18.4, 11.2
18.4, 11.4
18.4, 11.6
18.4, 11.8
18.4, 12
18.4, 12.2
18.4, 12.4
18.4, 12.6
18.4, 12.8
18.4, 13
18.4, 13.2
18.4, 13.4
18.4, 13.6
18.4, 13.8
18.4, 14
18.4, 14.2
18.4, 14.4
18.4, 14.6
18.4, 14.8
18.4, 15
18.4, 15.2
18.4, 15.4
18.4, 15.6
18.4, 15.8
18.4, 16
18.4, 16.2
18.4, 16.4
18.4, 16.6
18.4, 16.8
18.4, 17
18.4, 17.2
18.4, 17.4
18.4, 17.6
18.4, 17.8
18.4, 18
18.4, 18.2
18.4, 18.4
18.4, 18.6
18.4, 18.8
18.4, 19
18.4, 19.2
18.4, 19.4
18.4, 19.6
18.4, 19.8
18.4, 20
18.4, 20.2
18.4, 20.4
18.4, 20.6
18.4, 20.8
18.4, 21
18.4, 21.2
18.4, 21.4
18.4, 21.6
18.4, 21.8
18.4, 22
18.4, 22.2
18.4, 22.4
18.4, 22.6
18.4, 22.8
18.4, 23
18.4, 23.2
18.4, 23.4
18.4, 23.6
18.4, 23.8
18.4, 24
18.4, 24.2
18.4, 24.4
18.4, 24.6
18.4, 24.8
18.4, 25
18.4, 25.2
18.4, 25.4
18.4, 25.6
18.4, 25.8
18.4, 26
18.4, 26.2
18.4, 26.4
18.4, 26.6
18.4, 26.8
18.4, 27
18.4, 27.2
18.4, 27.4
18.4, 27.6
18.4, 27.8
18.4, 28
18.4, 28.2
18.4, 28.4
18.4, 28.6
18.4, 28.8
18.4, 29
18.4, 29.2
18.4, 29.4
18.4, 29.6
18.4, 29.8
18.4, 30
18.4, 30.2
18.4, 30.4
18.4, 30.6
18.4, 30.8
18.4, 31
18.4, 31.2
18.4, 31.4
18.4, 31.6
18.4, 31.8
18.4, 32
18.4, 32.2
18.4, 32.4
18.4, 32.6
18.4, 32.8
18.4, 33
18.4, 33.2
18.4, 33.4
18.4, 33.6
18.4, 33.8
18.4, 34
18.4, 34.2
18.4, 34.4
18.4, 34.6
18.4, 34.8
18.4, 35
18.4, 35.2
18.4, 35.4
18.4, 35.6
18.4, 35.8
18.4, 36
18.4, 36.2
18.4, 36.4
18.4, 36.6
18.4, 36.8
18.4, 37
18.4, 37.2
18.4, 37.4
18.4, 37.6
18.4, 37.8
18.4, 38
18.4, 38.2
18.4, 38.4
18.4, 38.6
18.4, 38.8
18.4, 39
18.4, 39.2
18.4, 39.4
18.4, 39.6
18.4, 39.8
18.4, 40
18.4, 40.2
18.4, 40.4
18.4, 40.6
18.4, 40.8
18.4, 41
18.4, 41.2
18.4, 41.4
18.4, 41.6
18.4, 41.8
18.4, 42
18.4, 42.2
18.4, 42.4
18.4, 42.6
18.4, 42.8
18.4, 43
18.4, 43.2
18.4, 43.4
18.4, 43.6
18.4, 43.8
18.4, 44
18.4, 44.2
18.4, 44.4
18.4, 44.6
18.4, 44.8
18.4, 45
18.4, 45.2
18.4, 45.4
18.4, 45.6
18.4, 45.8
18.4, 46
18.4, 46.2
18.4, 46.4
18.4, 46.6
18.4, 46.8
18.4, 47
18.4, 47.2
18.4, 47.4
18.4, 47.6
18.4, 47.8
18.4, 48
18.4, 48.2
18.4, 48.4
18.4, 48.6
18.4, 48.8
18.4, 49
18.4, 49.2
18.4, 49.4
18.4, 49.6
18.4, 49.8
18.4, 50
18.6, 0.2
18.6, 0.4
18.6, 0.6
18.6, 0.8
18.6, 1
18.6, 1.2
18.6, 1.4
18.6, 1.6
18.6, 1.8
18.6, 2
18.6, 2.2
18.6, 2.4
18.6, 2.6
18.6, 2.8
18.6, 3
18.6, 3.2
18.6, 3.4
18.6, 3.6
18.6, 3.8
18.6, 4
18.6, 4.2
18.6, 4.4
18.6, 4.6
18.6, 4.8
18.6, 5
18.6, 5.2
18.6, 5.4
18.6, 5.6
18.6, 5.8
18.6, 6
18.6, 6.2
18.6, 6.4
18.6, 6.6
18.6, 6.8
18.6, 7
18.6, 7.2
18.6, 7.4
18.6, 7.6
18.6, 7.8
18.6, 8
18.6, 8.2
18.6, 8.4
18.6, 8.6
18.6, 8.8
18.6, 9
18.6, 9.2
18.6, 9.4
18.6, 9.6
18.6, 9.8
18.6, 10
18.6, 10.2
18.6, 10.4
18.6, 10.6
18.6, 10.8
18.6, 11
18.6, 11.2
18.6, 11.4
18.6, 11.6
18.6, 11.8
18.6, 12
18.6, 12.2
18.6, 12.4
18.6, 12.6
18.6, 12.8
18.6, 13
18.6, 13.2
18.6, 13.4
18.6, 13.6
18.6, 13.8
18.6, 14
18.6, 14.2
18.6, 14.4
18.6, 14.6
18.6, 14.8
18.6, 15
18.6, 15.2
18.6, 15.4
18.6, 15.6
18.6, 15.8
18.6, 16
18.6, 16.2
18.6, 16.4
18.6, 16.6
18.6, 16.8
18.6, 17
18.6, 17.2
18.6, 17.4
18.6, 17.6
18.6, 17.8
18.6, 18
18.6, 18.2
18.6, 18.4
18.6, 18.6
18.6, 18.8
18.6, 19
18.6, 19.2
18.6, 19.4
18.6, 19.6
18.6, 19.8
18.6, 20
18.6, 20.2
18.6, 20.4
18.6, 20.6
18.6, 20.8
18.6, 21
18.6, 21.2
18.6, 21.4
18.6, 21.6
18.6, 21.8
18.6, 22
18.6, 22.2
18.6, 22.4
18.6, 22.6
18.6, 22.8
18.6, 23
18.6, 23.2
18.6, 23.4
18.6, 23.6
18.6, 23.8
18.6, 24
18.6, 24.2
18.6, 24.4
18.6, 24.6
18.6, 24.8
18.6, 25
18.6, 25.2
18.6, 25.4
18.6, 25.6
18.6, 25.8
18.6, 26
18.6, 26.2
18.6, 26.4
18.6, 26.6
18.6, 26.8
18.6, 27
18.6, 27.2
18.6, 27.4
18.6, 27.6
18.6, 27.8
18.6, 28
18.6, 28.2
18.6, 28.4
18.6, 28.6
18.6, 28.8
18.6, 29
18.6, 29.2
18.6, 29.4
18.6, 29.6
18.6, 29.8
18.6, 30
18.6, 30.2
18.6, 30.4
18.6, 30.6
18.6, 30.8
18.6, 31
18.6, 31.2
18.6, 31.4
18.6, 31.6
18.6, 31.8
18.6, 32
18.6, 32.2
18.6, 32.4
18.6, 32.6
18.6, 32.8
18.6, 33
18.6, 33.2
18.6, 33.4
18.6, 33.6
18.6, 33.8
18.6, 34
18.6, 34.2
18.6, 34.4
18.6, 34.6
18.6, 34.8
18.6, 35
18.6, 35.2
18.6, 35.4
18.6, 35.6
18.6, 35.8
18.6, 36
18.6, 36.2
18.6, 36.4
18.6, 36.6
18.6, 36.8
18.6, 37
18.6, 37.2
18.6, 37.4
18.6, 37.6
18.6, 37.8
18.6, 38
18.6, 38.2
18.6, 38.4
18.6, 38.6
18.6, 38.8
18.6, 39
18.6, 39.2
18.6, 39.4
18.6, 39.6
18.6, 39.8
18.6, 40
18.6, 40.2
18.6, 40.4
18.6, 40.6
18.6, 40.8
18.6, 41
18.6, 41.2
18.6, 41.4
18.6, 41.6
18.6, 41.8
18.6, 42
18.6, 42.2
18.6, 42.4
18.6, 42.6
18.6, 42.8
18.6, 43
18.6, 43.2
18.6, 43.4
18.6, 43.6
18.6, 43.8
18.6, 44
18.6, 44.2
18.6, 44.4
18.6, 44.6
18.6, 44.8
18.6, 45
18.6, 45.2
18.6, 45.4
18.6, 45.6
18.6, 45.8
18.6, 46
18.6, 46.2
18.6, 46.4
18.6, 46.6
18.6, 46.8
18.6, 47
18.6, 47.2
18.6, 47.4
18.6, 47.6
18.6, 47.8
18.6, 48
18.6, 48.2
18.6, 48.4
18.6, 48.6
18.6, 48.8
18.6, 49
18.6, 49.2
18.6, 49.4
18.6, 49.6
18.6, 49.8
18.6, 50
18.8, 0.2
18.8, 0.4
18.8, 0.6
18.8, 0.8
18.8, 1
18.8, 1.2
18.8, 1.4
18.8, 1.6
18.8, 1.8
18.8, 2
18.8, 2.2
18.8, 2.4
18.8, 2.6
18.8, 2.8
18.8, 3
18.8, 3.2
18.8, 3.4
18.8, 3.6
18.8, 3.8
18.8, 4
18.8, 4.2
18.8, 4.4
18.8, 4.6
18.8, 4.8
18.8, 5
18.8, 5.2
18.8, 5.4
18.8, 5.6
18.8, 5.8
18.8, 6
18.8, 6.2
18.8, 6.4
18.8, 6.6
18.8, 6.8
18.8, 7
18.8, 7.2
18.8, 7.4
18.8, 7.6
18.8, 7.8
18.8, 8
18.8, 8.2
18.8, 8.4
18.8, 8.6
18.8, 8.8
18.8, 9
18.8, 9.2
18.8, 9.4
18.8, 9.6
18.8, 9.8
18.8, 10
18.8, 10.2
18.8, 10.4
18.8, 10.6
18.8, 10.8
18.8, 11
18.8, 11.2
18.8, 11.4
18.8, 11.6
18.8, 11.8
18.8, 12
18.8, 12.2
18.8, 12.4
18.8, 12.6
18.8, 12.8
18.8, 13
18.8, 13.2
18.8, 13.4
18.8, 13.6
18.8, 13.8
18.8, 14
18.8, 14.2
18.8, 14.4
18.8, 14.6
18.8, 14.8
18.8, 15
18.8, 15.2
18.8, 15.4
18.8, 15.6
18.8, 15.8
18.8, 16
18.8, 16.2
18.8, 16.4
18.8, 16.6
18.8, 16.8
18.8, 17
18.8, 17.2
18.8, 17.4
18.8, 17.6
18.8, 17.8
18.8, 18
18.8, 18.2
18.8, 18.4
18.8, 18.6
18.8, 18.8
18.8, 19
18.8, 19.2
18.8, 19.4
18.8, 19.6
18.8, 19.8
18.8, 20
18.8, 20.2
18.8, 20.4
18.8, 20.6
18.8, 20.8
18.8, 21
18.8, 21.2
18.8, 21.4
18.8, 21.6
18.8, 21.8
18.8, 22
18.8, 22.2
18.8, 22.4
18.8, 22.6
18.8, 22.8
18.8, 23
18.8, 23.2
18.8, 23.4
18.8, 23.6
18.8, 23.8
18.8, 24
18.8, 24.2
18.8, 24.4
18.8, 24.6
18.8, 24.8
18.8, 25
18.8, 25.2
18.8, 25.4
18.8, 25.6
18.8, 25.8
18.8, 26
18.8, 26.2
18.8, 26.4
18.8, 26.6
18.8, 26.8
18.8, 27
18.8, 27.2
18.8, 27.4
18.8, 27.6
18.8, 27.8
18.8, 28
18.8, 28.2
18.8, 28.4
18.8, 28.6
18.8, 28.8
18.8, 29
18.8, 29.2
18.8, 29.4
18.8, 29.6
18.8, 29.8
18.8, 30
18.8, 30.2
18.8, 30.4
18.8, 30.6
18.8, 30.8
18.8, 31
18.8, 31.2
18.8, 31.4
18.8, 31.6
18.8, 31.8
18.8, 32
18.8, 32.2
18.8, 32.4
18.8, 32.6
18.8, 32.8
18.8, 33
18.8, 33.2
18.8, 33.4
18.8, 33.6
18.8, 33.8
18.8, 34
18.8, 34.2
18.8, 34.4
18.8, 34.6
18.8, 34.8
18.8, 35
18.8, 35.2
18.8, 35.4
18.8, 35.6
18.8, 35.8
18.8, 36
18.8, 36.2
18.8, 36.4
18.8, 36.6
18.8, 36.8
18.8, 37
18.8, 37.2
18.8, 37.4
18.8, 37.6
18.8, 37.8
18.8, 38
18.8, 38.2
18.8, 38.4
18.8, 38.6
18.8, 38.8
18.8, 39
18.8, 39.2
18.8, 39.4
18.8, 39.6
18.8, 39.8
18.8, 40
18.8, 40.2
18.8, 40.4
18.8, 40.6
18.8, 40.8
18.8, 41
18.8, 41.2
18.8, 41.4
18.8, 41.6
18.8, 41.8
18.8, 42
18.8, 42.2
18.8, 42.4
18.8, 42.6
18.8, 42.8
18.8, 43
18.8, 43.2
18.8, 43.4
18.8, 43.6
18.8, 43.8
18.8, 44
18.8, 44.2
18.8, 44.4
18.8, 44.6
18.8, 44.8
18.8, 45
18.8, 45.2
18.8, 45.4
18.8, 45.6
18.8, 45.8
18.8, 46
18.8, 46.2
18.8, 46.4
18.8, 46.6
18.8, 46.8
18.8, 47
18.8, 47.2
18.8, 47.4
18.8, 47.6
18.8, 47.8
18.8, 48
18.8, 48.2
18.8, 48.4
18.8, 48.6
18.8, 48.8
18.8, 49
18.8, 49.2
18.8, 49.4
18.8, 49.6
18.8, 49.8
18.8, 50
19, 0.2
19, 0.4
19, 0.6
19, 0.8
19, 1
19, 1.2
19, 1.4
19, 1.6
19, 1.8
19, 2
19, 2.2
19, 2.4
19, 2.6
19, 2.8
19, 3
19, 3.2
19, 3.4
19, 3.6
19, 3.8
19, 4
19, 4.2
19, 4.4
19, 4.6
19, 4.8
19, 5
19, 5.2
19, 5.4
19, 5.6
19, 5.8
19, 6
19, 6.2
19, 6.4
19, 6.6
19, 6.8
19, 7
19, 7.2
19, 7.4
19, 7.6
19, 7.8
19, 8
19, 8.2
19, 8.4
19, 8.6
19, 8.8
19, 9
19, 9.2
19, 9.4
19, 9.6
19, 9.8
19, 10
19, 10.2
19, 10.4
19, 10.6
19, 10.8
19, 11
19, 11.2
19, 11.4
19, 11.6
19, 11.8
19, 12
19, 12.2
19, 12.4
19, 12.6
19, 12.8
19, 13
19, 13.2
19, 13.4
19, 13.6
19, 13.8
19, 14
19, 14.2
19, 14.4
19, 14.6
19, 14.8
19, 15
19, 15.2
19, 15.4
19, 15.6
19, 15.8
19, 16
19, 16.2
19, 16.4
19, 16.6
19, 16.8
19, 17
19, 17.2
19, 17.4
19, 17.6
19, 17.8
19, 18
19, 18.2
19, 18.4
19, 18.6
19, 18.8
19, 19
19, 19.2
19, 19.4
19, 19.6
19, 19.8
19, 20
19, 20.2
19, 20.4
19, 20.6
19, 20.8
19, 21
19, 21.2
19, 21.4
19, 21.6
19, 21.8
19, 22
19, 22.2
19, 22.4
19, 22.6
19, 22.8
19, 23
19, 23.2
19, 23.4
19, 23.6
19, 23.8
19, 24
19, 24.2
19, 24.4
19, 24.6
19, 24.8
19, 25
19, 25.2
19, 25.4
19, 25.6
19, 25.8
19, 26
19, 26.2
19, 26.4
19, 26.6
19, 26.8
19, 27
19, 27.2
19, 27.4
19, 27.6
19, 27.8
19, 28
19, 28.2
19, 28.4
19, 28.6
19, 28.8
19, 29
19, 29.2
19, 29.4
19, 29.6
19, 29.8
19, 30
19, 30.2
19, 30.4
19, 30.6
19, 30.8
19, 31
19, 31.2
19, 31.4
19, 31.6
19, 31.8
19, 32
19, 32.2
19, 32.4
19, 32.6
19, 32.8
19, 33
19, 33.2
19, 33.4
19, 33.6
19, 33.8
19, 34
19, 34.2
19, 34.4
19, 34.6
19, 34.8
19, 35
19, 35.2
19, 35.4
19, 35.6
19, 35.8
19, 36
19, 36.2
19, 36.4
19, 36.6
19, 36.8
19, 37
19, 37.2
19, 37.4
19, 37.6
19, 37.8
19, 38
19, 38.2
19, 38.4
19, 38.6
19, 38.8
19, 39
19, 39.2
19, 39.4
19, 39.6
19, 39.8
19, 40
19, 40.2
19, 40.4
19, 40.6
19, 40.8
19, 41
19, 41.2
19, 41.4
19, 41.6
19, 41.8
19, 42
19, 42.2
19, 42.4
19, 42.6
19, 42.8
19, 43
19, 43.2
19, 43.4
19, 43.6
19, 43.8
19, 44
19, 44.2
19, 44.4
19, 44.6
19, 44.8
19, 45
19, 45.2
19, 45.4
19, 45.6
19, 45.8
19, 46
19, 46.2
19, 46.4
19, 46.6
19, 46.8
19, 47
19, 47.2
19, 47.4
19, 47.6
19, 47.8
19, 48
19, 48.2
19, 48.4
19, 48.6
19, 48.8
19, 49
19, 49.2
19, 49.4
19, 49.6
19, 49.8
19, 50
19.2, 0.2
19.2, 0.4
19.2, 0.6
19.2, 0.8
19.2, 1
19.2, 1.2
19.2, 1.4
19.2, 1.6
19.2, 1.8
19.2, 2
19.2, 2.2
19.2, 2.4
19.2, 2.6
19.2, 2.8
19.2, 3
19.2, 3.2
19.2, 3.4
19.2, 3.6
19.2, 3.8
19.2, 4
19.2, 4.2
19.2, 4.4
19.2, 4.6
19.2, 4.8
19.2, 5
19.2, 5.2
19.2, 5.4
19.2, 5.6
19.2, 5.8
19.2, 6
19.2, 6.2
19.2, 6.4
19.2, 6.6
19.2, 6.8
19.2, 7
19.2, 7.2
19.2, 7.4
19.2, 7.6
19.2, 7.8
19.2, 8
19.2, 8.2
19.2, 8.4
19.2, 8.6
19.2, 8.8
19.2, 9
19.2, 9.2
19.2, 9.4
19.2, 9.6
19.2, 9.8
19.2, 10
19.2, 10.2
19.2, 10.4
19.2, 10.6
19.2, 10.8
19.2, 11
19.2, 11.2
19.2, 11.4
19.2, 11.6
19.2, 11.8
19.2, 12
19.2, 12.2
19.2, 12.4
19.2, 12.6
19.2, 12.8
19.2, 13
19.2, 13.2
19.2, 13.4
19.2, 13.6
19.2, 13.8
19.2, 14
19.2, 14.2
19.2, 14.4
19.2, 14.6
19.2, 14.8
19.2, 15
19.2, 15.2
19.2, 15.4
19.2, 15.6
19.2, 15.8
19.2, 16
19.2, 16.2
19.2, 16.4
19.2, 16.6
19.2, 16.8
19.2, 17
19.2, 17.2
19.2, 17.4
19.2, 17.6
19.2, 17.8
19.2, 18
19.2, 18.2
19.2, 18.4
19.2, 18.6
19.2, 18.8
19.2, 19
19.2, 19.2
19.2, 19.4
19.2, 19.6
19.2, 19.8
19.2, 20
19.2, 20.2
19.2, 20.4
19.2, 20.6
19.2, 20.8
19.2, 21
19.2, 21.2
19.2, 21.4
19.2, 21.6
19.2, 21.8
19.2, 22
19.2, 22.2
19.2, 22.4
19.2, 22.6
19.2, 22.8
19.2, 23
19.2, 23.2
19.2, 23.4
19.2, 23.6
19.2, 23.8
19.2, 24
19.2, 24.2
19.2, 24.4
19.2, 24.6
19.2, 24.8
19.2, 25
19.2, 25.2
19.2, 25.4
19.2, 25.6
19.2, 25.8
19.2, 26
19.2, 26.2
19.2, 26.4
19.2, 26.6
19.2, 26.8
19.2, 27
19.2, 27.2
19.2, 27.4
19.2, 27.6
19.2, 27.8
19.2, 28
19.2, 28.2
19.2, 28.4
19.2, 28.6
19.2, 28.8
19.2, 29
19.2, 29.2
19.2, 29.4
19.2, 29.6
19.2, 29.8
19.2, 30
19.2, 30.2
19.2, 30.4
19.2, 30.6
19.2, 30.8
19.2, 31
19.2, 31.2
19.2, 31.4
19.2, 31.6
19.2, 31.8
19.2, 32
19.2, 32.2
19.2, 32.4
19.2, 32.6
19.2, 32.8
19.2, 33
19.2, 33.2
19.2, 33.4
19.2, 33.6
19.2, 33.8
19.2, 34
19.2, 34.2
19.2, 34.4
19.2, 34.6
19.2, 34.8
19.2, 35
19.2, 35.2
19.2, 35.4
19.2, 35.6
19.2, 35.8
19.2, 36
19.2, 36.2
19.2, 36.4
19.2, 36.6
19.2, 36.8
19.2, 37
19.2, 37.2
19.2, 37.4
19.2, 37.6
19.2, 37.8
19.2, 38
19.2, 38.2
19.2, 38.4
19.2, 38.6
19.2, 38.8
19.2, 39
19.2, 39.2
19.2, 39.4
19.2, 39.6
19.2, 39.8
19.2, 40
19.2, 40.2
19.2, 40.4
19.2, 40.6
19.2, 40.8
19.2, 41
19.2, 41.2
19.2, 41.4
19.2, 41.6
19.2, 41.8
19.2, 42
19.2, 42.2
19.2, 42.4
19.2, 42.6
19.2, 42.8
19.2, 43
19.2, 43.2
19.2, 43.4
19.2, 43.6
19.2, 43.8
19.2, 44
19.2, 44.2
19.2, 44.4
19.2, 44.6
19.2, 44.8
19.2, 45
19.2, 45.2
19.2, 45.4
19.2, 45.6
19.2, 45.8
19.2, 46
19.2, 46.2
19.2, 46.4
19.2, 46.6
19.2, 46.8
19.2, 47
19.2, 47.2
19.2, 47.4
19.2, 47.6
19.2, 47.8
19.2, 48
19.2, 48.2
19.2, 48.4
19.2, 48.6
19.2, 48.8
19.2, 49
19.2, 49.2
19.2, 49.4
19.2, 49.6
19.2, 49.8
19.2, 50
19.4, 0.2
19.4, 0.4
19.4, 0.6
19.4, 0.8
19.4, 1
19.4, 1.2
19.4, 1.4
19.4, 1.6
19.4, 1.8
19.4, 2
19.4, 2.2
19.4, 2.4
19.4, 2.6
19.4, 2.8
19.4, 3
19.4, 3.2
19.4, 3.4
19.4, 3.6
19.4, 3.8
19.4, 4
19.4, 4.2
19.4, 4.4
19.4, 4.6
19.4, 4.8
19.4, 5
19.4, 5.2
19.4, 5.4
19.4, 5.6
19.4, 5.8
19.4, 6
19.4, 6.2
19.4, 6.4
19.4, 6.6
19.4, 6.8
19.4, 7
19.4, 7.2
19.4, 7.4
19.4, 7.6
19.4, 7.8
19.4, 8
19.4, 8.2
19.4, 8.4
19.4, 8.6
19.4, 8.8
19.4, 9
19.4, 9.2
19.4, 9.4
19.4, 9.6
19.4, 9.8
19.4, 10
19.4, 10.2
19.4, 10.4
19.4, 10.6
19.4, 10.8
19.4, 11
19.4, 11.2
19.4, 11.4
19.4, 11.6
19.4, 11.8
19.4, 12
19.4, 12.2
19.4, 12.4
19.4, 12.6
19.4, 12.8
19.4, 13
19.4, 13.2
19.4, 13.4
19.4, 13.6
19.4, 13.8
19.4, 14
19.4, 14.2
19.4, 14.4
19.4, 14.6
19.4, 14.8
19.4, 15
19.4, 15.2
19.4, 15.4
19.4, 15.6
19.4, 15.8
19.4, 16
19.4, 16.2
19.4, 16.4
19.4, 16.6
19.4, 16.8
19.4, 17
19.4, 17.2
19.4, 17.4
19.4, 17.6
19.4, 17.8
19.4, 18
19.4, 18.2
19.4, 18.4
19.4, 18.6
19.4, 18.8
19.4, 19
19.4, 19.2
19.4, 19.4
19.4, 19.6
19.4, 19.8
19.4, 20
19.4, 20.2
19.4, 20.4
19.4, 20.6
19.4, 20.8
19.4, 21
19.4, 21.2
19.4, 21.4
19.4, 21.6
19.4, 21.8
19.4, 22
19.4, 22.2
19.4, 22.4
19.4, 22.6
19.4, 22.8
19.4, 23
19.4, 23.2
19.4, 23.4
19.4, 23.6
19.4, 23.8
19.4, 24
19.4, 24.2
19.4, 24.4
19.4, 24.6
19.4, 24.8
19.4, 25
19.4, 25.2
19.4, 25.4
19.4, 25.6
19.4, 25.8
19.4, 26
19.4, 26.2
19.4, 26.4
19.4, 26.6
19.4, 26.8
19.4, 27
19.4, 27.2
19.4, 27.4
19.4, 27.6
19.4, 27.8
19.4, 28
19.4, 28.2
19.4, 28.4
19.4, 28.6
19.4, 28.8
19.4, 29
19.4, 29.2
19.4, 29.4
19.4, 29.6
19.4, 29.8
19.4, 30
19.4, 30.2
19.4, 30.4
19.4, 30.6
19.4, 30.8
19.4, 31
19.4, 31.2
19.4, 31.4
19.4, 31.6
19.4, 31.8
19.4, 32
19.4, 32.2
19.4, 32.4
19.4, 32.6
19.4, 32.8
19.4, 33
19.4, 33.2
19.4, 33.4
19.4, 33.6
19.4, 33.8
19.4, 34
19.4, 34.2
19.4, 34.4
19.4, 34.6
19.4, 34.8
19.4, 35
19.4, 35.2
19.4, 35.4
19.4, 35.6
19.4, 35.8
19.4, 36
19.4, 36.2
19.4, 36.4
19.4, 36.6
19.4, 36.8
19.4, 37
19.4, 37.2
19.4, 37.4
19.4, 37.6
19.4, 37.8
19.4, 38
19.4, 38.2
19.4, 38.4
19.4, 38.6
19.4, 38.8
19.4, 39
19.4, 39.2
19.4, 39.4
19.4, 39.6
19.4, 39.8
19.4, 40
19.4, 40.2
19.4, 40.4
19.4, 40.6
19.4, 40.8
19.4, 41
19.4, 41.2
19.4, 41.4
19.4, 41.6
19.4, 41.8
19.4, 42
19.4, 42.2
19.4, 42.4
19.4, 42.6
19.4, 42.8
19.4, 43
19.4, 43.2
19.4, 43.4
19.4, 43.6
19.4, 43.8
19.4, 44
19.4, 44.2
19.4, 44.4
19.4, 44.6
19.4, 44.8
19.4, 45
19.4, 45.2
19.4, 45.4
19.4, 45.6
19.4, 45.8
19.4, 46
19.4, 46.2
19.4, 46.4
19.4, 46.6
19.4, 46.8
19.4, 47
19.4, 47.2
19.4, 47.4
19.4, 47.6
19.4, 47.8
19.4, 48
19.4, 48.2
19.4, 48.4
19.4, 48.6
19.4, 48.8
19.4, 49
19.4, 49.2
19.4, 49.4
19.4, 49.6
19.4, 49.8
19.4, 50
19.6, 0.2
19.6, 0.4
19.6, 0.6
19.6, 0.8
19.6, 1
19.6, 1.2
19.6, 1.4
19.6, 1.6
19.6, 1.8
19.6, 2
19.6, 2.2
19.6, 2.4
19.6, 2.6
19.6, 2.8
19.6, 3
19.6, 3.2
19.6, 3.4
19.6, 3.6
19.6, 3.8
19.6, 4
19.6, 4.2
19.6, 4.4
19.6, 4.6
19.6, 4.8
19.6, 5
19.6, 5.2
19.6, 5.4
19.6, 5.6
19.6, 5.8
19.6, 6
19.6, 6.2
19.6, 6.4
19.6, 6.6
19.6, 6.8
19.6, 7
19.6, 7.2
19.6, 7.4
19.6, 7.6
19.6, 7.8
19.6, 8
19.6, 8.2
19.6, 8.4
19.6, 8.6
19.6, 8.8
19.6, 9
19.6, 9.2
19.6, 9.4
19.6, 9.6
19.6, 9.8
19.6, 10
19.6, 10.2
19.6, 10.4
19.6, 10.6
19.6, 10.8
19.6, 11
19.6, 11.2
19.6, 11.4
19.6, 11.6
19.6, 11.8
19.6, 12
19.6, 12.2
19.6, 12.4
19.6, 12.6
19.6, 12.8
19.6, 13
19.6, 13.2
19.6, 13.4
19.6, 13.6
19.6, 13.8
19.6, 14
19.6, 14.2
19.6, 14.4
19.6, 14.6
19.6, 14.8
19.6, 15
19.6, 15.2
19.6, 15.4
19.6, 15.6
19.6, 15.8
19.6, 16
19.6, 16.2
19.6, 16.4
19.6, 16.6
19.6, 16.8
19.6, 17
19.6, 17.2
19.6, 17.4
19.6, 17.6
19.6, 17.8
19.6, 18
19.6, 18.2
19.6, 18.4
19.6, 18.6
19.6, 18.8
19.6, 19
19.6, 19.2
19.6, 19.4
19.6, 19.6
19.6, 19.8
19.6, 20
19.6, 20.2
19.6, 20.4
19.6, 20.6
19.6, 20.8
19.6, 21
19.6, 21.2
19.6, 21.4
19.6, 21.6
19.6, 21.8
19.6, 22
19.6, 22.2
19.6, 22.4
19.6, 22.6
19.6, 22.8
19.6, 23
19.6, 23.2
19.6, 23.4
19.6, 23.6
19.6, 23.8
19.6, 24
19.6, 24.2
19.6, 24.4
19.6, 24.6
19.6, 24.8
19.6, 25
19.6, 25.2
19.6, 25.4
19.6, 25.6
19.6, 25.8
19.6, 26
19.6, 26.2
19.6, 26.4
19.6, 26.6
19.6, 26.8
19.6, 27
19.6, 27.2
19.6, 27.4
19.6, 27.6
19.6, 27.8
19.6, 28
19.6, 28.2
19.6, 28.4
19.6, 28.6
19.6, 28.8
19.6, 29
19.6, 29.2
19.6, 29.4
19.6, 29.6
19.6, 29.8
19.6, 30
19.6, 30.2
19.6, 30.4
19.6, 30.6
19.6, 30.8
19.6, 31
19.6, 31.2
19.6, 31.4
19.6, 31.6
19.6, 31.8
19.6, 32
19.6, 32.2
19.6, 32.4
19.6, 32.6
19.6, 32.8
19.6, 33
19.6, 33.2
19.6, 33.4
19.6, 33.6
19.6, 33.8
19.6, 34
19.6, 34.2
19.6, 34.4
19.6, 34.6
19.6, 34.8
19.6, 35
19.6, 35.2
19.6, 35.4
19.6, 35.6
19.6, 35.8
19.6, 36
19.6, 36.2
19.6, 36.4
19.6, 36.6
19.6, 36.8
19.6, 37
19.6, 37.2
19.6, 37.4
19.6, 37.6
19.6, 37.8
19.6, 38
19.6, 38.2
19.6, 38.4
19.6, 38.6
19.6, 38.8
19.6, 39
19.6, 39.2
19.6, 39.4
19.6, 39.6
19.6, 39.8
19.6, 40
19.6, 40.2
19.6, 40.4
19.6, 40.6
19.6, 40.8
19.6, 41
19.6, 41.2
19.6, 41.4
19.6, 41.6
19.6, 41.8
19.6, 42
19.6, 42.2
19.6, 42.4
19.6, 42.6
19.6, 42.8
19.6, 43
19.6, 43.2
19.6, 43.4
19.6, 43.6
19.6, 43.8
19.6, 44
19.6, 44.2
19.6, 44.4
19.6, 44.6
19.6, 44.8
19.6, 45
19.6, 45.2
19.6, 45.4
19.6, 45.6
19.6, 45.8
19.6, 46
19.6, 46.2
19.6, 46.4
19.6, 46.6
19.6, 46.8
19.6, 47
19.6, 47.2
19.6, 47.4
19.6, 47.6
19.6, 47.8
19.6, 48
19.6, 48.2
19.6, 48.4
19.6, 48.6
19.6, 48.8
19.6, 49
19.6, 49.2
19.6, 49.4
19.6, 49.6
19.6, 49.8
19.6, 50
19.8, 0.2
19.8, 0.4
19.8, 0.6
19.8, 0.8
19.8, 1
19.8, 1.2
19.8, 1.4
19.8, 1.6
19.8, 1.8
19.8, 2
19.8, 2.2
19.8, 2.4
19.8, 2.6
19.8, 2.8
19.8, 3
19.8, 3.2
19.8, 3.4
19.8, 3.6
19.8, 3.8
19.8, 4
19.8, 4.2
19.8, 4.4
19.8, 4.6
19.8, 4.8
19.8, 5
19.8, 5.2
19.8, 5.4
19.8, 5.6
19.8, 5.8
19.8, 6
19.8, 6.2
19.8, 6.4
19.8, 6.6
19.8, 6.8
19.8, 7
19.8, 7.2
19.8, 7.4
19.8, 7.6
19.8, 7.8
19.8, 8
19.8, 8.2
19.8, 8.4
19.8, 8.6
19.8, 8.8
19.8, 9
19.8, 9.2
19.8, 9.4
19.8, 9.6
19.8, 9.8
19.8, 10
19.8, 10.2
19.8, 10.4
19.8, 10.6
19.8, 10.8
19.8, 11
19.8, 11.2
19.8, 11.4
19.8, 11.6
19.8, 11.8
19.8, 12
19.8, 12.2
19.8, 12.4
19.8, 12.6
19.8, 12.8
19.8, 13
19.8, 13.2
19.8, 13.4
19.8, 13.6
19.8, 13.8
19.8, 14
19.8, 14.2
19.8, 14.4
19.8, 14.6
19.8, 14.8
19.8, 15
19.8, 15.2
19.8, 15.4
19.8, 15.6
19.8, 15.8
19.8, 16
19.8, 16.2
19.8, 16.4
19.8, 16.6
19.8, 16.8
19.8, 17
19.8, 17.2
19.8, 17.4
19.8, 17.6
19.8, 17.8
19.8, 18
19.8, 18.2
19.8, 18.4
19.8, 18.6
19.8, 18.8
19.8, 19
19.8, 19.2
19.8, 19.4
19.8, 19.6
19.8, 19.8
19.8, 20
19.8, 20.2
19.8, 20.4
19.8, 20.6
19.8, 20.8
19.8, 21
19.8, 21.2
19.8, 21.4
19.8, 21.6
19.8, 21.8
19.8, 22
19.8, 22.2
19.8, 22.4
19.8, 22.6
19.8, 22.8
19.8, 23
19.8, 23.2
19.8, 23.4
19.8, 23.6
19.8, 23.8
19.8, 24
19.8, 24.2
19.8, 24.4
19.8, 24.6
19.8, 24.8
19.8, 25
19.8, 25.2
19.8, 25.4
19.8, 25.6
19.8, 25.8
19.8, 26
19.8, 26.2
19.8, 26.4
19.8, 26.6
19.8, 26.8
19.8, 27
19.8, 27.2
19.8, 27.4
19.8, 27.6
19.8, 27.8
19.8, 28
19.8, 28.2
19.8, 28.4
19.8, 28.6
19.8, 28.8
19.8, 29
19.8, 29.2
19.8, 29.4
19.8, 29.6
19.8, 29.8
19.8, 30
19.8, 30.2
19.8, 30.4
19.8, 30.6
19.8, 30.8
19.8, 31
19.8, 31.2
19.8, 31.4
19.8, 31.6
19.8, 31.8
19.8, 32
19.8, 32.2
19.8, 32.4
19.8, 32.6
19.8, 32.8
19.8, 33
19.8, 33.2
19.8, 33.4
19.8, 33.6
19.8, 33.8
19.8, 34
19.8, 34.2
19.8, 34.4
19.8, 34.6
19.8, 34.8
19.8, 35
19.8, 35.2
19.8, 35.4
19.8, 35.6
19.8, 35.8
19.8, 36
19.8, 36.2
19.8, 36.4
19.8, 36.6
19.8, 36.8
19.8, 37
19.8, 37.2
19.8, 37.4
19.8, 37.6
19.8, 37.8
19.8, 38
19.8, 38.2
19.8, 38.4
19.8, 38.6
19.8, 38.8
19.8, 39
19.8, 39.2
19.8, 39.4
19.8, 39.6
19.8, 39.8
19.8, 40
19.8, 40.2
19.8, 40.4
19.8, 40.6
19.8, 40.8
19.8, 41
19.8, 41.2
19.8, 41.4
19.8, 41.6
19.8, 41.8
19.8, 42
19.8, 42.2
19.8, 42.4
19.8, 42.6
19.8, 42.8
19.8, 43
19.8, 43.2
19.8, 43.4
19.8, 43.6
19.8, 43.8
19.8, 44
19.8, 44.2
19.8, 44.4
19.8, 44.6
19.8, 44.8
19.8, 45
19.8, 45.2
19.8, 45.4
19.8, 45.6
19.8, 45.8
19.8, 46
19.8, 46.2
19.8, 46.4
19.8, 46.6
19.8, 46.8
19.8, 47
19.8, 47.2
19.8, 47.4
19.8, 47.6
19.8, 47.8
19.8, 48
19.8, 48.2
19.8, 48.4
19.8, 48.6
19.8, 48.8
19.8, 49
19.8, 49.2
19.8, 49.4
19.8, 49.6
19.8, 49.8
19.8, 50
20, 0.2
20, 0.4
20, 0.6
20, 0.8
20, 1
20, 1.2
20, 1.4
20, 1.6
20, 1.8
20, 2
20, 2.2
20, 2.4
20, 2.6
20, 2.8
20, 3
20, 3.2
20, 3.4
20, 3.6
20, 3.8
20, 4
20, 4.2
20, 4.4
20, 4.6
20, 4.8
20, 5
20, 5.2
20, 5.4
20, 5.6
20, 5.8
20, 6
20, 6.2
20, 6.4
20, 6.6
20, 6.8
20, 7
20, 7.2
20, 7.4
20, 7.6
20, 7.8
20, 8
20, 8.2
20, 8.4
20, 8.6
20, 8.8
20, 9
20, 9.2
20, 9.4
20, 9.6
20, 9.8
20, 10
20, 10.2
20, 10.4
20, 10.6
20, 10.8
20, 11
20, 11.2
20, 11.4
20, 11.6
20, 11.8
20, 12
20, 12.2
20, 12.4
20, 12.6
20, 12.8
20, 13
20, 13.2
20, 13.4
20, 13.6
20, 13.8
20, 14
20, 14.2
20, 14.4
20, 14.6
20, 14.8
20, 15
20, 15.2
20, 15.4
20, 15.6
20, 15.8
20, 16
20, 16.2
20, 16.4
20, 16.6
20, 16.8
20, 17
20, 17.2
20, 17.4
20, 17.6
20, 17.8
20, 18
20, 18.2
20, 18.4
20, 18.6
20, 18.8
20, 19
20, 19.2
20, 19.4
20, 19.6
20, 19.8
20, 20
20, 20.2
20, 20.4
20, 20.6
20, 20.8
20, 21
20, 21.2
20, 21.4
20, 21.6
20, 21.8
20, 22
20, 22.2
20, 22.4
20, 22.6
20, 22.8
20, 23
20, 23.2
20, 23.4
20, 23.6
20, 23.8
20, 24
20, 24.2
20, 24.4
20, 24.6
20, 24.8
20, 25
20, 25.2
20, 25.4
20, 25.6
20, 25.8
20, 26
20, 26.2
20, 26.4
20, 26.6
20, 26.8
20, 27
20, 27.2
20, 27.4
20, 27.6
20, 27.8
20, 28
20, 28.2
20, 28.4
20, 28.6
20, 28.8
20, 29
20, 29.2
20, 29.4
20, 29.6
20, 29.8
20, 30
20, 30.2
20, 30.4
20, 30.6
20, 30.8
20, 31
20, 31.2
20, 31.4
20, 31.6
20, 31.8
20, 32
20, 32.2
20, 32.4
20, 32.6
20, 32.8
20, 33
20, 33.2
20, 33.4
20, 33.6
20, 33.8
20, 34
20, 34.2
20, 34.4
20, 34.6
20, 34.8
20, 35
20, 35.2
20, 35.4
20, 35.6
20, 35.8
20, 36
20, 36.2
20, 36.4
20, 36.6
20, 36.8
20, 37
20, 37.2
20, 37.4
20, 37.6
20, 37.8
20, 38
20, 38.2
20, 38.4
20, 38.6
20, 38.8
20, 39
20, 39.2
20, 39.4
20, 39.6
20, 39.8
20, 40
20, 40.2
20, 40.4
20, 40.6
20, 40.8
20, 41
20, 41.2
20, 41.4
20, 41.6
20, 41.8
20, 42
20, 42.2
20, 42.4
20, 42.6
20, 42.8
20, 43
20, 43.2
20, 43.4
20, 43.6
20, 43.8
20, 44
20, 44.2
20, 44.4
20, 44.6
20, 44.8
20, 45
20, 45.2
20, 45.4
20, 45.6
20, 45.8
20, 46
20, 46.2
20, 46.4
20, 46.6
20, 46.8
20, 47
20, 47.2
20, 47.4
20, 47.6
20, 47.8
20, 48
20, 48.2
20, 48.4
20, 48.6
20, 48.8
20, 49
20, 49.2
20, 49.4
20, 49.6
20, 49.8
20, 50
20.2, 0.2
20.2, 0.4
20.2, 0.6
20.2, 0.8
20.2, 1
20.2, 1.2
20.2, 1.4
20.2, 1.6
20.2, 1.8
20.2, 2
20.2, 2.2
20.2, 2.4
20.2, 2.6
20.2, 2.8
20.2, 3
20.2, 3.2
20.2, 3.4
20.2, 3.6
20.2, 3.8
20.2, 4
20.2, 4.2
20.2, 4.4
20.2, 4.6
20.2, 4.8
20.2, 5
20.2, 5.2
20.2, 5.4
20.2, 5.6
20.2, 5.8
20.2, 6
20.2, 6.2
20.2, 6.4
20.2, 6.6
20.2, 6.8
20.2, 7
20.2, 7.2
20.2, 7.4
20.2, 7.6
20.2, 7.8
20.2, 8
20.2, 8.2
20.2, 8.4
20.2, 8.6
20.2, 8.8
20.2, 9
20.2, 9.2
20.2, 9.4
20.2, 9.6
20.2, 9.8
20.2, 10
20.2, 10.2
20.2, 10.4
20.2, 10.6
20.2, 10.8
20.2, 11
20.2, 11.2
20.2, 11.4
20.2, 11.6
20.2, 11.8
20.2, 12
20.2, 12.2
20.2, 12.4
20.2, 12.6
20.2, 12.8
20.2, 13
20.2, 13.2
20.2, 13.4
20.2, 13.6
20.2, 13.8
20.2, 14
20.2, 14.2
20.2, 14.4
20.2, 14.6
20.2, 14.8
20.2, 15
20.2, 15.2
20.2, 15.4
20.2, 15.6
20.2, 15.8
20.2, 16
20.2, 16.2
20.2, 16.4
20.2, 16.6
20.2, 16.8
20.2, 17
20.2, 17.2
20.2, 17.4
20.2, 17.6
20.2, 17.8
20.2, 18
20.2, 18.2
20.2, 18.4
20.2, 18.6
20.2, 18.8
20.2, 19
20.2, 19.2
20.2, 19.4
20.2, 19.6
20.2, 19.8
20.2, 20
20.2, 20.2
20.2, 20.4
20.2, 20.6
20.2, 20.8
20.2, 21
20.2, 21.2
20.2, 21.4
20.2, 21.6
20.2, 21.8
20.2, 22
20.2, 22.2
20.2, 22.4
20.2, 22.6
20.2, 22.8
20.2, 23
20.2, 23.2
20.2, 23.4
20.2, 23.6
20.2, 23.8
20.2, 24
20.2, 24.2
20.2, 24.4
20.2, 24.6
20.2, 24.8
20.2, 25
20.2, 25.2
20.2, 25.4
20.2, 25.6
20.2, 25.8
20.2, 26
20.2, 26.2
20.2, 26.4
20.2, 26.6
20.2, 26.8
20.2, 27
20.2, 27.2
20.2, 27.4
20.2, 27.6
20.2, 27.8
20.2, 28
20.2, 28.2
20.2, 28.4
20.2, 28.6
20.2, 28.8
20.2, 29
20.2, 29.2
20.2, 29.4
20.2, 29.6
20.2, 29.8
20.2, 30
20.2, 30.2
20.2, 30.4
20.2, 30.6
20.2, 30.8
20.2, 31
20.2, 31.2
20.2, 31.4
20.2, 31.6
20.2, 31.8
20.2, 32
20.2, 32.2
20.2, 32.4
20.2, 32.6
20.2, 32.8
20.2, 33
20.2, 33.2
20.2, 33.4
20.2, 33.6
20.2, 33.8
20.2, 34
20.2, 34.2
20.2, 34.4
20.2, 34.6
20.2, 34.8
20.2, 35
20.2, 35.2
20.2, 35.4
20.2, 35.6
20.2, 35.8
20.2, 36
20.2, 36.2
20.2, 36.4
20.2, 36.6
20.2, 36.8
20.2, 37
20.2, 37.2
20.2, 37.4
20.2, 37.6
20.2, 37.8
20.2, 38
20.2, 38.2
20.2, 38.4
20.2, 38.6
20.2, 38.8
20.2, 39
20.2, 39.2
20.2, 39.4
20.2, 39.6
20.2, 39.8
20.2, 40
20.2, 40.2
20.2, 40.4
20.2, 40.6
20.2, 40.8
20.2, 41
20.2, 41.2
20.2, 41.4
20.2, 41.6
20.2, 41.8
20.2, 42
20.2, 42.2
20.2, 42.4
20.2, 42.6
20.2, 42.8
20.2, 43
20.2, 43.2
20.2, 43.4
20.2, 43.6
20.2, 43.8
20.2, 44
20.2, 44.2
20.2, 44.4
20.2, 44.6
20.2, 44.8
20.2, 45
20.2, 45.2
20.2, 45.4
20.2, 45.6
20.2, 45.8
20.2, 46
20.2, 46.2
20.2, 46.4
20.2, 46.6
20.2, 46.8
20.2, 47
20.2, 47.2
20.2, 47.4
20.2, 47.6
20.2, 47.8
20.2, 48
20.2, 48.2
20.2, 48.4
20.2, 48.6
20.2, 48.8
20.2, 49
20.2, 49.2
20.2, 49.4
20.2, 49.6
20.2, 49.8
20.2, 50
20.4, 0.2
20.4, 0.4
20.4, 0.6
20.4, 0.8
20.4, 1
20.4, 1.2
20.4, 1.4
20.4, 1.6
20.4, 1.8
20.4, 2
20.4, 2.2
20.4, 2.4
20.4, 2.6
20.4, 2.8
20.4, 3
20.4, 3.2
20.4, 3.4
20.4, 3.6
20.4, 3.8
20.4, 4
20.4, 4.2
20.4, 4.4
20.4, 4.6
20.4, 4.8
20.4, 5
20.4, 5.2
20.4, 5.4
20.4, 5.6
20.4, 5.8
20.4, 6
20.4, 6.2
20.4, 6.4
20.4, 6.6
20.4, 6.8
20.4, 7
20.4, 7.2
20.4, 7.4
20.4, 7.6
20.4, 7.8
20.4, 8
20.4, 8.2
20.4, 8.4
20.4, 8.6
20.4, 8.8
20.4, 9
20.4, 9.2
20.4, 9.4
20.4, 9.6
20.4, 9.8
20.4, 10
20.4, 10.2
20.4, 10.4
20.4, 10.6
20.4, 10.8
20.4, 11
20.4, 11.2
20.4, 11.4
20.4, 11.6
20.4, 11.8
20.4, 12
20.4, 12.2
20.4, 12.4
20.4, 12.6
20.4, 12.8
20.4, 13
20.4, 13.2
20.4, 13.4
20.4, 13.6
20.4, 13.8
20.4, 14
20.4, 14.2
20.4, 14.4
20.4, 14.6
20.4, 14.8
20.4, 15
20.4, 15.2
20.4, 15.4
20.4, 15.6
20.4, 15.8
20.4, 16
20.4, 16.2
20.4, 16.4
20.4, 16.6
20.4, 16.8
20.4, 17
20.4, 17.2
20.4, 17.4
20.4, 17.6
20.4, 17.8
20.4, 18
20.4, 18.2
20.4, 18.4
20.4, 18.6
20.4, 18.8
20.4, 19
20.4, 19.2
20.4, 19.4
20.4, 19.6
20.4, 19.8
20.4, 20
20.4, 20.2
20.4, 20.4
20.4, 20.6
20.4, 20.8
20.4, 21
20.4, 21.2
20.4, 21.4
20.4, 21.6
20.4, 21.8
20.4, 22
20.4, 22.2
20.4, 22.4
20.4, 22.6
20.4, 22.8
20.4, 23
20.4, 23.2
20.4, 23.4
20.4, 23.6
20.4, 23.8
20.4, 24
20.4, 24.2
20.4, 24.4
20.4, 24.6
20.4, 24.8
20.4, 25
20.4, 25.2
20.4, 25.4
20.4, 25.6
20.4, 25.8
20.4, 26
20.4, 26.2
20.4, 26.4
20.4, 26.6
20.4, 26.8
20.4, 27
20.4, 27.2
20.4, 27.4
20.4, 27.6
20.4, 27.8
20.4, 28
20.4, 28.2
20.4, 28.4
20.4, 28.6
20.4, 28.8
20.4, 29
20.4, 29.2
20.4, 29.4
20.4, 29.6
20.4, 29.8
20.4, 30
20.4, 30.2
20.4, 30.4
20.4, 30.6
20.4, 30.8
20.4, 31
20.4, 31.2
20.4, 31.4
20.4, 31.6
20.4, 31.8
20.4, 32
20.4, 32.2
20.4, 32.4
20.4, 32.6
20.4, 32.8
20.4, 33
20.4, 33.2
20.4, 33.4
20.4, 33.6
20.4, 33.8
20.4, 34
20.4, 34.2
20.4, 34.4
20.4, 34.6
20.4, 34.8
20.4, 35
20.4, 35.2
20.4, 35.4
20.4, 35.6
20.4, 35.8
20.4, 36
20.4, 36.2
20.4, 36.4
20.4, 36.6
20.4, 36.8
20.4, 37
20.4, 37.2
20.4, 37.4
20.4, 37.6
20.4, 37.8
20.4, 38
20.4, 38.2
20.4, 38.4
20.4, 38.6
20.4, 38.8
20.4, 39
20.4, 39.2
20.4, 39.4
20.4, 39.6
20.4, 39.8
20.4, 40
20.4, 40.2
20.4, 40.4
20.4, 40.6
20.4, 40.8
20.4, 41
20.4, 41.2
20.4, 41.4
20.4, 41.6
20.4, 41.8
20.4, 42
20.4, 42.2
20.4, 42.4
20.4, 42.6
20.4, 42.8
20.4, 43
20.4, 43.2
20.4, 43.4
20.4, 43.6
20.4, 43.8
20.4, 44
20.4, 44.2
20.4, 44.4
20.4, 44.6
20.4, 44.8
20.4, 45
20.4, 45.2
20.4, 45.4
20.4, 45.6
20.4, 45.8
20.4, 46
20.4, 46.2
20.4, 46.4
20.4, 46.6
20.4, 46.8
20.4, 47
20.4, 47.2
20.4, 47.4
20.4, 47.6
20.4, 47.8
20.4, 48
20.4, 48.2
20.4, 48.4
20.4, 48.6
20.4, 48.8
20.4, 49
20.4, 49.2
20.4, 49.4
20.4, 49.6
20.4, 49.8
20.4, 50
20.6, 0.2
20.6, 0.4
20.6, 0.6
20.6, 0.8
20.6, 1
20.6, 1.2
20.6, 1.4
20.6, 1.6
20.6, 1.8
20.6, 2
20.6, 2.2
20.6, 2.4
20.6, 2.6
20.6, 2.8
20.6, 3
20.6, 3.2
20.6, 3.4
20.6, 3.6
20.6, 3.8
20.6, 4
20.6, 4.2
20.6, 4.4
20.6, 4.6
20.6, 4.8
20.6, 5
20.6, 5.2
20.6, 5.4
20.6, 5.6
20.6, 5.8
20.6, 6
20.6, 6.2
20.6, 6.4
20.6, 6.6
20.6, 6.8
20.6, 7
20.6, 7.2
20.6, 7.4
20.6, 7.6
20.6, 7.8
20.6, 8
20.6, 8.2
20.6, 8.4
20.6, 8.6
20.6, 8.8
20.6, 9
20.6, 9.2
20.6, 9.4
20.6, 9.6
20.6, 9.8
20.6, 10
20.6, 10.2
20.6, 10.4
20.6, 10.6
20.6, 10.8
20.6, 11
20.6, 11.2
20.6, 11.4
20.6, 11.6
20.6, 11.8
20.6, 12
20.6, 12.2
20.6, 12.4
20.6, 12.6
20.6, 12.8
20.6, 13
20.6, 13.2
20.6, 13.4
20.6, 13.6
20.6, 13.8
20.6, 14
20.6, 14.2
20.6, 14.4
20.6, 14.6
20.6, 14.8
20.6, 15
20.6, 15.2
20.6, 15.4
20.6, 15.6
20.6, 15.8
20.6, 16
20.6, 16.2
20.6, 16.4
20.6, 16.6
20.6, 16.8
20.6, 17
20.6, 17.2
20.6, 17.4
20.6, 17.6
20.6, 17.8
20.6, 18
20.6, 18.2
20.6, 18.4
20.6, 18.6
20.6, 18.8
20.6, 19
20.6, 19.2
20.6, 19.4
20.6, 19.6
20.6, 19.8
20.6, 20
20.6, 20.2
20.6, 20.4
20.6, 20.6
20.6, 20.8
20.6, 21
20.6, 21.2
20.6, 21.4
20.6, 21.6
20.6, 21.8
20.6, 22
20.6, 22.2
20.6, 22.4
20.6, 22.6
20.6, 22.8
20.6, 23
20.6, 23.2
20.6, 23.4
20.6, 23.6
20.6, 23.8
20.6, 24
20.6, 24.2
20.6, 24.4
20.6, 24.6
20.6, 24.8
20.6, 25
20.6, 25.2
20.6, 25.4
20.6, 25.6
20.6, 25.8
20.6, 26
20.6, 26.2
20.6, 26.4
20.6, 26.6
20.6, 26.8
20.6, 27
20.6, 27.2
20.6, 27.4
20.6, 27.6
20.6, 27.8
20.6, 28
20.6, 28.2
20.6, 28.4
20.6, 28.6
20.6, 28.8
20.6, 29
20.6, 29.2
20.6, 29.4
20.6, 29.6
20.6, 29.8
20.6, 30
20.6, 30.2
20.6, 30.4
20.6, 30.6
20.6, 30.8
20.6, 31
20.6, 31.2
20.6, 31.4
20.6, 31.6
20.6, 31.8
20.6, 32
20.6, 32.2
20.6, 32.4
20.6, 32.6
20.6, 32.8
20.6, 33
20.6, 33.2
20.6, 33.4
20.6, 33.6
20.6, 33.8
20.6, 34
20.6, 34.2
20.6, 34.4
20.6, 34.6
20.6, 34.8
20.6, 35
20.6, 35.2
20.6, 35.4
20.6, 35.6
20.6, 35.8
20.6, 36
20.6, 36.2
20.6, 36.4
20.6, 36.6
20.6, 36.8
20.6, 37
20.6, 37.2
20.6, 37.4
20.6, 37.6
20.6, 37.8
20.6, 38
20.6, 38.2
20.6, 38.4
20.6, 38.6
20.6, 38.8
20.6, 39
20.6, 39.2
20.6, 39.4
20.6, 39.6
20.6, 39.8
20.6, 40
20.6, 40.2
20.6, 40.4
20.6, 40.6
20.6, 40.8
20.6, 41
20.6, 41.2
20.6, 41.4
20.6, 41.6
20.6, 41.8
20.6, 42
20.6, 42.2
20.6, 42.4
20.6, 42.6
20.6, 42.8
20.6, 43
20.6, 43.2
20.6, 43.4
20.6, 43.6
20.6, 43.8
20.6, 44
20.6, 44.2
20.6, 44.4
20.6, 44.6
20.6, 44.8
20.6, 45
20.6, 45.2
20.6, 45.4
20.6, 45.6
20.6, 45.8
20.6, 46
20.6, 46.2
20.6, 46.4
20.6, 46.6
20.6, 46.8
20.6, 47
20.6, 47.2
20.6, 47.4
20.6, 47.6
20.6, 47.8
20.6, 48
20.6, 48.2
20.6, 48.4
20.6, 48.6
20.6, 48.8
20.6, 49
20.6, 49.2
20.6, 49.4
20.6, 49.6
20.6, 49.8
20.6, 50
20.8, 0.2
20.8, 0.4
20.8, 0.6
20.8, 0.8
20.8, 1
20.8, 1.2
20.8, 1.4
20.8, 1.6
20.8, 1.8
20.8, 2
20.8, 2.2
20.8, 2.4
20.8, 2.6
20.8, 2.8
20.8, 3
20.8, 3.2
20.8, 3.4
20.8, 3.6
20.8, 3.8
20.8, 4
20.8, 4.2
20.8, 4.4
20.8, 4.6
20.8, 4.8
20.8, 5
20.8, 5.2
20.8, 5.4
20.8, 5.6
20.8, 5.8
20.8, 6
20.8, 6.2
20.8, 6.4
20.8, 6.6
20.8, 6.8
20.8, 7
20.8, 7.2
20.8, 7.4
20.8, 7.6
20.8, 7.8
20.8, 8
20.8, 8.2
20.8, 8.4
20.8, 8.6
20.8, 8.8
20.8, 9
20.8, 9.2
20.8, 9.4
20.8, 9.6
20.8, 9.8
20.8, 10
20.8, 10.2
20.8, 10.4
20.8, 10.6
20.8, 10.8
20.8, 11
20.8, 11.2
20.8, 11.4
20.8, 11.6
20.8, 11.8
20.8, 12
20.8, 12.2
20.8, 12.4
20.8, 12.6
20.8, 12.8
20.8, 13
20.8, 13.2
20.8, 13.4
20.8, 13.6
20.8, 13.8
20.8, 14
20.8, 14.2
20.8, 14.4
20.8, 14.6
20.8, 14.8
20.8, 15
20.8, 15.2
20.8, 15.4
20.8, 15.6
20.8, 15.8
20.8, 16
20.8, 16.2
20.8, 16.4
20.8, 16.6
20.8, 16.8
20.8, 17
20.8, 17.2
20.8, 17.4
20.8, 17.6
20.8, 17.8
20.8, 18
20.8, 18.2
20.8, 18.4
20.8, 18.6
20.8, 18.8
20.8, 19
20.8, 19.2
20.8, 19.4
20.8, 19.6
20.8, 19.8
20.8, 20
20.8, 20.2
20.8, 20.4
20.8, 20.6
20.8, 20.8
20.8, 21
20.8, 21.2
20.8, 21.4
20.8, 21.6
20.8, 21.8
20.8, 22
20.8, 22.2
20.8, 22.4
20.8, 22.6
20.8, 22.8
20.8, 23
20.8, 23.2
20.8, 23.4
20.8, 23.6
20.8, 23.8
20.8, 24
20.8, 24.2
20.8, 24.4
20.8, 24.6
20.8, 24.8
20.8, 25
20.8, 25.2
20.8, 25.4
20.8, 25.6
20.8, 25.8
20.8, 26
20.8, 26.2
20.8, 26.4
20.8, 26.6
20.8, 26.8
20.8, 27
20.8, 27.2
20.8, 27.4
20.8, 27.6
20.8, 27.8
20.8, 28
20.8, 28.2
20.8, 28.4
20.8, 28.6
20.8, 28.8
20.8, 29
20.8, 29.2
20.8, 29.4
20.8, 29.6
20.8, 29.8
20.8, 30
20.8, 30.2
20.8, 30.4
20.8, 30.6
20.8, 30.8
20.8, 31
20.8, 31.2
20.8, 31.4
20.8, 31.6
20.8, 31.8
20.8, 32
20.8, 32.2
20.8, 32.4
20.8, 32.6
20.8, 32.8
20.8, 33
20.8, 33.2
20.8, 33.4
20.8, 33.6
20.8, 33.8
20.8, 34
20.8, 34.2
20.8, 34.4
20.8, 34.6
20.8, 34.8
20.8, 35
20.8, 35.2
20.8, 35.4
20.8, 35.6
20.8, 35.8
20.8, 36
20.8, 36.2
20.8, 36.4
20.8, 36.6
20.8, 36.8
20.8, 37
20.8, 37.2
20.8, 37.4
20.8, 37.6
20.8, 37.8
20.8, 38
20.8, 38.2
20.8, 38.4
20.8, 38.6
20.8, 38.8
20.8, 39
20.8, 39.2
20.8, 39.4
20.8, 39.6
20.8, 39.8
20.8, 40
20.8, 40.2
20.8, 40.4
20.8, 40.6
20.8, 40.8
20.8, 41
20.8, 41.2
20.8, 41.4
20.8, 41.6
20.8, 41.8
20.8, 42
20.8, 42.2
20.8, 42.4
20.8, 42.6
20.8, 42.8
20.8, 43
20.8, 43.2
20.8, 43.4
20.8, 43.6
20.8, 43.8
20.8, 44
20.8, 44.2
20.8, 44.4
20.8, 44.6
20.8, 44.8
20.8, 45
20.8, 45.2
20.8, 45.4
20.8, 45.6
20.8, 45.8
20.8, 46
20.8, 46.2
20.8, 46.4
20.8, 46.6
20.8, 46.8
20.8, 47
20.8, 47.2
20.8, 47.4
20.8, 47.6
20.8, 47.8
20.8, 48
20.8, 48.2
20.8, 48.4
20.8, 48.6
20.8, 48.8
20.8, 49
20.8, 49.2
20.8, 49.4
20.8, 49.6
20.8, 49.8
20.8, 50
21, 0.2
21, 0.4
21, 0.6
21, 0.8
21, 1
21, 1.2
21, 1.4
21, 1.6
21, 1.8
21, 2
21, 2.2
21, 2.4
21, 2.6
21, 2.8
21, 3
21, 3.2
21, 3.4
21, 3.6
21, 3.8
21, 4
21, 4.2
21, 4.4
21, 4.6
21, 4.8
21, 5
21, 5.2
21, 5.4
21, 5.6
21, 5.8
21, 6
21, 6.2
21, 6.4
21, 6.6
21, 6.8
21, 7
21, 7.2
21, 7.4
21, 7.6
21, 7.8
21, 8
21, 8.2
21, 8.4
21, 8.6
21, 8.8
21, 9
21, 9.2
21, 9.4
21, 9.6
21, 9.8
21, 10
21, 10.2
21, 10.4
21, 10.6
21, 10.8
21, 11
21, 11.2
21, 11.4
21, 11.6
21, 11.8
21, 12
21, 12.2
21, 12.4
21, 12.6
21, 12.8
21, 13
21, 13.2
21, 13.4
21, 13.6
21, 13.8
21, 14
21, 14.2
21, 14.4
21, 14.6
21, 14.8
21, 15
21, 15.2
21, 15.4
21, 15.6
21, 15.8
21, 16
21, 16.2
21, 16.4
21, 16.6
21, 16.8
21, 17
21, 17.2
21, 17.4
21, 17.6
21, 17.8
21, 18
21, 18.2
21, 18.4
21, 18.6
21, 18.8
21, 19
21, 19.2
21, 19.4
21, 19.6
21, 19.8
21, 20
21, 20.2
21, 20.4
21, 20.6
21, 20.8
21, 21
21, 21.2
21, 21.4
21, 21.6
21, 21.8
21, 22
21, 22.2
21, 22.4
21, 22.6
21, 22.8
21, 23
21, 23.2
21, 23.4
21, 23.6
21, 23.8
21, 24
21, 24.2
21, 24.4
21, 24.6
21, 24.8
21, 25
21, 25.2
21, 25.4
21, 25.6
21, 25.8
21, 26
21, 26.2
21, 26.4
21, 26.6
21, 26.8
21, 27
21, 27.2
21, 27.4
21, 27.6
21, 27.8
21, 28
21, 28.2
21, 28.4
21, 28.6
21, 28.8
21, 29
21, 29.2
21, 29.4
21, 29.6
21, 29.8
21, 30
21, 30.2
21, 30.4
21, 30.6
21, 30.8
21, 31
21, 31.2
21, 31.4
21, 31.6
21, 31.8
21, 32
21, 32.2
21, 32.4
21, 32.6
21, 32.8
21, 33
21, 33.2
21, 33.4
21, 33.6
21, 33.8
21, 34
21, 34.2
21, 34.4
21, 34.6
21, 34.8
21, 35
21, 35.2
21, 35.4
21, 35.6
21, 35.8
21, 36
21, 36.2
21, 36.4
21, 36.6
21, 36.8
21, 37
21, 37.2
21, 37.4
21, 37.6
21, 37.8
21, 38
21, 38.2
21, 38.4
21, 38.6
21, 38.8
21, 39
21, 39.2
21, 39.4
21, 39.6
21, 39.8
21, 40
21, 40.2
21, 40.4
21, 40.6
21, 40.8
21, 41
21, 41.2
21, 41.4
21, 41.6
21, 41.8
21, 42
21, 42.2
21, 42.4
21, 42.6
21, 42.8
21, 43
21, 43.2
21, 43.4
21, 43.6
21, 43.8
21, 44
21, 44.2
21, 44.4
21, 44.6
21, 44.8
21, 45
21, 45.2
21, 45.4
21, 45.6
21, 45.8
21, 46
21, 46.2
21, 46.4
21, 46.6
21, 46.8
21, 47
21, 47.2
21, 47.4
21, 47.6
21, 47.8
21, 48
21, 48.2
21, 48.4
21, 48.6
21, 48.8
21, 49
21, 49.2
21, 49.4
21, 49.6
21, 49.8
21, 50
21.2, 0.2
21.2, 0.4
21.2, 0.6
21.2, 0.8
21.2, 1
21.2, 1.2
21.2, 1.4
21.2, 1.6
21.2, 1.8
21.2, 2
21.2, 2.2
21.2, 2.4
21.2, 2.6
21.2, 2.8
21.2, 3
21.2, 3.2
21.2, 3.4
21.2, 3.6
21.2, 3.8
21.2, 4
21.2, 4.2
21.2, 4.4
21.2, 4.6
21.2, 4.8
21.2, 5
21.2, 5.2
21.2, 5.4
21.2, 5.6
21.2, 5.8
21.2, 6
21.2, 6.2
21.2, 6.4
21.2, 6.6
21.2, 6.8
21.2, 7
21.2, 7.2
21.2, 7.4
21.2, 7.6
21.2, 7.8
21.2, 8
21.2, 8.2
21.2, 8.4
21.2, 8.6
21.2, 8.8
21.2, 9
21.2, 9.2
21.2, 9.4
21.2, 9.6
21.2, 9.8
21.2, 10
21.2, 10.2
21.2, 10.4
21.2, 10.6
21.2, 10.8
21.2, 11
21.2, 11.2
21.2, 11.4
21.2, 11.6
21.2, 11.8
21.2, 12
21.2, 12.2
21.2, 12.4
21.2, 12.6
21.2, 12.8
21.2, 13
21.2, 13.2
21.2, 13.4
21.2, 13.6
21.2, 13.8
21.2, 14
21.2, 14.2
21.2, 14.4
21.2, 14.6
21.2, 14.8
21.2, 15
21.2, 15.2
21.2, 15.4
21.2, 15.6
21.2, 15.8
21.2, 16
21.2, 16.2
21.2, 16.4
21.2, 16.6
21.2, 16.8
21.2, 17
21.2, 17.2
21.2, 17.4
21.2, 17.6
21.2, 17.8
21.2, 18
21.2, 18.2
21.2, 18.4
21.2, 18.6
21.2, 18.8
21.2, 19
21.2, 19.2
21.2, 19.4
21.2, 19.6
21.2, 19.8
21.2, 20
21.2, 20.2
21.2, 20.4
21.2, 20.6
21.2, 20.8
21.2, 21
21.2, 21.2
21.2, 21.4
21.2, 21.6
21.2, 21.8
21.2, 22
21.2, 22.2
21.2, 22.4
21.2, 22.6
21.2, 22.8
21.2, 23
21.2, 23.2
21.2, 23.4
21.2, 23.6
21.2, 23.8
21.2, 24
21.2, 24.2
21.2, 24.4
21.2, 24.6
21.2, 24.8
21.2, 25
21.2, 25.2
21.2, 25.4
21.2, 25.6
21.2, 25.8
21.2, 26
21.2, 26.2
21.2, 26.4
21.2, 26.6
21.2, 26.8
21.2, 27
21.2, 27.2
21.2, 27.4
21.2, 27.6
21.2, 27.8
21.2, 28
21.2, 28.2
21.2, 28.4
21.2, 28.6
21.2, 28.8
21.2, 29
21.2, 29.2
21.2, 29.4
21.2, 29.6
21.2, 29.8
21.2, 30
21.2, 30.2
21.2, 30.4
21.2, 30.6
21.2, 30.8
21.2, 31
21.2, 31.2
21.2, 31.4
21.2, 31.6
21.2, 31.8
21.2, 32
21.2, 32.2
21.2, 32.4
21.2, 32.6
21.2, 32.8
21.2, 33
21.2, 33.2
21.2, 33.4
21.2, 33.6
21.2, 33.8
21.2, 34
21.2, 34.2
21.2, 34.4
21.2, 34.6
21.2, 34.8
21.2, 35
21.2, 35.2
21.2, 35.4
21.2, 35.6
21.2, 35.8
21.2, 36
21.2, 36.2
21.2, 36.4
21.2, 36.6
21.2, 36.8
21.2, 37
21.2, 37.2
21.2, 37.4
21.2, 37.6
21.2, 37.8
21.2, 38
21.2, 38.2
21.2, 38.4
21.2, 38.6
21.2, 38.8
21.2, 39
21.2, 39.2
21.2, 39.4
21.2, 39.6
21.2, 39.8
21.2, 40
21.2, 40.2
21.2, 40.4
21.2, 40.6
21.2, 40.8
21.2, 41
21.2, 41.2
21.2, 41.4
21.2, 41.6
21.2, 41.8
21.2, 42
21.2, 42.2
21.2, 42.4
21.2, 42.6
21.2, 42.8
21.2, 43
21.2, 43.2
21.2, 43.4
21.2, 43.6
21.2, 43.8
21.2, 44
21.2, 44.2
21.2, 44.4
21.2, 44.6
21.2, 44.8
21.2, 45
21.2, 45.2
21.2, 45.4
21.2, 45.6
21.2, 45.8
21.2, 46
21.2, 46.2
21.2, 46.4
21.2, 46.6
21.2, 46.8
21.2, 47
21.2, 47.2
21.2, 47.4
21.2, 47.6
21.2, 47.8
21.2, 48
21.2, 48.2
21.2, 48.4
21.2, 48.6
21.2, 48.8
21.2, 49
21.2, 49.2
21.2, 49.4
21.2, 49.6
21.2, 49.8
21.2, 50
21.4, 0.2
21.4, 0.4
21.4, 0.6
21.4, 0.8
21.4, 1
21.4, 1.2
21.4, 1.4
21.4, 1.6
21.4, 1.8
21.4, 2
21.4, 2.2
21.4, 2.4
21.4, 2.6
21.4, 2.8
21.4, 3
21.4, 3.2
21.4, 3.4
21.4, 3.6
21.4, 3.8
21.4, 4
21.4, 4.2
21.4, 4.4
21.4, 4.6
21.4, 4.8
21.4, 5
21.4, 5.2
21.4, 5.4
21.4, 5.6
21.4, 5.8
21.4, 6
21.4, 6.2
21.4, 6.4
21.4, 6.6
21.4, 6.8
21.4, 7
21.4, 7.2
21.4, 7.4
21.4, 7.6
21.4, 7.8
21.4, 8
21.4, 8.2
21.4, 8.4
21.4, 8.6
21.4, 8.8
21.4, 9
21.4, 9.2
21.4, 9.4
21.4, 9.6
21.4, 9.8
21.4, 10
21.4, 10.2
21.4, 10.4
21.4, 10.6
21.4, 10.8
21.4, 11
21.4, 11.2
21.4, 11.4
21.4, 11.6
21.4, 11.8
21.4, 12
21.4, 12.2
21.4, 12.4
21.4, 12.6
21.4, 12.8
21.4, 13
21.4, 13.2
21.4, 13.4
21.4, 13.6
21.4, 13.8
21.4, 14
21.4, 14.2
21.4, 14.4
21.4, 14.6
21.4, 14.8
21.4, 15
21.4, 15.2
21.4, 15.4
21.4, 15.6
21.4, 15.8
21.4, 16
21.4, 16.2
21.4, 16.4
21.4, 16.6
21.4, 16.8
21.4, 17
21.4, 17.2
21.4, 17.4
21.4, 17.6
21.4, 17.8
21.4, 18
21.4, 18.2
21.4, 18.4
21.4, 18.6
21.4, 18.8
21.4, 19
21.4, 19.2
21.4, 19.4
21.4, 19.6
21.4, 19.8
21.4, 20
21.4, 20.2
21.4, 20.4
21.4, 20.6
21.4, 20.8
21.4, 21
21.4, 21.2
21.4, 21.4
21.4, 21.6
21.4, 21.8
21.4, 22
21.4, 22.2
21.4, 22.4
21.4, 22.6
21.4, 22.8
21.4, 23
21.4, 23.2
21.4, 23.4
21.4, 23.6
21.4, 23.8
21.4, 24
21.4, 24.2
21.4, 24.4
21.4, 24.6
21.4, 24.8
21.4, 25
21.4, 25.2
21.4, 25.4
21.4, 25.6
21.4, 25.8
21.4, 26
21.4, 26.2
21.4, 26.4
21.4, 26.6
21.4, 26.8
21.4, 27
21.4, 27.2
21.4, 27.4
21.4, 27.6
21.4, 27.8
21.4, 28
21.4, 28.2
21.4, 28.4
21.4, 28.6
21.4, 28.8
21.4, 29
21.4, 29.2
21.4, 29.4
21.4, 29.6
21.4, 29.8
21.4, 30
21.4, 30.2
21.4, 30.4
21.4, 30.6
21.4, 30.8
21.4, 31
21.4, 31.2
21.4, 31.4
21.4, 31.6
21.4, 31.8
21.4, 32
21.4, 32.2
21.4, 32.4
21.4, 32.6
21.4, 32.8
21.4, 33
21.4, 33.2
21.4, 33.4
21.4, 33.6
21.4, 33.8
21.4, 34
21.4, 34.2
21.4, 34.4
21.4, 34.6
21.4, 34.8
21.4, 35
21.4, 35.2
21.4, 35.4
21.4, 35.6
21.4, 35.8
21.4, 36
21.4, 36.2
21.4, 36.4
21.4, 36.6
21.4, 36.8
21.4, 37
21.4, 37.2
21.4, 37.4
21.4, 37.6
21.4, 37.8
21.4, 38
21.4, 38.2
21.4, 38.4
21.4, 38.6
21.4, 38.8
21.4, 39
21.4, 39.2
21.4, 39.4
21.4, 39.6
21.4, 39.8
21.4, 40
21.4, 40.2
21.4, 40.4
21.4, 40.6
21.4, 40.8
21.4, 41
21.4, 41.2
21.4, 41.4
21.4, 41.6
21.4, 41.8
21.4, 42
21.4, 42.2
21.4, 42.4
21.4, 42.6
21.4, 42.8
21.4, 43
21.4, 43.2
21.4, 43.4
21.4, 43.6
21.4, 43.8
21.4, 44
21.4, 44.2
21.4, 44.4
21.4, 44.6
21.4, 44.8
21.4, 45
21.4, 45.2
21.4, 45.4
21.4, 45.6
21.4, 45.8
21.4, 46
21.4, 46.2
21.4, 46.4
21.4, 46.6
21.4, 46.8
21.4, 47
21.4, 47.2
21.4, 47.4
21.4, 47.6
21.4, 47.8
21.4, 48
21.4, 48.2
21.4, 48.4
21.4, 48.6
21.4, 48.8
21.4, 49
21.4, 49.2
21.4, 49.4
21.4, 49.6
21.4, 49.8
21.4, 50
21.6, 0.2
21.6, 0.4
21.6, 0.6
21.6, 0.8
21.6, 1
21.6, 1.2
21.6, 1.4
21.6, 1.6
21.6, 1.8
21.6, 2
21.6, 2.2
21.6, 2.4
21.6, 2.6
21.6, 2.8
21.6, 3
21.6, 3.2
21.6, 3.4
21.6, 3.6
21.6, 3.8
21.6, 4
21.6, 4.2
21.6, 4.4
21.6, 4.6
21.6, 4.8
21.6, 5
21.6, 5.2
21.6, 5.4
21.6, 5.6
21.6, 5.8
21.6, 6
21.6, 6.2
21.6, 6.4
21.6, 6.6
21.6, 6.8
21.6, 7
21.6, 7.2
21.6, 7.4
21.6, 7.6
21.6, 7.8
21.6, 8
21.6, 8.2
21.6, 8.4
21.6, 8.6
21.6, 8.8
21.6, 9
21.6, 9.2
21.6, 9.4
21.6, 9.6
21.6, 9.8
21.6, 10
21.6, 10.2
21.6, 10.4
21.6, 10.6
21.6, 10.8
21.6, 11
21.6, 11.2
21.6, 11.4
21.6, 11.6
21.6, 11.8
21.6, 12
21.6, 12.2
21.6, 12.4
21.6, 12.6
21.6, 12.8
21.6, 13
21.6, 13.2
21.6, 13.4
21.6, 13.6
21.6, 13.8
21.6, 14
21.6, 14.2
21.6, 14.4
21.6, 14.6
21.6, 14.8
21.6, 15
21.6, 15.2
21.6, 15.4
21.6, 15.6
21.6, 15.8
21.6, 16
21.6, 16.2
21.6, 16.4
21.6, 16.6
21.6, 16.8
21.6, 17
21.6, 17.2
21.6, 17.4
21.6, 17.6
21.6, 17.8
21.6, 18
21.6, 18.2
21.6, 18.4
21.6, 18.6
21.6, 18.8
21.6, 19
21.6, 19.2
21.6, 19.4
21.6, 19.6
21.6, 19.8
21.6, 20
21.6, 20.2
21.6, 20.4
21.6, 20.6
21.6, 20.8
21.6, 21
21.6, 21.2
21.6, 21.4
21.6, 21.6
21.6, 21.8
21.6, 22
21.6, 22.2
21.6, 22.4
21.6, 22.6
21.6, 22.8
21.6, 23
21.6, 23.2
21.6, 23.4
21.6, 23.6
21.6, 23.8
21.6, 24
21.6, 24.2
21.6, 24.4
21.6, 24.6
21.6, 24.8
21.6, 25
21.6, 25.2
21.6, 25.4
21.6, 25.6
21.6, 25.8
21.6, 26
21.6, 26.2
21.6, 26.4
21.6, 26.6
21.6, 26.8
21.6, 27
21.6, 27.2
21.6, 27.4
21.6, 27.6
21.6, 27.8
21.6, 28
21.6, 28.2
21.6, 28.4
21.6, 28.6
21.6, 28.8
21.6, 29
21.6, 29.2
21.6, 29.4
21.6, 29.6
21.6, 29.8
21.6, 30
21.6, 30.2
21.6, 30.4
21.6, 30.6
21.6, 30.8
21.6, 31
21.6, 31.2
21.6, 31.4
21.6, 31.6
21.6, 31.8
21.6, 32
21.6, 32.2
21.6, 32.4
21.6, 32.6
21.6, 32.8
21.6, 33
21.6, 33.2
21.6, 33.4
21.6, 33.6
21.6, 33.8
21.6, 34
21.6, 34.2
21.6, 34.4
21.6, 34.6
21.6, 34.8
21.6, 35
21.6, 35.2
21.6, 35.4
21.6, 35.6
21.6, 35.8
21.6, 36
21.6, 36.2
21.6, 36.4
21.6, 36.6
21.6, 36.8
21.6, 37
21.6, 37.2
21.6, 37.4
21.6, 37.6
21.6, 37.8
21.6, 38
21.6, 38.2
21.6, 38.4
21.6, 38.6
21.6, 38.8
21.6, 39
21.6, 39.2
21.6, 39.4
21.6, 39.6
21.6, 39.8
21.6, 40
21.6, 40.2
21.6, 40.4
21.6, 40.6
21.6, 40.8
21.6, 41
21.6, 41.2
21.6, 41.4
21.6, 41.6
21.6, 41.8
21.6, 42
21.6, 42.2
21.6, 42.4
21.6, 42.6
21.6, 42.8
21.6, 43
21.6, 43.2
21.6, 43.4
21.6, 43.6
21.6, 43.8
21.6, 44
21.6, 44.2
21.6, 44.4
21.6, 44.6
21.6, 44.8
21.6, 45
21.6, 45.2
21.6, 45.4
21.6, 45.6
21.6, 45.8
21.6, 46
21.6, 46.2
21.6, 46.4
21.6, 46.6
21.6, 46.8
21.6, 47
21.6, 47.2
21.6, 47.4
21.6, 47.6
21.6, 47.8
21.6, 48
21.6, 48.2
21.6, 48.4
21.6, 48.6
21.6, 48.8
21.6, 49
21.6, 49.2
21.6, 49.4
21.6, 49.6
21.6, 49.8
21.6, 50
21.8, 0.2
21.8, 0.4
21.8, 0.6
21.8, 0.8
21.8, 1
21.8, 1.2
21.8, 1.4
21.8, 1.6
21.8, 1.8
21.8, 2
21.8, 2.2
21.8, 2.4
21.8, 2.6
21.8, 2.8
21.8, 3
21.8, 3.2
21.8, 3.4
21.8, 3.6
21.8, 3.8
21.8, 4
21.8, 4.2
21.8, 4.4
21.8, 4.6
21.8, 4.8
21.8, 5
21.8, 5.2
21.8, 5.4
21.8, 5.6
21.8, 5.8
21.8, 6
21.8, 6.2
21.8, 6.4
21.8, 6.6
21.8, 6.8
21.8, 7
21.8, 7.2
21.8, 7.4
21.8, 7.6
21.8, 7.8
21.8, 8
21.8, 8.2
21.8, 8.4
21.8, 8.6
21.8, 8.8
21.8, 9
21.8, 9.2
21.8, 9.4
21.8, 9.6
21.8, 9.8
21.8, 10
21.8, 10.2
21.8, 10.4
21.8, 10.6
21.8, 10.8
21.8, 11
21.8, 11.2
21.8, 11.4
21.8, 11.6
21.8, 11.8
21.8, 12
21.8, 12.2
21.8, 12.4
21.8, 12.6
21.8, 12.8
21.8, 13
21.8, 13.2
21.8, 13.4
21.8, 13.6
21.8, 13.8
21.8, 14
21.8, 14.2
21.8, 14.4
21.8, 14.6
21.8, 14.8
21.8, 15
21.8, 15.2
21.8, 15.4
21.8, 15.6
21.8, 15.8
21.8, 16
21.8, 16.2
21.8, 16.4
21.8, 16.6
21.8, 16.8
21.8, 17
21.8, 17.2
21.8, 17.4
21.8, 17.6
21.8, 17.8
21.8, 18
21.8, 18.2
21.8, 18.4
21.8, 18.6
21.8, 18.8
21.8, 19
21.8, 19.2
21.8, 19.4
21.8, 19.6
21.8, 19.8
21.8, 20
21.8, 20.2
21.8, 20.4
21.8, 20.6
21.8, 20.8
21.8, 21
21.8, 21.2
21.8, 21.4
21.8, 21.6
21.8, 21.8
21.8, 22
21.8, 22.2
21.8, 22.4
21.8, 22.6
21.8, 22.8
21.8, 23
21.8, 23.2
21.8, 23.4
21.8, 23.6
21.8, 23.8
21.8, 24
21.8, 24.2
21.8, 24.4
21.8, 24.6
21.8, 24.8
21.8, 25
21.8, 25.2
21.8, 25.4
21.8, 25.6
21.8, 25.8
21.8, 26
21.8, 26.2
21.8, 26.4
21.8, 26.6
21.8, 26.8
21.8, 27
21.8, 27.2
21.8, 27.4
21.8, 27.6
21.8, 27.8
21.8, 28
21.8, 28.2
21.8, 28.4
21.8, 28.6
21.8, 28.8
21.8, 29
21.8, 29.2
21.8, 29.4
21.8, 29.6
21.8, 29.8
21.8, 30
21.8, 30.2
21.8, 30.4
21.8, 30.6
21.8, 30.8
21.8, 31
21.8, 31.2
21.8, 31.4
21.8, 31.6
21.8, 31.8
21.8, 32
21.8, 32.2
21.8, 32.4
21.8, 32.6
21.8, 32.8
21.8, 33
21.8, 33.2
21.8, 33.4
21.8, 33.6
21.8, 33.8
21.8, 34
21.8, 34.2
21.8, 34.4
21.8, 34.6
21.8, 34.8
21.8, 35
21.8, 35.2
21.8, 35.4
21.8, 35.6
21.8, 35.8
21.8, 36
21.8, 36.2
21.8, 36.4
21.8, 36.6
21.8, 36.8
21.8, 37
21.8, 37.2
21.8, 37.4
21.8, 37.6
21.8, 37.8
21.8, 38
21.8, 38.2
21.8, 38.4
21.8, 38.6
21.8, 38.8
21.8, 39
21.8, 39.2
21.8, 39.4
21.8, 39.6
21.8, 39.8
21.8, 40
21.8, 40.2
21.8, 40.4
21.8, 40.6
21.8, 40.8
21.8, 41
21.8, 41.2
21.8, 41.4
21.8, 41.6
21.8, 41.8
21.8, 42
21.8, 42.2
21.8, 42.4
21.8, 42.6
21.8, 42.8
21.8, 43
21.8, 43.2
21.8, 43.4
21.8, 43.6
21.8, 43.8
21.8, 44
21.8, 44.2
21.8, 44.4
21.8, 44.6
21.8, 44.8
21.8, 45
21.8, 45.2
21.8, 45.4
21.8, 45.6
21.8, 45.8
21.8, 46
21.8, 46.2
21.8, 46.4
21.8, 46.6
21.8, 46.8
21.8, 47
21.8, 47.2
21.8, 47.4
21.8, 47.6
21.8, 47.8
21.8, 48
21.8, 48.2
21.8, 48.4
21.8, 48.6
21.8, 48.8
21.8, 49
21.8, 49.2
21.8, 49.4
21.8, 49.6
21.8, 49.8
21.8, 50
22, 0.2
22, 0.4
22, 0.6
22, 0.8
22, 1
22, 1.2
22, 1.4
22, 1.6
22, 1.8
22, 2
22, 2.2
22, 2.4
22, 2.6
22, 2.8
22, 3
22, 3.2
22, 3.4
22, 3.6
22, 3.8
22, 4
22, 4.2
22, 4.4
22, 4.6
22, 4.8
22, 5
22, 5.2
22, 5.4
22, 5.6
22, 5.8
22, 6
22, 6.2
22, 6.4
22, 6.6
22, 6.8
22, 7
22, 7.2
22, 7.4
22, 7.6
22, 7.8
22, 8
22, 8.2
22, 8.4
22, 8.6
22, 8.8
22, 9
22, 9.2
22, 9.4
22, 9.6
22, 9.8
22, 10
22, 10.2
22, 10.4
22, 10.6
22, 10.8
22, 11
22, 11.2
22, 11.4
22, 11.6
22, 11.8
22, 12
22, 12.2
22, 12.4
22, 12.6
22, 12.8
22, 13
22, 13.2
22, 13.4
22, 13.6
22, 13.8
22, 14
22, 14.2
22, 14.4
22, 14.6
22, 14.8
22, 15
22, 15.2
22, 15.4
22, 15.6
22, 15.8
22, 16
22, 16.2
22, 16.4
22, 16.6
22, 16.8
22, 17
22, 17.2
22, 17.4
22, 17.6
22, 17.8
22, 18
22, 18.2
22, 18.4
22, 18.6
22, 18.8
22, 19
22, 19.2
22, 19.4
22, 19.6
22, 19.8
22, 20
22, 20.2
22, 20.4
22, 20.6
22, 20.8
22, 21
22, 21.2
22, 21.4
22, 21.6
22, 21.8
22, 22
22, 22.2
22, 22.4
22, 22.6
22, 22.8
22, 23
22, 23.2
22, 23.4
22, 23.6
22, 23.8
22, 24
22, 24.2
22, 24.4
22, 24.6
22, 24.8
22, 25
22, 25.2
22, 25.4
22, 25.6
22, 25.8
22, 26
22, 26.2
22, 26.4
22, 26.6
22, 26.8
22, 27
22, 27.2
22, 27.4
22, 27.6
22, 27.8
22, 28
22, 28.2
22, 28.4
22, 28.6
22, 28.8
22, 29
22, 29.2
22, 29.4
22, 29.6
22, 29.8
22, 30
22, 30.2
22, 30.4
22, 30.6
22, 30.8
22, 31
22, 31.2
22, 31.4
22, 31.6
22, 31.8
22, 32
22, 32.2
22, 32.4
22, 32.6
22, 32.8
22, 33
22, 33.2
22, 33.4
22, 33.6
22, 33.8
22, 34
22, 34.2
22, 34.4
22, 34.6
22, 34.8
22, 35
22, 35.2
22, 35.4
22, 35.6
22, 35.8
22, 36
22, 36.2
22, 36.4
22, 36.6
22, 36.8
22, 37
22, 37.2
22, 37.4
22, 37.6
22, 37.8
22, 38
22, 38.2
22, 38.4
22, 38.6
22, 38.8
22, 39
22, 39.2
22, 39.4
22, 39.6
22, 39.8
22, 40
22, 40.2
22, 40.4
22, 40.6
22, 40.8
22, 41
22, 41.2
22, 41.4
22, 41.6
22, 41.8
22, 42
22, 42.2
22, 42.4
22, 42.6
22, 42.8
22, 43
22, 43.2
22, 43.4
22, 43.6
22, 43.8
22, 44
22, 44.2
22, 44.4
22, 44.6
22, 44.8
22, 45
22, 45.2
22, 45.4
22, 45.6
22, 45.8
22, 46
22, 46.2
22, 46.4
22, 46.6
22, 46.8
22, 47
22, 47.2
22, 47.4
22, 47.6
22, 47.8
22, 48
22, 48.2
22, 48.4
22, 48.6
22, 48.8
22, 49
22, 49.2
22, 49.4
22, 49.6
22, 49.8
22, 50
22.2, 0.2
22.2, 0.4
22.2, 0.6
22.2, 0.8
22.2, 1
22.2, 1.2
22.2, 1.4
22.2, 1.6
22.2, 1.8
22.2, 2
22.2, 2.2
22.2, 2.4
22.2, 2.6
22.2, 2.8
22.2, 3
22.2, 3.2
22.2, 3.4
22.2, 3.6
22.2, 3.8
22.2, 4
22.2, 4.2
22.2, 4.4
22.2, 4.6
22.2, 4.8
22.2, 5
22.2, 5.2
22.2, 5.4
22.2, 5.6
22.2, 5.8
22.2, 6
22.2, 6.2
22.2, 6.4
22.2, 6.6
22.2, 6.8
22.2, 7
22.2, 7.2
22.2, 7.4
22.2, 7.6
22.2, 7.8
22.2, 8
22.2, 8.2
22.2, 8.4
22.2, 8.6
22.2, 8.8
22.2, 9
22.2, 9.2
22.2, 9.4
22.2, 9.6
22.2, 9.8
22.2, 10
22.2, 10.2
22.2, 10.4
22.2, 10.6
22.2, 10.8
22.2, 11
22.2, 11.2
22.2, 11.4
22.2, 11.6
22.2, 11.8
22.2, 12
22.2, 12.2
22.2, 12.4
22.2, 12.6
22.2, 12.8
22.2, 13
22.2, 13.2
22.2, 13.4
22.2, 13.6
22.2, 13.8
22.2, 14
22.2, 14.2
22.2, 14.4
22.2, 14.6
22.2, 14.8
22.2, 15
22.2, 15.2
22.2, 15.4
22.2, 15.6
22.2, 15.8
22.2, 16
22.2, 16.2
22.2, 16.4
22.2, 16.6
22.2, 16.8
22.2, 17
22.2, 17.2
22.2, 17.4
22.2, 17.6
22.2, 17.8
22.2, 18
22.2, 18.2
22.2, 18.4
22.2, 18.6
22.2, 18.8
22.2, 19
22.2, 19.2
22.2, 19.4
22.2, 19.6
22.2, 19.8
22.2, 20
22.2, 20.2
22.2, 20.4
22.2, 20.6
22.2, 20.8
22.2, 21
22.2, 21.2
22.2, 21.4
22.2, 21.6
22.2, 21.8
22.2, 22
22.2, 22.2
22.2, 22.4
22.2, 22.6
22.2, 22.8
22.2, 23
22.2, 23.2
22.2, 23.4
22.2, 23.6
22.2, 23.8
22.2, 24
22.2, 24.2
22.2, 24.4
22.2, 24.6
22.2, 24.8
22.2, 25
22.2, 25.2
22.2, 25.4
22.2, 25.6
22.2, 25.8
22.2, 26
22.2, 26.2
22.2, 26.4
22.2, 26.6
22.2, 26.8
22.2, 27
22.2, 27.2
22.2, 27.4
22.2, 27.6
22.2, 27.8
22.2, 28
22.2, 28.2
22.2, 28.4
22.2, 28.6
22.2, 28.8
22.2, 29
22.2, 29.2
22.2, 29.4
22.2, 29.6
22.2, 29.8
22.2, 30
22.2, 30.2
22.2, 30.4
22.2, 30.6
22.2, 30.8
22.2, 31
22.2, 31.2
22.2, 31.4
22.2, 31.6
22.2, 31.8
22.2, 32
22.2, 32.2
22.2, 32.4
22.2, 32.6
22.2, 32.8
22.2, 33
22.2, 33.2
22.2, 33.4
22.2, 33.6
22.2, 33.8
22.2, 34
22.2, 34.2
22.2, 34.4
22.2, 34.6
22.2, 34.8
22.2, 35
22.2, 35.2
22.2, 35.4
22.2, 35.6
22.2, 35.8
22.2, 36
22.2, 36.2
22.2, 36.4
22.2, 36.6
22.2, 36.8
22.2, 37
22.2, 37.2
22.2, 37.4
22.2, 37.6
22.2, 37.8
22.2, 38
22.2, 38.2
22.2, 38.4
22.2, 38.6
22.2, 38.8
22.2, 39
22.2, 39.2
22.2, 39.4
22.2, 39.6
22.2, 39.8
22.2, 40
22.2, 40.2
22.2, 40.4
22.2, 40.6
22.2, 40.8
22.2, 41
22.2, 41.2
22.2, 41.4
22.2, 41.6
22.2, 41.8
22.2, 42
22.2, 42.2
22.2, 42.4
22.2, 42.6
22.2, 42.8
22.2, 43
22.2, 43.2
22.2, 43.4
22.2, 43.6
22.2, 43.8
22.2, 44
22.2, 44.2
22.2, 44.4
22.2, 44.6
22.2, 44.8
22.2, 45
22.2, 45.2
22.2, 45.4
22.2, 45.6
22.2, 45.8
22.2, 46
22.2, 46.2
22.2, 46.4
22.2, 46.6
22.2, 46.8
22.2, 47
22.2, 47.2
22.2, 47.4
22.2, 47.6
22.2, 47.8
22.2, 48
22.2, 48.2
22.2, 48.4
22.2, 48.6
22.2, 48.8
22.2, 49
22.2, 49.2
22.2, 49.4
22.2, 49.6
22.2, 49.8
22.2, 50
22.4, 0.2
22.4, 0.4
22.4, 0.6
22.4, 0.8
22.4, 1
22.4, 1.2
22.4, 1.4
22.4, 1.6
22.4, 1.8
22.4, 2
22.4, 2.2
22.4, 2.4
22.4, 2.6
22.4, 2.8
22.4, 3
22.4, 3.2
22.4, 3.4
22.4, 3.6
22.4, 3.8
22.4, 4
22.4, 4.2
22.4, 4.4
22.4, 4.6
22.4, 4.8
22.4, 5
22.4, 5.2
22.4, 5.4
22.4, 5.6
22.4, 5.8
22.4, 6
22.4, 6.2
22.4, 6.4
22.4, 6.6
22.4, 6.8
22.4, 7
22.4, 7.2
22.4, 7.4
22.4, 7.6
22.4, 7.8
22.4, 8
22.4, 8.2
22.4, 8.4
22.4, 8.6
22.4, 8.8
22.4, 9
22.4, 9.2
22.4, 9.4
22.4, 9.6
22.4, 9.8
22.4, 10
22.4, 10.2
22.4, 10.4
22.4, 10.6
22.4, 10.8
22.4, 11
22.4, 11.2
22.4, 11.4
22.4, 11.6
22.4, 11.8
22.4, 12
22.4, 12.2
22.4, 12.4
22.4, 12.6
22.4, 12.8
22.4, 13
22.4, 13.2
22.4, 13.4
22.4, 13.6
22.4, 13.8
22.4, 14
22.4, 14.2
22.4, 14.4
22.4, 14.6
22.4, 14.8
22.4, 15
22.4, 15.2
22.4, 15.4
22.4, 15.6
22.4, 15.8
22.4, 16
22.4, 16.2
22.4, 16.4
22.4, 16.6
22.4, 16.8
22.4, 17
22.4, 17.2
22.4, 17.4
22.4, 17.6
22.4, 17.8
22.4, 18
22.4, 18.2
22.4, 18.4
22.4, 18.6
22.4, 18.8
22.4, 19
22.4, 19.2
22.4, 19.4
22.4, 19.6
22.4, 19.8
22.4, 20
22.4, 20.2
22.4, 20.4
22.4, 20.6
22.4, 20.8
22.4, 21
22.4, 21.2
22.4, 21.4
22.4, 21.6
22.4, 21.8
22.4, 22
22.4, 22.2
22.4, 22.4
22.4, 22.6
22.4, 22.8
22.4, 23
22.4, 23.2
22.4, 23.4
22.4, 23.6
22.4, 23.8
22.4, 24
22.4, 24.2
22.4, 24.4
22.4, 24.6
22.4, 24.8
22.4, 25
22.4, 25.2
22.4, 25.4
22.4, 25.6
22.4, 25.8
22.4, 26
22.4, 26.2
22.4, 26.4
22.4, 26.6
22.4, 26.8
22.4, 27
22.4, 27.2
22.4, 27.4
22.4, 27.6
22.4, 27.8
22.4, 28
22.4, 28.2
22.4, 28.4
22.4, 28.6
22.4, 28.8
22.4, 29
22.4, 29.2
22.4, 29.4
22.4, 29.6
22.4, 29.8
22.4, 30
22.4, 30.2
22.4, 30.4
22.4, 30.6
22.4, 30.8
22.4, 31
22.4, 31.2
22.4, 31.4
22.4, 31.6
22.4, 31.8
22.4, 32
22.4, 32.2
22.4, 32.4
22.4, 32.6
22.4, 32.8
22.4, 33
22.4, 33.2
22.4, 33.4
22.4, 33.6
22.4, 33.8
22.4, 34
22.4, 34.2
22.4, 34.4
22.4, 34.6
22.4, 34.8
22.4, 35
22.4, 35.2
22.4, 35.4
22.4, 35.6
22.4, 35.8
22.4, 36
22.4, 36.2
22.4, 36.4
22.4, 36.6
22.4, 36.8
22.4, 37
22.4, 37.2
22.4, 37.4
22.4, 37.6
22.4, 37.8
22.4, 38
22.4, 38.2
22.4, 38.4
22.4, 38.6
22.4, 38.8
22.4, 39
22.4, 39.2
22.4, 39.4
22.4, 39.6
22.4, 39.8
22.4, 40
22.4, 40.2
22.4, 40.4
22.4, 40.6
22.4, 40.8
22.4, 41
22.4, 41.2
22.4, 41.4
22.4, 41.6
22.4, 41.8
22.4, 42
22.4, 42.2
22.4, 42.4
22.4, 42.6
22.4, 42.8
22.4, 43
22.4, 43.2
22.4, 43.4
22.4, 43.6
22.4, 43.8
22.4, 44
22.4, 44.2
22.4, 44.4
22.4, 44.6
22.4, 44.8
22.4, 45
22.4, 45.2
22.4, 45.4
22.4, 45.6
22.4, 45.8
22.4, 46
22.4, 46.2
22.4, 46.4
22.4, 46.6
22.4, 46.8
22.4, 47
22.4, 47.2
22.4, 47.4
22.4, 47.6
22.4, 47.8
22.4, 48
22.4, 48.2
22.4, 48.4
22.4, 48.6
22.4, 48.8
22.4, 49
22.4, 49.2
22.4, 49.4
22.4, 49.6
22.4, 49.8
22.4, 50
22.6, 0.2
22.6, 0.4
22.6, 0.6
22.6, 0.8
22.6, 1
22.6, 1.2
22.6, 1.4
22.6, 1.6
22.6, 1.8
22.6, 2
22.6, 2.2
22.6, 2.4
22.6, 2.6
22.6, 2.8
22.6, 3
22.6, 3.2
22.6, 3.4
22.6, 3.6
22.6, 3.8
22.6, 4
22.6, 4.2
22.6, 4.4
22.6, 4.6
22.6, 4.8
22.6, 5
22.6, 5.2
22.6, 5.4
22.6, 5.6
22.6, 5.8
22.6, 6
22.6, 6.2
22.6, 6.4
22.6, 6.6
22.6, 6.8
22.6, 7
22.6, 7.2
22.6, 7.4
22.6, 7.6
22.6, 7.8
22.6, 8
22.6, 8.2
22.6, 8.4
22.6, 8.6
22.6, 8.8
22.6, 9
22.6, 9.2
22.6, 9.4
22.6, 9.6
22.6, 9.8
22.6, 10
22.6, 10.2
22.6, 10.4
22.6, 10.6
22.6, 10.8
22.6, 11
22.6, 11.2
22.6, 11.4
22.6, 11.6
22.6, 11.8
22.6, 12
22.6, 12.2
22.6, 12.4
22.6, 12.6
22.6, 12.8
22.6, 13
22.6, 13.2
22.6, 13.4
22.6, 13.6
22.6, 13.8
22.6, 14
22.6, 14.2
22.6, 14.4
22.6, 14.6
22.6, 14.8
22.6, 15
22.6, 15.2
22.6, 15.4
22.6, 15.6
22.6, 15.8
22.6, 16
22.6, 16.2
22.6, 16.4
22.6, 16.6
22.6, 16.8
22.6, 17
22.6, 17.2
22.6, 17.4
22.6, 17.6
22.6, 17.8
22.6, 18
22.6, 18.2
22.6, 18.4
22.6, 18.6
22.6, 18.8
22.6, 19
22.6, 19.2
22.6, 19.4
22.6, 19.6
22.6, 19.8
22.6, 20
22.6, 20.2
22.6, 20.4
22.6, 20.6
22.6, 20.8
22.6, 21
22.6, 21.2
22.6, 21.4
22.6, 21.6
22.6, 21.8
22.6, 22
22.6, 22.2
22.6, 22.4
22.6, 22.6
22.6, 22.8
22.6, 23
22.6, 23.2
22.6, 23.4
22.6, 23.6
22.6, 23.8
22.6, 24
22.6, 24.2
22.6, 24.4
22.6, 24.6
22.6, 24.8
22.6, 25
22.6, 25.2
22.6, 25.4
22.6, 25.6
22.6, 25.8
22.6, 26
22.6, 26.2
22.6, 26.4
22.6, 26.6
22.6, 26.8
22.6, 27
22.6, 27.2
22.6, 27.4
22.6, 27.6
22.6, 27.8
22.6, 28
22.6, 28.2
22.6, 28.4
22.6, 28.6
22.6, 28.8
22.6, 29
22.6, 29.2
22.6, 29.4
22.6, 29.6
22.6, 29.8
22.6, 30
22.6, 30.2
22.6, 30.4
22.6, 30.6
22.6, 30.8
22.6, 31
22.6, 31.2
22.6, 31.4
22.6, 31.6
22.6, 31.8
22.6, 32
22.6, 32.2
22.6, 32.4
22.6, 32.6
22.6, 32.8
22.6, 33
22.6, 33.2
22.6, 33.4
22.6, 33.6
22.6, 33.8
22.6, 34
22.6, 34.2
22.6, 34.4
22.6, 34.6
22.6, 34.8
22.6, 35
22.6, 35.2
22.6, 35.4
22.6, 35.6
22.6, 35.8
22.6, 36
22.6, 36.2
22.6, 36.4
22.6, 36.6
22.6, 36.8
22.6, 37
22.6, 37.2
22.6, 37.4
22.6, 37.6
22.6, 37.8
22.6, 38
22.6, 38.2
22.6, 38.4
22.6, 38.6
22.6, 38.8
22.6, 39
22.6, 39.2
22.6, 39.4
22.6, 39.6
22.6, 39.8
22.6, 40
22.6, 40.2
22.6, 40.4
22.6, 40.6
22.6, 40.8
22.6, 41
22.6, 41.2
22.6, 41.4
22.6, 41.6
22.6, 41.8
22.6, 42
22.6, 42.2
22.6, 42.4
22.6, 42.6
22.6, 42.8
22.6, 43
22.6, 43.2
22.6, 43.4
22.6, 43.6
22.6, 43.8
22.6, 44
22.6, 44.2
22.6, 44.4
22.6, 44.6
22.6, 44.8
22.6, 45
22.6, 45.2
22.6, 45.4
22.6, 45.6
22.6, 45.8
22.6, 46
22.6, 46.2
22.6, 46.4
22.6, 46.6
22.6, 46.8
22.6, 47
22.6, 47.2
22.6, 47.4
22.6, 47.6
22.6, 47.8
22.6, 48
22.6, 48.2
22.6, 48.4
22.6, 48.6
22.6, 48.8
22.6, 49
22.6, 49.2
22.6, 49.4
22.6, 49.6
22.6, 49.8
22.6, 50
22.8, 0.2
22.8, 0.4
22.8, 0.6
22.8, 0.8
22.8, 1
22.8, 1.2
22.8, 1.4
22.8, 1.6
22.8, 1.8
22.8, 2
22.8, 2.2
22.8, 2.4
22.8, 2.6
22.8, 2.8
22.8, 3
22.8, 3.2
22.8, 3.4
22.8, 3.6
22.8, 3.8
22.8, 4
22.8, 4.2
22.8, 4.4
22.8, 4.6
22.8, 4.8
22.8, 5
22.8, 5.2
22.8, 5.4
22.8, 5.6
22.8, 5.8
22.8, 6
22.8, 6.2
22.8, 6.4
22.8, 6.6
22.8, 6.8
22.8, 7
22.8, 7.2
22.8, 7.4
22.8, 7.6
22.8, 7.8
22.8, 8
22.8, 8.2
22.8, 8.4
22.8, 8.6
22.8, 8.8
22.8, 9
22.8, 9.2
22.8, 9.4
22.8, 9.6
22.8, 9.8
22.8, 10
22.8, 10.2
22.8, 10.4
22.8, 10.6
22.8, 10.8
22.8, 11
22.8, 11.2
22.8, 11.4
22.8, 11.6
22.8, 11.8
22.8, 12
22.8, 12.2
22.8, 12.4
22.8, 12.6
22.8, 12.8
22.8, 13
22.8, 13.2
22.8, 13.4
22.8, 13.6
22.8, 13.8
22.8, 14
22.8, 14.2
22.8, 14.4
22.8, 14.6
22.8, 14.8
22.8, 15
22.8, 15.2
22.8, 15.4
22.8, 15.6
22.8, 15.8
22.8, 16
22.8, 16.2
22.8, 16.4
22.8, 16.6
22.8, 16.8
22.8, 17
22.8, 17.2
22.8, 17.4
22.8, 17.6
22.8, 17.8
22.8, 18
22.8, 18.2
22.8, 18.4
22.8, 18.6
22.8, 18.8
22.8, 19
22.8, 19.2
22.8, 19.4
22.8, 19.6
22.8, 19.8
22.8, 20
22.8, 20.2
22.8, 20.4
22.8, 20.6
22.8, 20.8
22.8, 21
22.8, 21.2
22.8, 21.4
22.8, 21.6
22.8, 21.8
22.8, 22
22.8, 22.2
22.8, 22.4
22.8, 22.6
22.8, 22.8
22.8, 23
22.8, 23.2
22.8, 23.4
22.8, 23.6
22.8, 23.8
22.8, 24
22.8, 24.2
22.8, 24.4
22.8, 24.6
22.8, 24.8
22.8, 25
22.8, 25.2
22.8, 25.4
22.8, 25.6
22.8, 25.8
22.8, 26
22.8, 26.2
22.8, 26.4
22.8, 26.6
22.8, 26.8
22.8, 27
22.8, 27.2
22.8, 27.4
22.8, 27.6
22.8, 27.8
22.8, 28
22.8, 28.2
22.8, 28.4
22.8, 28.6
22.8, 28.8
22.8, 29
22.8, 29.2
22.8, 29.4
22.8, 29.6
22.8, 29.8
22.8, 30
22.8, 30.2
22.8, 30.4
22.8, 30.6
22.8, 30.8
22.8, 31
22.8, 31.2
22.8, 31.4
22.8, 31.6
22.8, 31.8
22.8, 32
22.8, 32.2
22.8, 32.4
22.8, 32.6
22.8, 32.8
22.8, 33
22.8, 33.2
22.8, 33.4
22.8, 33.6
22.8, 33.8
22.8, 34
22.8, 34.2
22.8, 34.4
22.8, 34.6
22.8, 34.8
22.8, 35
22.8, 35.2
22.8, 35.4
22.8, 35.6
22.8, 35.8
22.8, 36
22.8, 36.2
22.8, 36.4
22.8, 36.6
22.8, 36.8
22.8, 37
22.8, 37.2
22.8, 37.4
22.8, 37.6
22.8, 37.8
22.8, 38
22.8, 38.2
22.8, 38.4
22.8, 38.6
22.8, 38.8
22.8, 39
22.8, 39.2
22.8, 39.4
22.8, 39.6
22.8, 39.8
22.8, 40
22.8, 40.2
22.8, 40.4
22.8, 40.6
22.8, 40.8
22.8, 41
22.8, 41.2
22.8, 41.4
22.8, 41.6
22.8, 41.8
22.8, 42
22.8, 42.2
22.8, 42.4
22.8, 42.6
22.8, 42.8
22.8, 43
22.8, 43.2
22.8, 43.4
22.8, 43.6
22.8, 43.8
22.8, 44
22.8, 44.2
22.8, 44.4
22.8, 44.6
22.8, 44.8
22.8, 45
22.8, 45.2
22.8, 45.4
22.8, 45.6
22.8, 45.8
22.8, 46
22.8, 46.2
22.8, 46.4
22.8, 46.6
22.8, 46.8
22.8, 47
22.8, 47.2
22.8, 47.4
22.8, 47.6
22.8, 47.8
22.8, 48
22.8, 48.2
22.8, 48.4
22.8, 48.6
22.8, 48.8
22.8, 49
22.8, 49.2
22.8, 49.4
22.8, 49.6
22.8, 49.8
22.8, 50
23, 0.2
23, 0.4
23, 0.6
23, 0.8
23, 1
23, 1.2
23, 1.4
23, 1.6
23, 1.8
23, 2
23, 2.2
23, 2.4
23, 2.6
23, 2.8
23, 3
23, 3.2
23, 3.4
23, 3.6
23, 3.8
23, 4
23, 4.2
23, 4.4
23, 4.6
23, 4.8
23, 5
23, 5.2
23, 5.4
23, 5.6
23, 5.8
23, 6
23, 6.2
23, 6.4
23, 6.6
23, 6.8
23, 7
23, 7.2
23, 7.4
23, 7.6
23, 7.8
23, 8
23, 8.2
23, 8.4
23, 8.6
23, 8.8
23, 9
23, 9.2
23, 9.4
23, 9.6
23, 9.8
23, 10
23, 10.2
23, 10.4
23, 10.6
23, 10.8
23, 11
23, 11.2
23, 11.4
23, 11.6
23, 11.8
23, 12
23, 12.2
23, 12.4
23, 12.6
23, 12.8
23, 13
23, 13.2
23, 13.4
23, 13.6
23, 13.8
23, 14
23, 14.2
23, 14.4
23, 14.6
23, 14.8
23, 15
23, 15.2
23, 15.4
23, 15.6
23, 15.8
23, 16
23, 16.2
23, 16.4
23, 16.6
23, 16.8
23, 17
23, 17.2
23, 17.4
23, 17.6
23, 17.8
23, 18
23, 18.2
23, 18.4
23, 18.6
23, 18.8
23, 19
23, 19.2
23, 19.4
23, 19.6
23, 19.8
23, 20
23, 20.2
23, 20.4
23, 20.6
23, 20.8
23, 21
23, 21.2
23, 21.4
23, 21.6
23, 21.8
23, 22
23, 22.2
23, 22.4
23, 22.6
23, 22.8
23, 23
23, 23.2
23, 23.4
23, 23.6
23, 23.8
23, 24
23, 24.2
23, 24.4
23, 24.6
23, 24.8
23, 25
23, 25.2
23, 25.4
23, 25.6
23, 25.8
23, 26
23, 26.2
23, 26.4
23, 26.6
23, 26.8
23, 27
23, 27.2
23, 27.4
23, 27.6
23, 27.8
23, 28
23, 28.2
23, 28.4
23, 28.6
23, 28.8
23, 29
23, 29.2
23, 29.4
23, 29.6
23, 29.8
23, 30
23, 30.2
23, 30.4
23, 30.6
23, 30.8
23, 31
23, 31.2
23, 31.4
23, 31.6
23, 31.8
23, 32
23, 32.2
23, 32.4
23, 32.6
23, 32.8
23, 33
23, 33.2
23, 33.4
23, 33.6
23, 33.8
23, 34
23, 34.2
23, 34.4
23, 34.6
23, 34.8
23, 35
23, 35.2
23, 35.4
23, 35.6
23, 35.8
23, 36
23, 36.2
23, 36.4
23, 36.6
23, 36.8
23, 37
23, 37.2
23, 37.4
23, 37.6
23, 37.8
23, 38
23, 38.2
23, 38.4
23, 38.6
23, 38.8
23, 39
23, 39.2
23, 39.4
23, 39.6
23, 39.8
23, 40
23, 40.2
23, 40.4
23, 40.6
23, 40.8
23, 41
23, 41.2
23, 41.4
23, 41.6
23, 41.8
23, 42
23, 42.2
23, 42.4
23, 42.6
23, 42.8
23, 43
23, 43.2
23, 43.4
23, 43.6
23, 43.8
23, 44
23, 44.2
23, 44.4
23, 44.6
23, 44.8
23, 45
23, 45.2
23, 45.4
23, 45.6
23, 45.8
23, 46
23, 46.2
23, 46.4
23, 46.6
23, 46.8
23, 47
23, 47.2
23, 47.4
23, 47.6
23, 47.8
23, 48
23, 48.2
23, 48.4
23, 48.6
23, 48.8
23, 49
23, 49.2
23, 49.4
23, 49.6
23, 49.8
23, 50
23.2, 0.2
23.2, 0.4
23.2, 0.6
23.2, 0.8
23.2, 1
23.2, 1.2
23.2, 1.4
23.2, 1.6
23.2, 1.8
23.2, 2
23.2, 2.2
23.2, 2.4
23.2, 2.6
23.2, 2.8
23.2, 3
23.2, 3.2
23.2, 3.4
23.2, 3.6
23.2, 3.8
23.2, 4
23.2, 4.2
23.2, 4.4
23.2, 4.6
23.2, 4.8
23.2, 5
23.2, 5.2
23.2, 5.4
23.2, 5.6
23.2, 5.8
23.2, 6
23.2, 6.2
23.2, 6.4
23.2, 6.6
23.2, 6.8
23.2, 7
23.2, 7.2
23.2, 7.4
23.2, 7.6
23.2, 7.8
23.2, 8
23.2, 8.2
23.2, 8.4
23.2, 8.6
23.2, 8.8
23.2, 9
23.2, 9.2
23.2, 9.4
23.2, 9.6
23.2, 9.8
23.2, 10
23.2, 10.2
23.2, 10.4
23.2, 10.6
23.2, 10.8
23.2, 11
23.2, 11.2
23.2, 11.4
23.2, 11.6
23.2, 11.8
23.2, 12
23.2, 12.2
23.2, 12.4
23.2, 12.6
23.2, 12.8
23.2, 13
23.2, 13.2
23.2, 13.4
23.2, 13.6
23.2, 13.8
23.2, 14
23.2, 14.2
23.2, 14.4
23.2, 14.6
23.2, 14.8
23.2, 15
23.2, 15.2
23.2, 15.4
23.2, 15.6
23.2, 15.8
23.2, 16
23.2, 16.2
23.2, 16.4
23.2, 16.6
23.2, 16.8
23.2, 17
23.2, 17.2
23.2, 17.4
23.2, 17.6
23.2, 17.8
23.2, 18
23.2, 18.2
23.2, 18.4
23.2, 18.6
23.2, 18.8
23.2, 19
23.2, 19.2
23.2, 19.4
23.2, 19.6
23.2, 19.8
23.2, 20
23.2, 20.2
23.2, 20.4
23.2, 20.6
23.2, 20.8
23.2, 21
23.2, 21.2
23.2, 21.4
23.2, 21.6
23.2, 21.8
23.2, 22
23.2, 22.2
23.2, 22.4
23.2, 22.6
23.2, 22.8
23.2, 23
23.2, 23.2
23.2, 23.4
23.2, 23.6
23.2, 23.8
23.2, 24
23.2, 24.2
23.2, 24.4
23.2, 24.6
23.2, 24.8
23.2, 25
23.2, 25.2
23.2, 25.4
23.2, 25.6
23.2, 25.8
23.2, 26
23.2, 26.2
23.2, 26.4
23.2, 26.6
23.2, 26.8
23.2, 27
23.2, 27.2
23.2, 27.4
23.2, 27.6
23.2, 27.8
23.2, 28
23.2, 28.2
23.2, 28.4
23.2, 28.6
23.2, 28.8
23.2, 29
23.2, 29.2
23.2, 29.4
23.2, 29.6
23.2, 29.8
23.2, 30
23.2, 30.2
23.2, 30.4
23.2, 30.6
23.2, 30.8
23.2, 31
23.2, 31.2
23.2, 31.4
23.2, 31.6
23.2, 31.8
23.2, 32
23.2, 32.2
23.2, 32.4
23.2, 32.6
23.2, 32.8
23.2, 33
23.2, 33.2
23.2, 33.4
23.2, 33.6
23.2, 33.8
23.2, 34
23.2, 34.2
23.2, 34.4
23.2, 34.6
23.2, 34.8
23.2, 35
23.2, 35.2
23.2, 35.4
23.2, 35.6
23.2, 35.8
23.2, 36
23.2, 36.2
23.2, 36.4
23.2, 36.6
23.2, 36.8
23.2, 37
23.2, 37.2
23.2, 37.4
23.2, 37.6
23.2, 37.8
23.2, 38
23.2, 38.2
23.2, 38.4
23.2, 38.6
23.2, 38.8
23.2, 39
23.2, 39.2
23.2, 39.4
23.2, 39.6
23.2, 39.8
23.2, 40
23.2, 40.2
23.2, 40.4
23.2, 40.6
23.2, 40.8
23.2, 41
23.2, 41.2
23.2, 41.4
23.2, 41.6
23.2, 41.8
23.2, 42
23.2, 42.2
23.2, 42.4
23.2, 42.6
23.2, 42.8
23.2, 43
23.2, 43.2
23.2, 43.4
23.2, 43.6
23.2, 43.8
23.2, 44
23.2, 44.2
23.2, 44.4
23.2, 44.6
23.2, 44.8
23.2, 45
23.2, 45.2
23.2, 45.4
23.2, 45.6
23.2, 45.8
23.2, 46
23.2, 46.2
23.2, 46.4
23.2, 46.6
23.2, 46.8
23.2, 47
23.2, 47.2
23.2, 47.4
23.2, 47.6
23.2, 47.8
23.2, 48
23.2, 48.2
23.2, 48.4
23.2, 48.6
23.2, 48.8
23.2, 49
23.2, 49.2
23.2, 49.4
23.2, 49.6
23.2, 49.8
23.2, 50
23.4, 0.2
23.4, 0.4
23.4, 0.6
23.4, 0.8
23.4, 1
23.4, 1.2
23.4, 1.4
23.4, 1.6
23.4, 1.8
23.4, 2
23.4, 2.2
23.4, 2.4
23.4, 2.6
23.4, 2.8
23.4, 3
23.4, 3.2
23.4, 3.4
23.4, 3.6
23.4, 3.8
23.4, 4
23.4, 4.2
23.4, 4.4
23.4, 4.6
23.4, 4.8
23.4, 5
23.4, 5.2
23.4, 5.4
23.4, 5.6
23.4, 5.8
23.4, 6
23.4, 6.2
23.4, 6.4
23.4, 6.6
23.4, 6.8
23.4, 7
23.4, 7.2
23.4, 7.4
23.4, 7.6
23.4, 7.8
23.4, 8
23.4, 8.2
23.4, 8.4
23.4, 8.6
23.4, 8.8
23.4, 9
23.4, 9.2
23.4, 9.4
23.4, 9.6
23.4, 9.8
23.4, 10
23.4, 10.2
23.4, 10.4
23.4, 10.6
23.4, 10.8
23.4, 11
23.4, 11.2
23.4, 11.4
23.4, 11.6
23.4, 11.8
23.4, 12
23.4, 12.2
23.4, 12.4
23.4, 12.6
23.4, 12.8
23.4, 13
23.4, 13.2
23.4, 13.4
23.4, 13.6
23.4, 13.8
23.4, 14
23.4, 14.2
23.4, 14.4
23.4, 14.6
23.4, 14.8
23.4, 15
23.4, 15.2
23.4, 15.4
23.4, 15.6
23.4, 15.8
23.4, 16
23.4, 16.2
23.4, 16.4
23.4, 16.6
23.4, 16.8
23.4, 17
23.4, 17.2
23.4, 17.4
23.4, 17.6
23.4, 17.8
23.4, 18
23.4, 18.2
23.4, 18.4
23.4, 18.6
23.4, 18.8
23.4, 19
23.4, 19.2
23.4, 19.4
23.4, 19.6
23.4, 19.8
23.4, 20
23.4, 20.2
23.4, 20.4
23.4, 20.6
23.4, 20.8
23.4, 21
23.4, 21.2
23.4, 21.4
23.4, 21.6
23.4, 21.8
23.4, 22
23.4, 22.2
23.4, 22.4
23.4, 22.6
23.4, 22.8
23.4, 23
23.4, 23.2
23.4, 23.4
23.4, 23.6
23.4, 23.8
23.4, 24
23.4, 24.2
23.4, 24.4
23.4, 24.6
23.4, 24.8
23.4, 25
23.4, 25.2
23.4, 25.4
23.4, 25.6
23.4, 25.8
23.4, 26
23.4, 26.2
23.4, 26.4
23.4, 26.6
23.4, 26.8
23.4, 27
23.4, 27.2
23.4, 27.4
23.4, 27.6
23.4, 27.8
23.4, 28
23.4, 28.2
23.4, 28.4
23.4, 28.6
23.4, 28.8
23.4, 29
23.4, 29.2
23.4, 29.4
23.4, 29.6
23.4, 29.8
23.4, 30
23.4, 30.2
23.4, 30.4
23.4, 30.6
23.4, 30.8
23.4, 31
23.4, 31.2
23.4, 31.4
23.4, 31.6
23.4, 31.8
23.4, 32
23.4, 32.2
23.4, 32.4
23.4, 32.6
23.4, 32.8
23.4, 33
23.4, 33.2
23.4, 33.4
23.4, 33.6
23.4, 33.8
23.4, 34
23.4, 34.2
23.4, 34.4
23.4, 34.6
23.4, 34.8
23.4, 35
23.4, 35.2
23.4, 35.4
23.4, 35.6
23.4, 35.8
23.4, 36
23.4, 36.2
23.4, 36.4
23.4, 36.6
23.4, 36.8
23.4, 37
23.4, 37.2
23.4, 37.4
23.4, 37.6
23.4, 37.8
23.4, 38
23.4, 38.2
23.4, 38.4
23.4, 38.6
23.4, 38.8
23.4, 39
23.4, 39.2
23.4, 39.4
23.4, 39.6
23.4, 39.8
23.4, 40
23.4, 40.2
23.4, 40.4
23.4, 40.6
23.4, 40.8
23.4, 41
23.4, 41.2
23.4, 41.4
23.4, 41.6
23.4, 41.8
23.4, 42
23.4, 42.2
23.4, 42.4
23.4, 42.6
23.4, 42.8
23.4, 43
23.4, 43.2
23.4, 43.4
23.4, 43.6
23.4, 43.8
23.4, 44
23.4, 44.2
23.4, 44.4
23.4, 44.6
23.4, 44.8
23.4, 45
23.4, 45.2
23.4, 45.4
23.4, 45.6
23.4, 45.8
23.4, 46
23.4, 46.2
23.4, 46.4
23.4, 46.6
23.4, 46.8
23.4, 47
23.4, 47.2
23.4, 47.4
23.4, 47.6
23.4, 47.8
23.4, 48
23.4, 48.2
23.4, 48.4
23.4, 48.6
23.4, 48.8
23.4, 49
23.4, 49.2
23.4, 49.4
23.4, 49.6
23.4, 49.8
23.4, 50
23.6, 0.2
23.6, 0.4
23.6, 0.6
23.6, 0.8
23.6, 1
23.6, 1.2
23.6, 1.4
23.6, 1.6
23.6, 1.8
23.6, 2
23.6, 2.2
23.6, 2.4
23.6, 2.6
23.6, 2.8
23.6, 3
23.6, 3.2
23.6, 3.4
23.6, 3.6
23.6, 3.8
23.6, 4
23.6, 4.2
23.6, 4.4
23.6, 4.6
23.6, 4.8
23.6, 5
23.6, 5.2
23.6, 5.4
23.6, 5.6
23.6, 5.8
23.6, 6
23.6, 6.2
23.6, 6.4
23.6, 6.6
23.6, 6.8
23.6, 7
23.6, 7.2
23.6, 7.4
23.6, 7.6
23.6, 7.8
23.6, 8
23.6, 8.2
23.6, 8.4
23.6, 8.6
23.6, 8.8
23.6, 9
23.6, 9.2
23.6, 9.4
23.6, 9.6
23.6, 9.8
23.6, 10
23.6, 10.2
23.6, 10.4
23.6, 10.6
23.6, 10.8
23.6, 11
23.6, 11.2
23.6, 11.4
23.6, 11.6
23.6, 11.8
23.6, 12
23.6, 12.2
23.6, 12.4
23.6, 12.6
23.6, 12.8
23.6, 13
23.6, 13.2
23.6, 13.4
23.6, 13.6
23.6, 13.8
23.6, 14
23.6, 14.2
23.6, 14.4
23.6, 14.6
23.6, 14.8
23.6, 15
23.6, 15.2
23.6, 15.4
23.6, 15.6
23.6, 15.8
23.6, 16
23.6, 16.2
23.6, 16.4
23.6, 16.6
23.6, 16.8
23.6, 17
23.6, 17.2
23.6, 17.4
23.6, 17.6
23.6, 17.8
23.6, 18
23.6, 18.2
23.6, 18.4
23.6, 18.6
23.6, 18.8
23.6, 19
23.6, 19.2
23.6, 19.4
23.6, 19.6
23.6, 19.8
23.6, 20
23.6, 20.2
23.6, 20.4
23.6, 20.6
23.6, 20.8
23.6, 21
23.6, 21.2
23.6, 21.4
23.6, 21.6
23.6, 21.8
23.6, 22
23.6, 22.2
23.6, 22.4
23.6, 22.6
23.6, 22.8
23.6, 23
23.6, 23.2
23.6, 23.4
23.6, 23.6
23.6, 23.8
23.6, 24
23.6, 24.2
23.6, 24.4
23.6, 24.6
23.6, 24.8
23.6, 25
23.6, 25.2
23.6, 25.4
23.6, 25.6
23.6, 25.8
23.6, 26
23.6, 26.2
23.6, 26.4
23.6, 26.6
23.6, 26.8
23.6, 27
23.6, 27.2
23.6, 27.4
23.6, 27.6
23.6, 27.8
23.6, 28
23.6, 28.2
23.6, 28.4
23.6, 28.6
23.6, 28.8
23.6, 29
23.6, 29.2
23.6, 29.4
23.6, 29.6
23.6, 29.8
23.6, 30
23.6, 30.2
23.6, 30.4
23.6, 30.6
23.6, 30.8
23.6, 31
23.6, 31.2
23.6, 31.4
23.6, 31.6
23.6, 31.8
23.6, 32
23.6, 32.2
23.6, 32.4
23.6, 32.6
23.6, 32.8
23.6, 33
23.6, 33.2
23.6, 33.4
23.6, 33.6
23.6, 33.8
23.6, 34
23.6, 34.2
23.6, 34.4
23.6, 34.6
23.6, 34.8
23.6, 35
23.6, 35.2
23.6, 35.4
23.6, 35.6
23.6, 35.8
23.6, 36
23.6, 36.2
23.6, 36.4
23.6, 36.6
23.6, 36.8
23.6, 37
23.6, 37.2
23.6, 37.4
23.6, 37.6
23.6, 37.8
23.6, 38
23.6, 38.2
23.6, 38.4
23.6, 38.6
23.6, 38.8
23.6, 39
23.6, 39.2
23.6, 39.4
23.6, 39.6
23.6, 39.8
23.6, 40
23.6, 40.2
23.6, 40.4
23.6, 40.6
23.6, 40.8
23.6, 41
23.6, 41.2
23.6, 41.4
23.6, 41.6
23.6, 41.8
23.6, 42
23.6, 42.2
23.6, 42.4
23.6, 42.6
23.6, 42.8
23.6, 43
23.6, 43.2
23.6, 43.4
23.6, 43.6
23.6, 43.8
23.6, 44
23.6, 44.2
23.6, 44.4
23.6, 44.6
23.6, 44.8
23.6, 45
23.6, 45.2
23.6, 45.4
23.6, 45.6
23.6, 45.8
23.6, 46
23.6, 46.2
23.6, 46.4
23.6, 46.6
23.6, 46.8
23.6, 47
23.6, 47.2
23.6, 47.4
23.6, 47.6
23.6, 47.8
23.6, 48
23.6, 48.2
23.6, 48.4
23.6, 48.6
23.6, 48.8
23.6, 49
23.6, 49.2
23.6, 49.4
23.6, 49.6
23.6, 49.8
23.6, 50
23.8, 0.2
23.8, 0.4
23.8, 0.6
23.8, 0.8
23.8, 1
23.8, 1.2
23.8, 1.4
23.8, 1.6
23.8, 1.8
23.8, 2
23.8, 2.2
23.8, 2.4
23.8, 2.6
23.8, 2.8
23.8, 3
23.8, 3.2
23.8, 3.4
23.8, 3.6
23.8, 3.8
23.8, 4
23.8, 4.2
23.8, 4.4
23.8, 4.6
23.8, 4.8
23.8, 5
23.8, 5.2
23.8, 5.4
23.8, 5.6
23.8, 5.8
23.8, 6
23.8, 6.2
23.8, 6.4
23.8, 6.6
23.8, 6.8
23.8, 7
23.8, 7.2
23.8, 7.4
23.8, 7.6
23.8, 7.8
23.8, 8
23.8, 8.2
23.8, 8.4
23.8, 8.6
23.8, 8.8
23.8, 9
23.8, 9.2
23.8, 9.4
23.8, 9.6
23.8, 9.8
23.8, 10
23.8, 10.2
23.8, 10.4
23.8, 10.6
23.8, 10.8
23.8, 11
23.8, 11.2
23.8, 11.4
23.8, 11.6
23.8, 11.8
23.8, 12
23.8, 12.2
23.8, 12.4
23.8, 12.6
23.8, 12.8
23.8, 13
23.8, 13.2
23.8, 13.4
23.8, 13.6
23.8, 13.8
23.8, 14
23.8, 14.2
23.8, 14.4
23.8, 14.6
23.8, 14.8
23.8, 15
23.8, 15.2
23.8, 15.4
23.8, 15.6
23.8, 15.8
23.8, 16
23.8, 16.2
23.8, 16.4
23.8, 16.6
23.8, 16.8
23.8, 17
23.8, 17.2
23.8, 17.4
23.8, 17.6
23.8, 17.8
23.8, 18
23.8, 18.2
23.8, 18.4
23.8, 18.6
23.8, 18.8
23.8, 19
23.8, 19.2
23.8, 19.4
23.8, 19.6
23.8, 19.8
23.8, 20
23.8, 20.2
23.8, 20.4
23.8, 20.6
23.8, 20.8
23.8, 21
23.8, 21.2
23.8, 21.4
23.8, 21.6
23.8, 21.8
23.8, 22
23.8, 22.2
23.8, 22.4
23.8, 22.6
23.8, 22.8
23.8, 23
23.8, 23.2
23.8, 23.4
23.8, 23.6
23.8, 23.8
23.8, 24
23.8, 24.2
23.8, 24.4
23.8, 24.6
23.8, 24.8
23.8, 25
23.8, 25.2
23.8, 25.4
23.8, 25.6
23.8, 25.8
23.8, 26
23.8, 26.2
23.8, 26.4
23.8, 26.6
23.8, 26.8
23.8, 27
23.8, 27.2
23.8, 27.4
23.8, 27.6
23.8, 27.8
23.8, 28
23.8, 28.2
23.8, 28.4
23.8, 28.6
23.8, 28.8
23.8, 29
23.8, 29.2
23.8, 29.4
23.8, 29.6
23.8, 29.8
23.8, 30
23.8, 30.2
23.8, 30.4
23.8, 30.6
23.8, 30.8
23.8, 31
23.8, 31.2
23.8, 31.4
23.8, 31.6
23.8, 31.8
23.8, 32
23.8, 32.2
23.8, 32.4
23.8, 32.6
23.8, 32.8
23.8, 33
23.8, 33.2
23.8, 33.4
23.8, 33.6
23.8, 33.8
23.8, 34
23.8, 34.2
23.8, 34.4
23.8, 34.6
23.8, 34.8
23.8, 35
23.8, 35.2
23.8, 35.4
23.8, 35.6
23.8, 35.8
23.8, 36
23.8, 36.2
23.8, 36.4
23.8, 36.6
23.8, 36.8
23.8, 37
23.8, 37.2
23.8, 37.4
23.8, 37.6
23.8, 37.8
23.8, 38
23.8, 38.2
23.8, 38.4
23.8, 38.6
23.8, 38.8
23.8, 39
23.8, 39.2
23.8, 39.4
23.8, 39.6
23.8, 39.8
23.8, 40
23.8, 40.2
23.8, 40.4
23.8, 40.6
23.8, 40.8
23.8, 41
23.8, 41.2
23.8, 41.4
23.8, 41.6
23.8, 41.8
23.8, 42
23.8, 42.2
23.8, 42.4
23.8, 42.6
23.8, 42.8
23.8, 43
23.8, 43.2
23.8, 43.4
23.8, 43.6
23.8, 43.8
23.8, 44
23.8, 44.2
23.8, 44.4
23.8, 44.6
23.8, 44.8
23.8, 45
23.8, 45.2
23.8, 45.4
23.8, 45.6
23.8, 45.8
23.8, 46
23.8, 46.2
23.8, 46.4
23.8, 46.6
23.8, 46.8
23.8, 47
23.8, 47.2
23.8, 47.4
23.8, 47.6
23.8, 47.8
23.8, 48
23.8, 48.2
23.8, 48.4
23.8, 48.6
23.8, 48.8
23.8, 49
23.8, 49.2
23.8, 49.4
23.8, 49.6
23.8, 49.8
23.8, 50
24, 0.2
24, 0.4
24, 0.6
24, 0.8
24, 1
24, 1.2
24, 1.4
24, 1.6
24, 1.8
24, 2
24, 2.2
24, 2.4
24, 2.6
24, 2.8
24, 3
24, 3.2
24, 3.4
24, 3.6
24, 3.8
24, 4
24, 4.2
24, 4.4
24, 4.6
24, 4.8
24, 5
24, 5.2
24, 5.4
24, 5.6
24, 5.8
24, 6
24, 6.2
24, 6.4
24, 6.6
24, 6.8
24, 7
24, 7.2
24, 7.4
24, 7.6
24, 7.8
24, 8
24, 8.2
24, 8.4
24, 8.6
24, 8.8
24, 9
24, 9.2
24, 9.4
24, 9.6
24, 9.8
24, 10
24, 10.2
24, 10.4
24, 10.6
24, 10.8
24, 11
24, 11.2
24, 11.4
24, 11.6
24, 11.8
24, 12
24, 12.2
24, 12.4
24, 12.6
24, 12.8
24, 13
24, 13.2
24, 13.4
24, 13.6
24, 13.8
24, 14
24, 14.2
24, 14.4
24, 14.6
24, 14.8
24, 15
24, 15.2
24, 15.4
24, 15.6
24, 15.8
24, 16
24, 16.2
24, 16.4
24, 16.6
24, 16.8
24, 17
24, 17.2
24, 17.4
24, 17.6
24, 17.8
24, 18
24, 18.2
24, 18.4
24, 18.6
24, 18.8
24, 19
24, 19.2
24, 19.4
24, 19.6
24, 19.8
24, 20
24, 20.2
24, 20.4
24, 20.6
24, 20.8
24, 21
24, 21.2
24, 21.4
24, 21.6
24, 21.8
24, 22
24, 22.2
24, 22.4
24, 22.6
24, 22.8
24, 23
24, 23.2
24, 23.4
24, 23.6
24, 23.8
24, 24
24, 24.2
24, 24.4
24, 24.6
24, 24.8
24, 25
24, 25.2
24, 25.4
24, 25.6
24, 25.8
24, 26
24, 26.2
24, 26.4
24, 26.6
24, 26.8
24, 27
24, 27.2
24, 27.4
24, 27.6
24, 27.8
24, 28
24, 28.2
24, 28.4
24, 28.6
24, 28.8
24, 29
24, 29.2
24, 29.4
24, 29.6
24, 29.8
24, 30
24, 30.2
24, 30.4
24, 30.6
24, 30.8
24, 31
24, 31.2
24, 31.4
24, 31.6
24, 31.8
24, 32
24, 32.2
24, 32.4
24, 32.6
24, 32.8
24, 33
24, 33.2
24, 33.4
24, 33.6
24, 33.8
24, 34
24, 34.2
24, 34.4
24, 34.6
24, 34.8
24, 35
24, 35.2
24, 35.4
24, 35.6
24, 35.8
24, 36
24, 36.2
24, 36.4
24, 36.6
24, 36.8
24, 37
24, 37.2
24, 37.4
24, 37.6
24, 37.8
24, 38
24, 38.2
24, 38.4
24, 38.6
24, 38.8
24, 39
24, 39.2
24, 39.4
24, 39.6
24, 39.8
24, 40
24, 40.2
24, 40.4
24, 40.6
24, 40.8
24, 41
24, 41.2
24, 41.4
24, 41.6
24, 41.8
24, 42
24, 42.2
24, 42.4
24, 42.6
24, 42.8
24, 43
24, 43.2
24, 43.4
24, 43.6
24, 43.8
24, 44
24, 44.2
24, 44.4
24, 44.6
24, 44.8
24, 45
24, 45.2
24, 45.4
24, 45.6
24, 45.8
24, 46
24, 46.2
24, 46.4
24, 46.6
24, 46.8
24, 47
24, 47.2
24, 47.4
24, 47.6
24, 47.8
24, 48
24, 48.2
24, 48.4
24, 48.6
24, 48.8
24, 49
24, 49.2
24, 49.4
24, 49.6
24, 49.8
24, 50
24.2, 0.2
24.2, 0.4
24.2, 0.6
24.2, 0.8
24.2, 1
24.2, 1.2
24.2, 1.4
24.2, 1.6
24.2, 1.8
24.2, 2
24.2, 2.2
24.2, 2.4
24.2, 2.6
24.2, 2.8
24.2, 3
24.2, 3.2
24.2, 3.4
24.2, 3.6
24.2, 3.8
24.2, 4
24.2, 4.2
24.2, 4.4
24.2, 4.6
24.2, 4.8
24.2, 5
24.2, 5.2
24.2, 5.4
24.2, 5.6
24.2, 5.8
24.2, 6
24.2, 6.2
24.2, 6.4
24.2, 6.6
24.2, 6.8
24.2, 7
24.2, 7.2
24.2, 7.4
24.2, 7.6
24.2, 7.8
24.2, 8
24.2, 8.2
24.2, 8.4
24.2, 8.6
24.2, 8.8
24.2, 9
24.2, 9.2
24.2, 9.4
24.2, 9.6
24.2, 9.8
24.2, 10
24.2, 10.2
24.2, 10.4
24.2, 10.6
24.2, 10.8
24.2, 11
24.2, 11.2
24.2, 11.4
24.2, 11.6
24.2, 11.8
24.2, 12
24.2, 12.2
24.2, 12.4
24.2, 12.6
24.2, 12.8
24.2, 13
24.2, 13.2
24.2, 13.4
24.2, 13.6
24.2, 13.8
24.2, 14
24.2, 14.2
24.2, 14.4
24.2, 14.6
24.2, 14.8
24.2, 15
24.2, 15.2
24.2, 15.4
24.2, 15.6
24.2, 15.8
24.2, 16
24.2, 16.2
24.2, 16.4
24.2, 16.6
24.2, 16.8
24.2, 17
24.2, 17.2
24.2, 17.4
24.2, 17.6
24.2, 17.8
24.2, 18
24.2, 18.2
24.2, 18.4
24.2, 18.6
24.2, 18.8
24.2, 19
24.2, 19.2
24.2, 19.4
24.2, 19.6
24.2, 19.8
24.2, 20
24.2, 20.2
24.2, 20.4
24.2, 20.6
24.2, 20.8
24.2, 21
24.2, 21.2
24.2, 21.4
24.2, 21.6
24.2, 21.8
24.2, 22
24.2, 22.2
24.2, 22.4
24.2, 22.6
24.2, 22.8
24.2, 23
24.2, 23.2
24.2, 23.4
24.2, 23.6
24.2, 23.8
24.2, 24
24.2, 24.2
24.2, 24.4
24.2, 24.6
24.2, 24.8
24.2, 25
24.2, 25.2
24.2, 25.4
24.2, 25.6
24.2, 25.8
24.2, 26
24.2, 26.2
24.2, 26.4
24.2, 26.6
24.2, 26.8
24.2, 27
24.2, 27.2
24.2, 27.4
24.2, 27.6
24.2, 27.8
24.2, 28
24.2, 28.2
24.2, 28.4
24.2, 28.6
24.2, 28.8
24.2, 29
24.2, 29.2
24.2, 29.4
24.2, 29.6
24.2, 29.8
24.2, 30
24.2, 30.2
24.2, 30.4
24.2, 30.6
24.2, 30.8
24.2, 31
24.2, 31.2
24.2, 31.4
24.2, 31.6
24.2, 31.8
24.2, 32
24.2, 32.2
24.2, 32.4
24.2, 32.6
24.2, 32.8
24.2, 33
24.2, 33.2
24.2, 33.4
24.2, 33.6
24.2, 33.8
24.2, 34
24.2, 34.2
24.2, 34.4
24.2, 34.6
24.2, 34.8
24.2, 35
24.2, 35.2
24.2, 35.4
24.2, 35.6
24.2, 35.8
24.2, 36
24.2, 36.2
24.2, 36.4
24.2, 36.6
24.2, 36.8
24.2, 37
24.2, 37.2
24.2, 37.4
24.2, 37.6
24.2, 37.8
24.2, 38
24.2, 38.2
24.2, 38.4
24.2, 38.6
24.2, 38.8
24.2, 39
24.2, 39.2
24.2, 39.4
24.2, 39.6
24.2, 39.8
24.2, 40
24.2, 40.2
24.2, 40.4
24.2, 40.6
24.2, 40.8
24.2, 41
24.2, 41.2
24.2, 41.4
24.2, 41.6
24.2, 41.8
24.2, 42
24.2, 42.2
24.2, 42.4
24.2, 42.6
24.2, 42.8
24.2, 43
24.2, 43.2
24.2, 43.4
24.2, 43.6
24.2, 43.8
24.2, 44
24.2, 44.2
24.2, 44.4
24.2, 44.6
24.2, 44.8
24.2, 45
24.2, 45.2
24.2, 45.4
24.2, 45.6
24.2, 45.8
24.2, 46
24.2, 46.2
24.2, 46.4
24.2, 46.6
24.2, 46.8
24.2, 47
24.2, 47.2
24.2, 47.4
24.2, 47.6
24.2, 47.8
24.2, 48
24.2, 48.2
24.2, 48.4
24.2, 48.6
24.2, 48.8
24.2, 49
24.2, 49.2
24.2, 49.4
24.2, 49.6
24.2, 49.8
24.2, 50
24.4, 0.2
24.4, 0.4
24.4, 0.6
24.4, 0.8
24.4, 1
24.4, 1.2
24.4, 1.4
24.4, 1.6
24.4, 1.8
24.4, 2
24.4, 2.2
24.4, 2.4
24.4, 2.6
24.4, 2.8
24.4, 3
24.4, 3.2
24.4, 3.4
24.4, 3.6
24.4, 3.8
24.4, 4
24.4, 4.2
24.4, 4.4
24.4, 4.6
24.4, 4.8
24.4, 5
24.4, 5.2
24.4, 5.4
24.4, 5.6
24.4, 5.8
24.4, 6
24.4, 6.2
24.4, 6.4
24.4, 6.6
24.4, 6.8
24.4, 7
24.4, 7.2
24.4, 7.4
24.4, 7.6
24.4, 7.8
24.4, 8
24.4, 8.2
24.4, 8.4
24.4, 8.6
24.4, 8.8
24.4, 9
24.4, 9.2
24.4, 9.4
24.4, 9.6
24.4, 9.8
24.4, 10
24.4, 10.2
24.4, 10.4
24.4, 10.6
24.4, 10.8
24.4, 11
24.4, 11.2
24.4, 11.4
24.4, 11.6
24.4, 11.8
24.4, 12
24.4, 12.2
24.4, 12.4
24.4, 12.6
24.4, 12.8
24.4, 13
24.4, 13.2
24.4, 13.4
24.4, 13.6
24.4, 13.8
24.4, 14
24.4, 14.2
24.4, 14.4
24.4, 14.6
24.4, 14.8
24.4, 15
24.4, 15.2
24.4, 15.4
24.4, 15.6
24.4, 15.8
24.4, 16
24.4, 16.2
24.4, 16.4
24.4, 16.6
24.4, 16.8
24.4, 17
24.4, 17.2
24.4, 17.4
24.4, 17.6
24.4, 17.8
24.4, 18
24.4, 18.2
24.4, 18.4
24.4, 18.6
24.4, 18.8
24.4, 19
24.4, 19.2
24.4, 19.4
24.4, 19.6
24.4, 19.8
24.4, 20
24.4, 20.2
24.4, 20.4
24.4, 20.6
24.4, 20.8
24.4, 21
24.4, 21.2
24.4, 21.4
24.4, 21.6
24.4, 21.8
24.4, 22
24.4, 22.2
24.4, 22.4
24.4, 22.6
24.4, 22.8
24.4, 23
24.4, 23.2
24.4, 23.4
24.4, 23.6
24.4, 23.8
24.4, 24
24.4, 24.2
24.4, 24.4
24.4, 24.6
24.4, 24.8
24.4, 25
24.4, 25.2
24.4, 25.4
24.4, 25.6
24.4, 25.8
24.4, 26
24.4, 26.2
24.4, 26.4
24.4, 26.6
24.4, 26.8
24.4, 27
24.4, 27.2
24.4, 27.4
24.4, 27.6
24.4, 27.8
24.4, 28
24.4, 28.2
24.4, 28.4
24.4, 28.6
24.4, 28.8
24.4, 29
24.4, 29.2
24.4, 29.4
24.4, 29.6
24.4, 29.8
24.4, 30
24.4, 30.2
24.4, 30.4
24.4, 30.6
24.4, 30.8
24.4, 31
24.4, 31.2
24.4, 31.4
24.4, 31.6
24.4, 31.8
24.4, 32
24.4, 32.2
24.4, 32.4
24.4, 32.6
24.4, 32.8
24.4, 33
24.4, 33.2
24.4, 33.4
24.4, 33.6
24.4, 33.8
24.4, 34
24.4, 34.2
24.4, 34.4
24.4, 34.6
24.4, 34.8
24.4, 35
24.4, 35.2
24.4, 35.4
24.4, 35.6
24.4, 35.8
24.4, 36
24.4, 36.2
24.4, 36.4
24.4, 36.6
24.4, 36.8
24.4, 37
24.4, 37.2
24.4, 37.4
24.4, 37.6
24.4, 37.8
24.4, 38
24.4, 38.2
24.4, 38.4
24.4, 38.6
24.4, 38.8
24.4, 39
24.4, 39.2
24.4, 39.4
24.4, 39.6
24.4, 39.8
24.4, 40
24.4, 40.2
24.4, 40.4
24.4, 40.6
24.4, 40.8
24.4, 41
24.4, 41.2
24.4, 41.4
24.4, 41.6
24.4, 41.8
24.4, 42
24.4, 42.2
24.4, 42.4
24.4, 42.6
24.4, 42.8
24.4, 43
24.4, 43.2
24.4, 43.4
24.4, 43.6
24.4, 43.8
24.4, 44
24.4, 44.2
24.4, 44.4
24.4, 44.6
24.4, 44.8
24.4, 45
24.4, 45.2
24.4, 45.4
24.4, 45.6
24.4, 45.8
24.4, 46
24.4, 46.2
24.4, 46.4
24.4, 46.6
24.4, 46.8
24.4, 47
24.4, 47.2
24.4, 47.4
24.4, 47.6
24.4, 47.8
24.4, 48
24.4, 48.2
24.4, 48.4
24.4, 48.6
24.4, 48.8
24.4, 49
24.4, 49.2
24.4, 49.4
24.4, 49.6
24.4, 49.8
24.4, 50
24.6, 0.2
24.6, 0.4
24.6, 0.6
24.6, 0.8
24.6, 1
24.6, 1.2
24.6, 1.4
24.6, 1.6
24.6, 1.8
24.6, 2
24.6, 2.2
24.6, 2.4
24.6, 2.6
24.6, 2.8
24.6, 3
24.6, 3.2
24.6, 3.4
24.6, 3.6
24.6, 3.8
24.6, 4
24.6, 4.2
24.6, 4.4
24.6, 4.6
24.6, 4.8
24.6, 5
24.6, 5.2
24.6, 5.4
24.6, 5.6
24.6, 5.8
24.6, 6
24.6, 6.2
24.6, 6.4
24.6, 6.6
24.6, 6.8
24.6, 7
24.6, 7.2
24.6, 7.4
24.6, 7.6
24.6, 7.8
24.6, 8
24.6, 8.2
24.6, 8.4
24.6, 8.6
24.6, 8.8
24.6, 9
24.6, 9.2
24.6, 9.4
24.6, 9.6
24.6, 9.8
24.6, 10
24.6, 10.2
24.6, 10.4
24.6, 10.6
24.6, 10.8
24.6, 11
24.6, 11.2
24.6, 11.4
24.6, 11.6
24.6, 11.8
24.6, 12
24.6, 12.2
24.6, 12.4
24.6, 12.6
24.6, 12.8
24.6, 13
24.6, 13.2
24.6, 13.4
24.6, 13.6
24.6, 13.8
24.6, 14
24.6, 14.2
24.6, 14.4
24.6, 14.6
24.6, 14.8
24.6, 15
24.6, 15.2
24.6, 15.4
24.6, 15.6
24.6, 15.8
24.6, 16
24.6, 16.2
24.6, 16.4
24.6, 16.6
24.6, 16.8
24.6, 17
24.6, 17.2
24.6, 17.4
24.6, 17.6
24.6, 17.8
24.6, 18
24.6, 18.2
24.6, 18.4
24.6, 18.6
24.6, 18.8
24.6, 19
24.6, 19.2
24.6, 19.4
24.6, 19.6
24.6, 19.8
24.6, 20
24.6, 20.2
24.6, 20.4
24.6, 20.6
24.6, 20.8
24.6, 21
24.6, 21.2
24.6, 21.4
24.6, 21.6
24.6, 21.8
24.6, 22
24.6, 22.2
24.6, 22.4
24.6, 22.6
24.6, 22.8
24.6, 23
24.6, 23.2
24.6, 23.4
24.6, 23.6
24.6, 23.8
24.6, 24
24.6, 24.2
24.6, 24.4
24.6, 24.6
24.6, 24.8
24.6, 25
24.6, 25.2
24.6, 25.4
24.6, 25.6
24.6, 25.8
24.6, 26
24.6, 26.2
24.6, 26.4
24.6, 26.6
24.6, 26.8
24.6, 27
24.6, 27.2
24.6, 27.4
24.6, 27.6
24.6, 27.8
24.6, 28
24.6, 28.2
24.6, 28.4
24.6, 28.6
24.6, 28.8
24.6, 29
24.6, 29.2
24.6, 29.4
24.6, 29.6
24.6, 29.8
24.6, 30
24.6, 30.2
24.6, 30.4
24.6, 30.6
24.6, 30.8
24.6, 31
24.6, 31.2
24.6, 31.4
24.6, 31.6
24.6, 31.8
24.6, 32
24.6, 32.2
24.6, 32.4
24.6, 32.6
24.6, 32.8
24.6, 33
24.6, 33.2
24.6, 33.4
24.6, 33.6
24.6, 33.8
24.6, 34
24.6, 34.2
24.6, 34.4
24.6, 34.6
24.6, 34.8
24.6, 35
24.6, 35.2
24.6, 35.4
24.6, 35.6
24.6, 35.8
24.6, 36
24.6, 36.2
24.6, 36.4
24.6, 36.6
24.6, 36.8
24.6, 37
24.6, 37.2
24.6, 37.4
24.6, 37.6
24.6, 37.8
24.6, 38
24.6, 38.2
24.6, 38.4
24.6, 38.6
24.6, 38.8
24.6, 39
24.6, 39.2
24.6, 39.4
24.6, 39.6
24.6, 39.8
24.6, 40
24.6, 40.2
24.6, 40.4
24.6, 40.6
24.6, 40.8
24.6, 41
24.6, 41.2
24.6, 41.4
24.6, 41.6
24.6, 41.8
24.6, 42
24.6, 42.2
24.6, 42.4
24.6, 42.6
24.6, 42.8
24.6, 43
24.6, 43.2
24.6, 43.4
24.6, 43.6
24.6, 43.8
24.6, 44
24.6, 44.2
24.6, 44.4
24.6, 44.6
24.6, 44.8
24.6, 45
24.6, 45.2
24.6, 45.4
24.6, 45.6
24.6, 45.8
24.6, 46
24.6, 46.2
24.6, 46.4
24.6, 46.6
24.6, 46.8
24.6, 47
24.6, 47.2
24.6, 47.4
24.6, 47.6
24.6, 47.8
24.6, 48
24.6, 48.2
24.6, 48.4
24.6, 48.6
24.6, 48.8
24.6, 49
24.6, 49.2
24.6, 49.4
24.6, 49.6
24.6, 49.8
24.6, 50
24.8, 0.2
24.8, 0.4
24.8, 0.6
24.8, 0.8
24.8, 1
24.8, 1.2
24.8, 1.4
24.8, 1.6
24.8, 1.8
24.8, 2
24.8, 2.2
24.8, 2.4
24.8, 2.6
24.8, 2.8
24.8, 3
24.8, 3.2
24.8, 3.4
24.8, 3.6
24.8, 3.8
24.8, 4
24.8, 4.2
24.8, 4.4
24.8, 4.6
24.8, 4.8
24.8, 5
24.8, 5.2
24.8, 5.4
24.8, 5.6
24.8, 5.8
24.8, 6
24.8, 6.2
24.8, 6.4
24.8, 6.6
24.8, 6.8
24.8, 7
24.8, 7.2
24.8, 7.4
24.8, 7.6
24.8, 7.8
24.8, 8
24.8, 8.2
24.8, 8.4
24.8, 8.6
24.8, 8.8
24.8, 9
24.8, 9.2
24.8, 9.4
24.8, 9.6
24.8, 9.8
24.8, 10
24.8, 10.2
24.8, 10.4
24.8, 10.6
24.8, 10.8
24.8, 11
24.8, 11.2
24.8, 11.4
24.8, 11.6
24.8, 11.8
24.8, 12
24.8, 12.2
24.8, 12.4
24.8, 12.6
24.8, 12.8
24.8, 13
24.8, 13.2
24.8, 13.4
24.8, 13.6
24.8, 13.8
24.8, 14
24.8, 14.2
24.8, 14.4
24.8, 14.6
24.8, 14.8
24.8, 15
24.8, 15.2
24.8, 15.4
24.8, 15.6
24.8, 15.8
24.8, 16
24.8, 16.2
24.8, 16.4
24.8, 16.6
24.8, 16.8
24.8, 17
24.8, 17.2
24.8, 17.4
24.8, 17.6
24.8, 17.8
24.8, 18
24.8, 18.2
24.8, 18.4
24.8, 18.6
24.8, 18.8
24.8, 19
24.8, 19.2
24.8, 19.4
24.8, 19.6
24.8, 19.8
24.8, 20
24.8, 20.2
24.8, 20.4
24.8, 20.6
24.8, 20.8
24.8, 21
24.8, 21.2
24.8, 21.4
24.8, 21.6
24.8, 21.8
24.8, 22
24.8, 22.2
24.8, 22.4
24.8, 22.6
24.8, 22.8
24.8, 23
24.8, 23.2
24.8, 23.4
24.8, 23.6
24.8, 23.8
24.8, 24
24.8, 24.2
24.8, 24.4
24.8, 24.6
24.8, 24.8
24.8, 25
24.8, 25.2
24.8, 25.4
24.8, 25.6
24.8, 25.8
24.8, 26
24.8, 26.2
24.8, 26.4
24.8, 26.6
24.8, 26.8
24.8, 27
24.8, 27.2
24.8, 27.4
24.8, 27.6
24.8, 27.8
24.8, 28
24.8, 28.2
24.8, 28.4
24.8, 28.6
24.8, 28.8
24.8, 29
24.8, 29.2
24.8, 29.4
24.8, 29.6
24.8, 29.8
24.8, 30
24.8, 30.2
24.8, 30.4
24.8, 30.6
24.8, 30.8
24.8, 31
24.8, 31.2
24.8, 31.4
24.8, 31.6
24.8, 31.8
24.8, 32
24.8, 32.2
24.8, 32.4
24.8, 32.6
24.8, 32.8
24.8, 33
24.8, 33.2
24.8, 33.4
24.8, 33.6
24.8, 33.8
24.8, 34
24.8, 34.2
24.8, 34.4
24.8, 34.6
24.8, 34.8
24.8, 35
24.8, 35.2
24.8, 35.4
24.8, 35.6
24.8, 35.8
24.8, 36
24.8, 36.2
24.8, 36.4
24.8, 36.6
24.8, 36.8
24.8, 37
24.8, 37.2
24.8, 37.4
24.8, 37.6
24.8, 37.8
24.8, 38
24.8, 38.2
24.8, 38.4
24.8, 38.6
24.8, 38.8
24.8, 39
24.8, 39.2
24.8, 39.4
24.8, 39.6
24.8, 39.8
24.8, 40
24.8, 40.2
24.8, 40.4
24.8, 40.6
24.8, 40.8
24.8, 41
24.8, 41.2
24.8, 41.4
24.8, 41.6
24.8, 41.8
24.8, 42
24.8, 42.2
24.8, 42.4
24.8, 42.6
24.8, 42.8
24.8, 43
24.8, 43.2
24.8, 43.4
24.8, 43.6
24.8, 43.8
24.8, 44
24.8, 44.2
24.8, 44.4
24.8, 44.6
24.8, 44.8
24.8, 45
24.8, 45.2
24.8, 45.4
24.8, 45.6
24.8, 45.8
24.8, 46
24.8, 46.2
24.8, 46.4
24.8, 46.6
24.8, 46.8
24.8, 47
24.8, 47.2
24.8, 47.4
24.8, 47.6
24.8, 47.8
24.8, 48
24.8, 48.2
24.8, 48.4
24.8, 48.6
24.8, 48.8
24.8, 49
24.8, 49.2
24.8, 49.4
24.8, 49.6
24.8, 49.8
24.8, 50
25, 0.2
25, 0.4
25, 0.6
25, 0.8
25, 1
25, 1.2
25, 1.4
25, 1.6
25, 1.8
25, 2
25, 2.2
25, 2.4
25, 2.6
25, 2.8
25, 3
25, 3.2
25, 3.4
25, 3.6
25, 3.8
25, 4
25, 4.2
25, 4.4
25, 4.6
25, 4.8
25, 5
25, 5.2
25, 5.4
25, 5.6
25, 5.8
25, 6
25, 6.2
25, 6.4
25, 6.6
25, 6.8
25, 7
25, 7.2
25, 7.4
25, 7.6
25, 7.8
25, 8
25, 8.2
25, 8.4
25, 8.6
25, 8.8
25, 9
25, 9.2
25, 9.4
25, 9.6
25, 9.8
25, 10
25, 10.2
25, 10.4
25, 10.6
25, 10.8
25, 11
25, 11.2
25, 11.4
25, 11.6
25, 11.8
25, 12
25, 12.2
25, 12.4
25, 12.6
25, 12.8
25, 13
25, 13.2
25, 13.4
25, 13.6
25, 13.8
25, 14
25, 14.2
25, 14.4
25, 14.6
25, 14.8
25, 15
25, 15.2
25, 15.4
25, 15.6
25, 15.8
25, 16
25, 16.2
25, 16.4
25, 16.6
25, 16.8
25, 17
25, 17.2
25, 17.4
25, 17.6
25, 17.8
25, 18
25, 18.2
25, 18.4
25, 18.6
25, 18.8
25, 19
25, 19.2
25, 19.4
25, 19.6
25, 19.8
25, 20
25, 20.2
25, 20.4
25, 20.6
25, 20.8
25, 21
25, 21.2
25, 21.4
25, 21.6
25, 21.8
25, 22
25, 22.2
25, 22.4
25, 22.6
25, 22.8
25, 23
25, 23.2
25, 23.4
25, 23.6
25, 23.8
25, 24
25, 24.2
25, 24.4
25, 24.6
25, 24.8
25, 25
25, 25.2
25, 25.4
25, 25.6
25, 25.8
25, 26
25, 26.2
25, 26.4
25, 26.6
25, 26.8
25, 27
25, 27.2
25, 27.4
25, 27.6
25, 27.8
25, 28
25, 28.2
25, 28.4
25, 28.6
25, 28.8
25, 29
25, 29.2
25, 29.4
25, 29.6
25, 29.8
25, 30
25, 30.2
25, 30.4
25, 30.6
25, 30.8
25, 31
25, 31.2
25, 31.4
25, 31.6
25, 31.8
25, 32
25, 32.2
25, 32.4
25, 32.6
25, 32.8
25, 33
25, 33.2
25, 33.4
25, 33.6
25, 33.8
25, 34
25, 34.2
25, 34.4
25, 34.6
25, 34.8
25, 35
25, 35.2
25, 35.4
25, 35.6
25, 35.8
25, 36
25, 36.2
25, 36.4
25, 36.6
25, 36.8
25, 37
25, 37.2
25, 37.4
25, 37.6
25, 37.8
25, 38
25, 38.2
25, 38.4
25, 38.6
25, 38.8
25, 39
25, 39.2
25, 39.4
25, 39.6
25, 39.8
25, 40
25, 40.2
25, 40.4
25, 40.6
25, 40.8
25, 41
25, 41.2
25, 41.4
25, 41.6
25, 41.8
25, 42
25, 42.2
25, 42.4
25, 42.6
25, 42.8
25, 43
25, 43.2
25, 43.4
25, 43.6
25, 43.8
25, 44
25, 44.2
25, 44.4
25, 44.6
25, 44.8
25, 45
25, 45.2
25, 45.4
25, 45.6
25, 45.8
25, 46
25, 46.2
25, 46.4
25, 46.6
25, 46.8
25, 47
25, 47.2
25, 47.4
25, 47.6
25, 47.8
25, 48
25, 48.2
25, 48.4
25, 48.6
25, 48.8
25, 49
25, 49.2
25, 49.4
25, 49.6
25, 49.8
25, 50
25.2, 0.2
25.2, 0.4
25.2, 0.6
25.2, 0.8
25.2, 1
25.2, 1.2
25.2, 1.4
25.2, 1.6
25.2, 1.8
25.2, 2
25.2, 2.2
25.2, 2.4
25.2, 2.6
25.2, 2.8
25.2, 3
25.2, 3.2
25.2, 3.4
25.2, 3.6
25.2, 3.8
25.2, 4
25.2, 4.2
25.2, 4.4
25.2, 4.6
25.2, 4.8
25.2, 5
25.2, 5.2
25.2, 5.4
25.2, 5.6
25.2, 5.8
25.2, 6
25.2, 6.2
25.2, 6.4
25.2, 6.6
25.2, 6.8
25.2, 7
25.2, 7.2
25.2, 7.4
25.2, 7.6
25.2, 7.8
25.2, 8
25.2, 8.2
25.2, 8.4
25.2, 8.6
25.2, 8.8
25.2, 9
25.2, 9.2
25.2, 9.4
25.2, 9.6
25.2, 9.8
25.2, 10
25.2, 10.2
25.2, 10.4
25.2, 10.6
25.2, 10.8
25.2, 11
25.2, 11.2
25.2, 11.4
25.2, 11.6
25.2, 11.8
25.2, 12
25.2, 12.2
25.2, 12.4
25.2, 12.6
25.2, 12.8
25.2, 13
25.2, 13.2
25.2, 13.4
25.2, 13.6
25.2, 13.8
25.2, 14
25.2, 14.2
25.2, 14.4
25.2, 14.6
25.2, 14.8
25.2, 15
25.2, 15.2
25.2, 15.4
25.2, 15.6
25.2, 15.8
25.2, 16
25.2, 16.2
25.2, 16.4
25.2, 16.6
25.2, 16.8
25.2, 17
25.2, 17.2
25.2, 17.4
25.2, 17.6
25.2, 17.8
25.2, 18
25.2, 18.2
25.2, 18.4
25.2, 18.6
25.2, 18.8
25.2, 19
25.2, 19.2
25.2, 19.4
25.2, 19.6
25.2, 19.8
25.2, 20
25.2, 20.2
25.2, 20.4
25.2, 20.6
25.2, 20.8
25.2, 21
25.2, 21.2
25.2, 21.4
25.2, 21.6
25.2, 21.8
25.2, 22
25.2, 22.2
25.2, 22.4
25.2, 22.6
25.2, 22.8
25.2, 23
25.2, 23.2
25.2, 23.4
25.2, 23.6
25.2, 23.8
25.2, 24
25.2, 24.2
25.2, 24.4
25.2, 24.6
25.2, 24.8
25.2, 25
25.2, 25.2
25.2, 25.4
25.2, 25.6
25.2, 25.8
25.2, 26
25.2, 26.2
25.2, 26.4
25.2, 26.6
25.2, 26.8
25.2, 27
25.2, 27.2
25.2, 27.4
25.2, 27.6
25.2, 27.8
25.2, 28
25.2, 28.2
25.2, 28.4
25.2, 28.6
25.2, 28.8
25.2, 29
25.2, 29.2
25.2, 29.4
25.2, 29.6
25.2, 29.8
25.2, 30
25.2, 30.2
25.2, 30.4
25.2, 30.6
25.2, 30.8
25.2, 31
25.2, 31.2
25.2, 31.4
25.2, 31.6
25.2, 31.8
25.2, 32
25.2, 32.2
25.2, 32.4
25.2, 32.6
25.2, 32.8
25.2, 33
25.2, 33.2
25.2, 33.4
25.2, 33.6
25.2, 33.8
25.2, 34
25.2, 34.2
25.2, 34.4
25.2, 34.6
25.2, 34.8
25.2, 35
25.2, 35.2
25.2, 35.4
25.2, 35.6
25.2, 35.8
25.2, 36
25.2, 36.2
25.2, 36.4
25.2, 36.6
25.2, 36.8
25.2, 37
25.2, 37.2
25.2, 37.4
25.2, 37.6
25.2, 37.8
25.2, 38
25.2, 38.2
25.2, 38.4
25.2, 38.6
25.2, 38.8
25.2, 39
25.2, 39.2
25.2, 39.4
25.2, 39.6
25.2, 39.8
25.2, 40
25.2, 40.2
25.2, 40.4
25.2, 40.6
25.2, 40.8
25.2, 41
25.2, 41.2
25.2, 41.4
25.2, 41.6
25.2, 41.8
25.2, 42
25.2, 42.2
25.2, 42.4
25.2, 42.6
25.2, 42.8
25.2, 43
25.2, 43.2
25.2, 43.4
25.2, 43.6
25.2, 43.8
25.2, 44
25.2, 44.2
25.2, 44.4
25.2, 44.6
25.2, 44.8
25.2, 45
25.2, 45.2
25.2, 45.4
25.2, 45.6
25.2, 45.8
25.2, 46
25.2, 46.2
25.2, 46.4
25.2, 46.6
25.2, 46.8
25.2, 47
25.2, 47.2
25.2, 47.4
25.2, 47.6
25.2, 47.8
25.2, 48
25.2, 48.2
25.2, 48.4
25.2, 48.6
25.2, 48.8
25.2, 49
25.2, 49.2
25.2, 49.4
25.2, 49.6
25.2, 49.8
25.2, 50
25.4, 0.2
25.4, 0.4
25.4, 0.6
25.4, 0.8
25.4, 1
25.4, 1.2
25.4, 1.4
25.4, 1.6
25.4, 1.8
25.4, 2
25.4, 2.2
25.4, 2.4
25.4, 2.6
25.4, 2.8
25.4, 3
25.4, 3.2
25.4, 3.4
25.4, 3.6
25.4, 3.8
25.4, 4
25.4, 4.2
25.4, 4.4
25.4, 4.6
25.4, 4.8
25.4, 5
25.4, 5.2
25.4, 5.4
25.4, 5.6
25.4, 5.8
25.4, 6
25.4, 6.2
25.4, 6.4
25.4, 6.6
25.4, 6.8
25.4, 7
25.4, 7.2
25.4, 7.4
25.4, 7.6
25.4, 7.8
25.4, 8
25.4, 8.2
25.4, 8.4
25.4, 8.6
25.4, 8.8
25.4, 9
25.4, 9.2
25.4, 9.4
25.4, 9.6
25.4, 9.8
25.4, 10
25.4, 10.2
25.4, 10.4
25.4, 10.6
25.4, 10.8
25.4, 11
25.4, 11.2
25.4, 11.4
25.4, 11.6
25.4, 11.8
25.4, 12
25.4, 12.2
25.4, 12.4
25.4, 12.6
25.4, 12.8
25.4, 13
25.4, 13.2
25.4, 13.4
25.4, 13.6
25.4, 13.8
25.4, 14
25.4, 14.2
25.4, 14.4
25.4, 14.6
25.4, 14.8
25.4, 15
25.4, 15.2
25.4, 15.4
25.4, 15.6
25.4, 15.8
25.4, 16
25.4, 16.2
25.4, 16.4
25.4, 16.6
25.4, 16.8
25.4, 17
25.4, 17.2
25.4, 17.4
25.4, 17.6
25.4, 17.8
25.4, 18
25.4, 18.2
25.4, 18.4
25.4, 18.6
25.4, 18.8
25.4, 19
25.4, 19.2
25.4, 19.4
25.4, 19.6
25.4, 19.8
25.4, 20
25.4, 20.2
25.4, 20.4
25.4, 20.6
25.4, 20.8
25.4, 21
25.4, 21.2
25.4, 21.4
25.4, 21.6
25.4, 21.8
25.4, 22
25.4, 22.2
25.4, 22.4
25.4, 22.6
25.4, 22.8
25.4, 23
25.4, 23.2
25.4, 23.4
25.4, 23.6
25.4, 23.8
25.4, 24
25.4, 24.2
25.4, 24.4
25.4, 24.6
25.4, 24.8
25.4, 25
25.4, 25.2
25.4, 25.4
25.4, 25.6
25.4, 25.8
25.4, 26
25.4, 26.2
25.4, 26.4
25.4, 26.6
25.4, 26.8
25.4, 27
25.4, 27.2
25.4, 27.4
25.4, 27.6
25.4, 27.8
25.4, 28
25.4, 28.2
25.4, 28.4
25.4, 28.6
25.4, 28.8
25.4, 29
25.4, 29.2
25.4, 29.4
25.4, 29.6
25.4, 29.8
25.4, 30
25.4, 30.2
25.4, 30.4
25.4, 30.6
25.4, 30.8
25.4, 31
25.4, 31.2
25.4, 31.4
25.4, 31.6
25.4, 31.8
25.4, 32
25.4, 32.2
25.4, 32.4
25.4, 32.6
25.4, 32.8
25.4, 33
25.4, 33.2
25.4, 33.4
25.4, 33.6
25.4, 33.8
25.4, 34
25.4, 34.2
25.4, 34.4
25.4, 34.6
25.4, 34.8
25.4, 35
25.4, 35.2
25.4, 35.4
25.4, 35.6
25.4, 35.8
25.4, 36
25.4, 36.2
25.4, 36.4
25.4, 36.6
25.4, 36.8
25.4, 37
25.4, 37.2
25.4, 37.4
25.4, 37.6
25.4, 37.8
25.4, 38
25.4, 38.2
25.4, 38.4
25.4, 38.6
25.4, 38.8
25.4, 39
25.4, 39.2
25.4, 39.4
25.4, 39.6
25.4, 39.8
25.4, 40
25.4, 40.2
25.4, 40.4
25.4, 40.6
25.4, 40.8
25.4, 41
25.4, 41.2
25.4, 41.4
25.4, 41.6
25.4, 41.8
25.4, 42
25.4, 42.2
25.4, 42.4
25.4, 42.6
25.4, 42.8
25.4, 43
25.4, 43.2
25.4, 43.4
25.4, 43.6
25.4, 43.8
25.4, 44
25.4, 44.2
25.4, 44.4
25.4, 44.6
25.4, 44.8
25.4, 45
25.4, 45.2
25.4, 45.4
25.4, 45.6
25.4, 45.8
25.4, 46
25.4, 46.2
25.4, 46.4
25.4, 46.6
25.4, 46.8
25.4, 47
25.4, 47.2
25.4, 47.4
25.4, 47.6
25.4, 47.8
25.4, 48
25.4, 48.2
25.4, 48.4
25.4, 48.6
25.4, 48.8
25.4, 49
25.4, 49.2
25.4, 49.4
25.4, 49.6
25.4, 49.8
25.4, 50
25.6, 0.2
25.6, 0.4
25.6, 0.6
25.6, 0.8
25.6, 1
25.6, 1.2
25.6, 1.4
25.6, 1.6
25.6, 1.8
25.6, 2
25.6, 2.2
25.6, 2.4
25.6, 2.6
25.6, 2.8
25.6, 3
25.6, 3.2
25.6, 3.4
25.6, 3.6
25.6, 3.8
25.6, 4
25.6, 4.2
25.6, 4.4
25.6, 4.6
25.6, 4.8
25.6, 5
25.6, 5.2
25.6, 5.4
25.6, 5.6
25.6, 5.8
25.6, 6
25.6, 6.2
25.6, 6.4
25.6, 6.6
25.6, 6.8
25.6, 7
25.6, 7.2
25.6, 7.4
25.6, 7.6
25.6, 7.8
25.6, 8
25.6, 8.2
25.6, 8.4
25.6, 8.6
25.6, 8.8
25.6, 9
25.6, 9.2
25.6, 9.4
25.6, 9.6
25.6, 9.8
25.6, 10
25.6, 10.2
25.6, 10.4
25.6, 10.6
25.6, 10.8
25.6, 11
25.6, 11.2
25.6, 11.4
25.6, 11.6
25.6, 11.8
25.6, 12
25.6, 12.2
25.6, 12.4
25.6, 12.6
25.6, 12.8
25.6, 13
25.6, 13.2
25.6, 13.4
25.6, 13.6
25.6, 13.8
25.6, 14
25.6, 14.2
25.6, 14.4
25.6, 14.6
25.6, 14.8
25.6, 15
25.6, 15.2
25.6, 15.4
25.6, 15.6
25.6, 15.8
25.6, 16
25.6, 16.2
25.6, 16.4
25.6, 16.6
25.6, 16.8
25.6, 17
25.6, 17.2
25.6, 17.4
25.6, 17.6
25.6, 17.8
25.6, 18
25.6, 18.2
25.6, 18.4
25.6, 18.6
25.6, 18.8
25.6, 19
25.6, 19.2
25.6, 19.4
25.6, 19.6
25.6, 19.8
25.6, 20
25.6, 20.2
25.6, 20.4
25.6, 20.6
25.6, 20.8
25.6, 21
25.6, 21.2
25.6, 21.4
25.6, 21.6
25.6, 21.8
25.6, 22
25.6, 22.2
25.6, 22.4
25.6, 22.6
25.6, 22.8
25.6, 23
25.6, 23.2
25.6, 23.4
25.6, 23.6
25.6, 23.8
25.6, 24
25.6, 24.2
25.6, 24.4
25.6, 24.6
25.6, 24.8
25.6, 25
25.6, 25.2
25.6, 25.4
25.6, 25.6
25.6, 25.8
25.6, 26
25.6, 26.2
25.6, 26.4
25.6, 26.6
25.6, 26.8
25.6, 27
25.6, 27.2
25.6, 27.4
25.6, 27.6
25.6, 27.8
25.6, 28
25.6, 28.2
25.6, 28.4
25.6, 28.6
25.6, 28.8
25.6, 29
25.6, 29.2
25.6, 29.4
25.6, 29.6
25.6, 29.8
25.6, 30
25.6, 30.2
25.6, 30.4
25.6, 30.6
25.6, 30.8
25.6, 31
25.6, 31.2
25.6, 31.4
25.6, 31.6
25.6, 31.8
25.6, 32
25.6, 32.2
25.6, 32.4
25.6, 32.6
25.6, 32.8
25.6, 33
25.6, 33.2
25.6, 33.4
25.6, 33.6
25.6, 33.8
25.6, 34
25.6, 34.2
25.6, 34.4
25.6, 34.6
25.6, 34.8
25.6, 35
25.6, 35.2
25.6, 35.4
25.6, 35.6
25.6, 35.8
25.6, 36
25.6, 36.2
25.6, 36.4
25.6, 36.6
25.6, 36.8
25.6, 37
25.6, 37.2
25.6, 37.4
25.6, 37.6
25.6, 37.8
25.6, 38
25.6, 38.2
25.6, 38.4
25.6, 38.6
25.6, 38.8
25.6, 39
25.6, 39.2
25.6, 39.4
25.6, 39.6
25.6, 39.8
25.6, 40
25.6, 40.2
25.6, 40.4
25.6, 40.6
25.6, 40.8
25.6, 41
25.6, 41.2
25.6, 41.4
25.6, 41.6
25.6, 41.8
25.6, 42
25.6, 42.2
25.6, 42.4
25.6, 42.6
25.6, 42.8
25.6, 43
25.6, 43.2
25.6, 43.4
25.6, 43.6
25.6, 43.8
25.6, 44
25.6, 44.2
25.6, 44.4
25.6, 44.6
25.6, 44.8
25.6, 45
25.6, 45.2
25.6, 45.4
25.6, 45.6
25.6, 45.8
25.6, 46
25.6, 46.2
25.6, 46.4
25.6, 46.6
25.6, 46.8
25.6, 47
25.6, 47.2
25.6, 47.4
25.6, 47.6
25.6, 47.8
25.6, 48
25.6, 48.2
25.6, 48.4
25.6, 48.6
25.6, 48.8
25.6, 49
25.6, 49.2
25.6, 49.4
25.6, 49.6
25.6, 49.8
25.6, 50
25.8, 0.2
25.8, 0.4
25.8, 0.6
25.8, 0.8
25.8, 1
25.8, 1.2
25.8, 1.4
25.8, 1.6
25.8, 1.8
25.8, 2
25.8, 2.2
25.8, 2.4
25.8, 2.6
25.8, 2.8
25.8, 3
25.8, 3.2
25.8, 3.4
25.8, 3.6
25.8, 3.8
25.8, 4
25.8, 4.2
25.8, 4.4
25.8, 4.6
25.8, 4.8
25.8, 5
25.8, 5.2
25.8, 5.4
25.8, 5.6
25.8, 5.8
25.8, 6
25.8, 6.2
25.8, 6.4
25.8, 6.6
25.8, 6.8
25.8, 7
25.8, 7.2
25.8, 7.4
25.8, 7.6
25.8, 7.8
25.8, 8
25.8, 8.2
25.8, 8.4
25.8, 8.6
25.8, 8.8
25.8, 9
25.8, 9.2
25.8, 9.4
25.8, 9.6
25.8, 9.8
25.8, 10
25.8, 10.2
25.8, 10.4
25.8, 10.6
25.8, 10.8
25.8, 11
25.8, 11.2
25.8, 11.4
25.8, 11.6
25.8, 11.8
25.8, 12
25.8, 12.2
25.8, 12.4
25.8, 12.6
25.8, 12.8
25.8, 13
25.8, 13.2
25.8, 13.4
25.8, 13.6
25.8, 13.8
25.8, 14
25.8, 14.2
25.8, 14.4
25.8, 14.6
25.8, 14.8
25.8, 15
25.8, 15.2
25.8, 15.4
25.8, 15.6
25.8, 15.8
25.8, 16
25.8, 16.2
25.8, 16.4
25.8, 16.6
25.8, 16.8
25.8, 17
25.8, 17.2
25.8, 17.4
25.8, 17.6
25.8, 17.8
25.8, 18
25.8, 18.2
25.8, 18.4
25.8, 18.6
25.8, 18.8
25.8, 19
25.8, 19.2
25.8, 19.4
25.8, 19.6
25.8, 19.8
25.8, 20
25.8, 20.2
25.8, 20.4
25.8, 20.6
25.8, 20.8
25.8, 21
25.8, 21.2
25.8, 21.4
25.8, 21.6
25.8, 21.8
25.8, 22
25.8, 22.2
25.8, 22.4
25.8, 22.6
25.8, 22.8
25.8, 23
25.8, 23.2
25.8, 23.4
25.8, 23.6
25.8, 23.8
25.8, 24
25.8, 24.2
25.8, 24.4
25.8, 24.6
25.8, 24.8
25.8, 25
25.8, 25.2
25.8, 25.4
25.8, 25.6
25.8, 25.8
25.8, 26
25.8, 26.2
25.8, 26.4
25.8, 26.6
25.8, 26.8
25.8, 27
25.8, 27.2
25.8, 27.4
25.8, 27.6
25.8, 27.8
25.8, 28
25.8, 28.2
25.8, 28.4
25.8, 28.6
25.8, 28.8
25.8, 29
25.8, 29.2
25.8, 29.4
25.8, 29.6
25.8, 29.8
25.8, 30
25.8, 30.2
25.8, 30.4
25.8, 30.6
25.8, 30.8
25.8, 31
25.8, 31.2
25.8, 31.4
25.8, 31.6
25.8, 31.8
25.8, 32
25.8, 32.2
25.8, 32.4
25.8, 32.6
25.8, 32.8
25.8, 33
25.8, 33.2
25.8, 33.4
25.8, 33.6
25.8, 33.8
25.8, 34
25.8, 34.2
25.8, 34.4
25.8, 34.6
25.8, 34.8
25.8, 35
25.8, 35.2
25.8, 35.4
25.8, 35.6
25.8, 35.8
25.8, 36
25.8, 36.2
25.8, 36.4
25.8, 36.6
25.8, 36.8
25.8, 37
25.8, 37.2
25.8, 37.4
25.8, 37.6
25.8, 37.8
25.8, 38
25.8, 38.2
25.8, 38.4
25.8, 38.6
25.8, 38.8
25.8, 39
25.8, 39.2
25.8, 39.4
25.8, 39.6
25.8, 39.8
25.8, 40
25.8, 40.2
25.8, 40.4
25.8, 40.6
25.8, 40.8
25.8, 41
25.8, 41.2
25.8, 41.4
25.8, 41.6
25.8, 41.8
25.8, 42
25.8, 42.2
25.8, 42.4
25.8, 42.6
25.8, 42.8
25.8, 43
25.8, 43.2
25.8, 43.4
25.8, 43.6
25.8, 43.8
25.8, 44
25.8, 44.2
25.8, 44.4
25.8, 44.6
25.8, 44.8
25.8, 45
25.8, 45.2
25.8, 45.4
25.8, 45.6
25.8, 45.8
25.8, 46
25.8, 46.2
25.8, 46.4
25.8, 46.6
25.8, 46.8
25.8, 47
25.8, 47.2
25.8, 47.4
25.8, 47.6
25.8, 47.8
25.8, 48
25.8, 48.2
25.8, 48.4
25.8, 48.6
25.8, 48.8
25.8, 49
25.8, 49.2
25.8, 49.4
25.8, 49.6
25.8, 49.8
25.8, 50
26, 0.2
26, 0.4
26, 0.6
26, 0.8
26, 1
26, 1.2
26, 1.4
26, 1.6
26, 1.8
26, 2
26, 2.2
26, 2.4
26, 2.6
26, 2.8
26, 3
26, 3.2
26, 3.4
26, 3.6
26, 3.8
26, 4
26, 4.2
26, 4.4
26, 4.6
26, 4.8
26, 5
26, 5.2
26, 5.4
26, 5.6
26, 5.8
26, 6
26, 6.2
26, 6.4
26, 6.6
26, 6.8
26, 7
26, 7.2
26, 7.4
26, 7.6
26, 7.8
26, 8
26, 8.2
26, 8.4
26, 8.6
26, 8.8
26, 9
26, 9.2
26, 9.4
26, 9.6
26, 9.8
26, 10
26, 10.2
26, 10.4
26, 10.6
26, 10.8
26, 11
26, 11.2
26, 11.4
26, 11.6
26, 11.8
26, 12
26, 12.2
26, 12.4
26, 12.6
26, 12.8
26, 13
26, 13.2
26, 13.4
26, 13.6
26, 13.8
26, 14
26, 14.2
26, 14.4
26, 14.6
26, 14.8
26, 15
26, 15.2
26, 15.4
26, 15.6
26, 15.8
26, 16
26, 16.2
26, 16.4
26, 16.6
26, 16.8
26, 17
26, 17.2
26, 17.4
26, 17.6
26, 17.8
26, 18
26, 18.2
26, 18.4
26, 18.6
26, 18.8
26, 19
26, 19.2
26, 19.4
26, 19.6
26, 19.8
26, 20
26, 20.2
26, 20.4
26, 20.6
26, 20.8
26, 21
26, 21.2
26, 21.4
26, 21.6
26, 21.8
26, 22
26, 22.2
26, 22.4
26, 22.6
26, 22.8
26, 23
26, 23.2
26, 23.4
26, 23.6
26, 23.8
26, 24
26, 24.2
26, 24.4
26, 24.6
26, 24.8
26, 25
26, 25.2
26, 25.4
26, 25.6
26, 25.8
26, 26
26, 26.2
26, 26.4
26, 26.6
26, 26.8
26, 27
26, 27.2
26, 27.4
26, 27.6
26, 27.8
26, 28
26, 28.2
26, 28.4
26, 28.6
26, 28.8
26, 29
26, 29.2
26, 29.4
26, 29.6
26, 29.8
26, 30
26, 30.2
26, 30.4
26, 30.6
26, 30.8
26, 31
26, 31.2
26, 31.4
26, 31.6
26, 31.8
26, 32
26, 32.2
26, 32.4
26, 32.6
26, 32.8
26, 33
26, 33.2
26, 33.4
26, 33.6
26, 33.8
26, 34
26, 34.2
26, 34.4
26, 34.6
26, 34.8
26, 35
26, 35.2
26, 35.4
26, 35.6
26, 35.8
26, 36
26, 36.2
26, 36.4
26, 36.6
26, 36.8
26, 37
26, 37.2
26, 37.4
26, 37.6
26, 37.8
26, 38
26, 38.2
26, 38.4
26, 38.6
26, 38.8
26, 39
26, 39.2
26, 39.4
26, 39.6
26, 39.8
26, 40
26, 40.2
26, 40.4
26, 40.6
26, 40.8
26, 41
26, 41.2
26, 41.4
26, 41.6
26, 41.8
26, 42
26, 42.2
26, 42.4
26, 42.6
26, 42.8
26, 43
26, 43.2
26, 43.4
26, 43.6
26, 43.8
26, 44
26, 44.2
26, 44.4
26, 44.6
26, 44.8
26, 45
26, 45.2
26, 45.4
26, 45.6
26, 45.8
26, 46
26, 46.2
26, 46.4
26, 46.6
26, 46.8
26, 47
26, 47.2
26, 47.4
26, 47.6
26, 47.8
26, 48
26, 48.2
26, 48.4
26, 48.6
26, 48.8
26, 49
26, 49.2
26, 49.4
26, 49.6
26, 49.8
26, 50
26.2, 0.2
26.2, 0.4
26.2, 0.6
26.2, 0.8
26.2, 1
26.2, 1.2
26.2, 1.4
26.2, 1.6
26.2, 1.8
26.2, 2
26.2, 2.2
26.2, 2.4
26.2, 2.6
26.2, 2.8
26.2, 3
26.2, 3.2
26.2, 3.4
26.2, 3.6
26.2, 3.8
26.2, 4
26.2, 4.2
26.2, 4.4
26.2, 4.6
26.2, 4.8
26.2, 5
26.2, 5.2
26.2, 5.4
26.2, 5.6
26.2, 5.8
26.2, 6
26.2, 6.2
26.2, 6.4
26.2, 6.6
26.2, 6.8
26.2, 7
26.2, 7.2
26.2, 7.4
26.2, 7.6
26.2, 7.8
26.2, 8
26.2, 8.2
26.2, 8.4
26.2, 8.6
26.2, 8.8
26.2, 9
26.2, 9.2
26.2, 9.4
26.2, 9.6
26.2, 9.8
26.2, 10
26.2, 10.2
26.2, 10.4
26.2, 10.6
26.2, 10.8
26.2, 11
26.2, 11.2
26.2, 11.4
26.2, 11.6
26.2, 11.8
26.2, 12
26.2, 12.2
26.2, 12.4
26.2, 12.6
26.2, 12.8
26.2, 13
26.2, 13.2
26.2, 13.4
26.2, 13.6
26.2, 13.8
26.2, 14
26.2, 14.2
26.2, 14.4
26.2, 14.6
26.2, 14.8
26.2, 15
26.2, 15.2
26.2, 15.4
26.2, 15.6
26.2, 15.8
26.2, 16
26.2, 16.2
26.2, 16.4
26.2, 16.6
26.2, 16.8
26.2, 17
26.2, 17.2
26.2, 17.4
26.2, 17.6
26.2, 17.8
26.2, 18
26.2, 18.2
26.2, 18.4
26.2, 18.6
26.2, 18.8
26.2, 19
26.2, 19.2
26.2, 19.4
26.2, 19.6
26.2, 19.8
26.2, 20
26.2, 20.2
26.2, 20.4
26.2, 20.6
26.2, 20.8
26.2, 21
26.2, 21.2
26.2, 21.4
26.2, 21.6
26.2, 21.8
26.2, 22
26.2, 22.2
26.2, 22.4
26.2, 22.6
26.2, 22.8
26.2, 23
26.2, 23.2
26.2, 23.4
26.2, 23.6
26.2, 23.8
26.2, 24
26.2, 24.2
26.2, 24.4
26.2, 24.6
26.2, 24.8
26.2, 25
26.2, 25.2
26.2, 25.4
26.2, 25.6
26.2, 25.8
26.2, 26
26.2, 26.2
26.2, 26.4
26.2, 26.6
26.2, 26.8
26.2, 27
26.2, 27.2
26.2, 27.4
26.2, 27.6
26.2, 27.8
26.2, 28
26.2, 28.2
26.2, 28.4
26.2, 28.6
26.2, 28.8
26.2, 29
26.2, 29.2
26.2, 29.4
26.2, 29.6
26.2, 29.8
26.2, 30
26.2, 30.2
26.2, 30.4
26.2, 30.6
26.2, 30.8
26.2, 31
26.2, 31.2
26.2, 31.4
26.2, 31.6
26.2, 31.8
26.2, 32
26.2, 32.2
26.2, 32.4
26.2, 32.6
26.2, 32.8
26.2, 33
26.2, 33.2
26.2, 33.4
26.2, 33.6
26.2, 33.8
26.2, 34
26.2, 34.2
26.2, 34.4
26.2, 34.6
26.2, 34.8
26.2, 35
26.2, 35.2
26.2, 35.4
26.2, 35.6
26.2, 35.8
26.2, 36
26.2, 36.2
26.2, 36.4
26.2, 36.6
26.2, 36.8
26.2, 37
26.2, 37.2
26.2, 37.4
26.2, 37.6
26.2, 37.8
26.2, 38
26.2, 38.2
26.2, 38.4
26.2, 38.6
26.2, 38.8
26.2, 39
26.2, 39.2
26.2, 39.4
26.2, 39.6
26.2, 39.8
26.2, 40
26.2, 40.2
26.2, 40.4
26.2, 40.6
26.2, 40.8
26.2, 41
26.2, 41.2
26.2, 41.4
26.2, 41.6
26.2, 41.8
26.2, 42
26.2, 42.2
26.2, 42.4
26.2, 42.6
26.2, 42.8
26.2, 43
26.2, 43.2
26.2, 43.4
26.2, 43.6
26.2, 43.8
26.2, 44
26.2, 44.2
26.2, 44.4
26.2, 44.6
26.2, 44.8
26.2, 45
26.2, 45.2
26.2, 45.4
26.2, 45.6
26.2, 45.8
26.2, 46
26.2, 46.2
26.2, 46.4
26.2, 46.6
26.2, 46.8
26.2, 47
26.2, 47.2
26.2, 47.4
26.2, 47.6
26.2, 47.8
26.2, 48
26.2, 48.2
26.2, 48.4
26.2, 48.6
26.2, 48.8
26.2, 49
26.2, 49.2
26.2, 49.4
26.2, 49.6
26.2, 49.8
26.2, 50
26.4, 0.2
26.4, 0.4
26.4, 0.6
26.4, 0.8
26.4, 1
26.4, 1.2
26.4, 1.4
26.4, 1.6
26.4, 1.8
26.4, 2
26.4, 2.2
26.4, 2.4
26.4, 2.6
26.4, 2.8
26.4, 3
26.4, 3.2
26.4, 3.4
26.4, 3.6
26.4, 3.8
26.4, 4
26.4, 4.2
26.4, 4.4
26.4, 4.6
26.4, 4.8
26.4, 5
26.4, 5.2
26.4, 5.4
26.4, 5.6
26.4, 5.8
26.4, 6
26.4, 6.2
26.4, 6.4
26.4, 6.6
26.4, 6.8
26.4, 7
26.4, 7.2
26.4, 7.4
26.4, 7.6
26.4, 7.8
26.4, 8
26.4, 8.2
26.4, 8.4
26.4, 8.6
26.4, 8.8
26.4, 9
26.4, 9.2
26.4, 9.4
26.4, 9.6
26.4, 9.8
26.4, 10
26.4, 10.2
26.4, 10.4
26.4, 10.6
26.4, 10.8
26.4, 11
26.4, 11.2
26.4, 11.4
26.4, 11.6
26.4, 11.8
26.4, 12
26.4, 12.2
26.4, 12.4
26.4, 12.6
26.4, 12.8
26.4, 13
26.4, 13.2
26.4, 13.4
26.4, 13.6
26.4, 13.8
26.4, 14
26.4, 14.2
26.4, 14.4
26.4, 14.6
26.4, 14.8
26.4, 15
26.4, 15.2
26.4, 15.4
26.4, 15.6
26.4, 15.8
26.4, 16
26.4, 16.2
26.4, 16.4
26.4, 16.6
26.4, 16.8
26.4, 17
26.4, 17.2
26.4, 17.4
26.4, 17.6
26.4, 17.8
26.4, 18
26.4, 18.2
26.4, 18.4
26.4, 18.6
26.4, 18.8
26.4, 19
26.4, 19.2
26.4, 19.4
26.4, 19.6
26.4, 19.8
26.4, 20
26.4, 20.2
26.4, 20.4
26.4, 20.6
26.4, 20.8
26.4, 21
26.4, 21.2
26.4, 21.4
26.4, 21.6
26.4, 21.8
26.4, 22
26.4, 22.2
26.4, 22.4
26.4, 22.6
26.4, 22.8
26.4, 23
26.4, 23.2
26.4, 23.4
26.4, 23.6
26.4, 23.8
26.4, 24
26.4, 24.2
26.4, 24.4
26.4, 24.6
26.4, 24.8
26.4, 25
26.4, 25.2
26.4, 25.4
26.4, 25.6
26.4, 25.8
26.4, 26
26.4, 26.2
26.4, 26.4
26.4, 26.6
26.4, 26.8
26.4, 27
26.4, 27.2
26.4, 27.4
26.4, 27.6
26.4, 27.8
26.4, 28
26.4, 28.2
26.4, 28.4
26.4, 28.6
26.4, 28.8
26.4, 29
26.4, 29.2
26.4, 29.4
26.4, 29.6
26.4, 29.8
26.4, 30
26.4, 30.2
26.4, 30.4
26.4, 30.6
26.4, 30.8
26.4, 31
26.4, 31.2
26.4, 31.4
26.4, 31.6
26.4, 31.8
26.4, 32
26.4, 32.2
26.4, 32.4
26.4, 32.6
26.4, 32.8
26.4, 33
26.4, 33.2
26.4, 33.4
26.4, 33.6
26.4, 33.8
26.4, 34
26.4, 34.2
26.4, 34.4
26.4, 34.6
26.4, 34.8
26.4, 35
26.4, 35.2
26.4, 35.4
26.4, 35.6
26.4, 35.8
26.4, 36
26.4, 36.2
26.4, 36.4
26.4, 36.6
26.4, 36.8
26.4, 37
26.4, 37.2
26.4, 37.4
26.4, 37.6
26.4, 37.8
26.4, 38
26.4, 38.2
26.4, 38.4
26.4, 38.6
26.4, 38.8
26.4, 39
26.4, 39.2
26.4, 39.4
26.4, 39.6
26.4, 39.8
26.4, 40
26.4, 40.2
26.4, 40.4
26.4, 40.6
26.4, 40.8
26.4, 41
26.4, 41.2
26.4, 41.4
26.4, 41.6
26.4, 41.8
26.4, 42
26.4, 42.2
26.4, 42.4
26.4, 42.6
26.4, 42.8
26.4, 43
26.4, 43.2
26.4, 43.4
26.4, 43.6
26.4, 43.8
26.4, 44
26.4, 44.2
26.4, 44.4
26.4, 44.6
26.4, 44.8
26.4, 45
26.4, 45.2
26.4, 45.4
26.4, 45.6
26.4, 45.8
26.4, 46
26.4, 46.2
26.4, 46.4
26.4, 46.6
26.4, 46.8
26.4, 47
26.4, 47.2
26.4, 47.4
26.4, 47.6
26.4, 47.8
26.4, 48
26.4, 48.2
26.4, 48.4
26.4, 48.6
26.4, 48.8
26.4, 49
26.4, 49.2
26.4, 49.4
26.4, 49.6
26.4, 49.8
26.4, 50
26.6, 0.2
26.6, 0.4
26.6, 0.6
26.6, 0.8
26.6, 1
26.6, 1.2
26.6, 1.4
26.6, 1.6
26.6, 1.8
26.6, 2
26.6, 2.2
26.6, 2.4
26.6, 2.6
26.6, 2.8
26.6, 3
26.6, 3.2
26.6, 3.4
26.6, 3.6
26.6, 3.8
26.6, 4
26.6, 4.2
26.6, 4.4
26.6, 4.6
26.6, 4.8
26.6, 5
26.6, 5.2
26.6, 5.4
26.6, 5.6
26.6, 5.8
26.6, 6
26.6, 6.2
26.6, 6.4
26.6, 6.6
26.6, 6.8
26.6, 7
26.6, 7.2
26.6, 7.4
26.6, 7.6
26.6, 7.8
26.6, 8
26.6, 8.2
26.6, 8.4
26.6, 8.6
26.6, 8.8
26.6, 9
26.6, 9.2
26.6, 9.4
26.6, 9.6
26.6, 9.8
26.6, 10
26.6, 10.2
26.6, 10.4
26.6, 10.6
26.6, 10.8
26.6, 11
26.6, 11.2
26.6, 11.4
26.6, 11.6
26.6, 11.8
26.6, 12
26.6, 12.2
26.6, 12.4
26.6, 12.6
26.6, 12.8
26.6, 13
26.6, 13.2
26.6, 13.4
26.6, 13.6
26.6, 13.8
26.6, 14
26.6, 14.2
26.6, 14.4
26.6, 14.6
26.6, 14.8
26.6, 15
26.6, 15.2
26.6, 15.4
26.6, 15.6
26.6, 15.8
26.6, 16
26.6, 16.2
26.6, 16.4
26.6, 16.6
26.6, 16.8
26.6, 17
26.6, 17.2
26.6, 17.4
26.6, 17.6
26.6, 17.8
26.6, 18
26.6, 18.2
26.6, 18.4
26.6, 18.6
26.6, 18.8
26.6, 19
26.6, 19.2
26.6, 19.4
26.6, 19.6
26.6, 19.8
26.6, 20
26.6, 20.2
26.6, 20.4
26.6, 20.6
26.6, 20.8
26.6, 21
26.6, 21.2
26.6, 21.4
26.6, 21.6
26.6, 21.8
26.6, 22
26.6, 22.2
26.6, 22.4
26.6, 22.6
26.6, 22.8
26.6, 23
26.6, 23.2
26.6, 23.4
26.6, 23.6
26.6, 23.8
26.6, 24
26.6, 24.2
26.6, 24.4
26.6, 24.6
26.6, 24.8
26.6, 25
26.6, 25.2
26.6, 25.4
26.6, 25.6
26.6, 25.8
26.6, 26
26.6, 26.2
26.6, 26.4
26.6, 26.6
26.6, 26.8
26.6, 27
26.6, 27.2
26.6, 27.4
26.6, 27.6
26.6, 27.8
26.6, 28
26.6, 28.2
26.6, 28.4
26.6, 28.6
26.6, 28.8
26.6, 29
26.6, 29.2
26.6, 29.4
26.6, 29.6
26.6, 29.8
26.6, 30
26.6, 30.2
26.6, 30.4
26.6, 30.6
26.6, 30.8
26.6, 31
26.6, 31.2
26.6, 31.4
26.6, 31.6
26.6, 31.8
26.6, 32
26.6, 32.2
26.6, 32.4
26.6, 32.6
26.6, 32.8
26.6, 33
26.6, 33.2
26.6, 33.4
26.6, 33.6
26.6, 33.8
26.6, 34
26.6, 34.2
26.6, 34.4
26.6, 34.6
26.6, 34.8
26.6, 35
26.6, 35.2
26.6, 35.4
26.6, 35.6
26.6, 35.8
26.6, 36
26.6, 36.2
26.6, 36.4
26.6, 36.6
26.6, 36.8
26.6, 37
26.6, 37.2
26.6, 37.4
26.6, 37.6
26.6, 37.8
26.6, 38
26.6, 38.2
26.6, 38.4
26.6, 38.6
26.6, 38.8
26.6, 39
26.6, 39.2
26.6, 39.4
26.6, 39.6
26.6, 39.8
26.6, 40
26.6, 40.2
26.6, 40.4
26.6, 40.6
26.6, 40.8
26.6, 41
26.6, 41.2
26.6, 41.4
26.6, 41.6
26.6, 41.8
26.6, 42
26.6, 42.2
26.6, 42.4
26.6, 42.6
26.6, 42.8
26.6, 43
26.6, 43.2
26.6, 43.4
26.6, 43.6
26.6, 43.8
26.6, 44
26.6, 44.2
26.6, 44.4
26.6, 44.6
26.6, 44.8
26.6, 45
26.6, 45.2
26.6, 45.4
26.6, 45.6
26.6, 45.8
26.6, 46
26.6, 46.2
26.6, 46.4
26.6, 46.6
26.6, 46.8
26.6, 47
26.6, 47.2
26.6, 47.4
26.6, 47.6
26.6, 47.8
26.6, 48
26.6, 48.2
26.6, 48.4
26.6, 48.6
26.6, 48.8
26.6, 49
26.6, 49.2
26.6, 49.4
26.6, 49.6
26.6, 49.8
26.6, 50
26.8, 0.2
26.8, 0.4
26.8, 0.6
26.8, 0.8
26.8, 1
26.8, 1.2
26.8, 1.4
26.8, 1.6
26.8, 1.8
26.8, 2
26.8, 2.2
26.8, 2.4
26.8, 2.6
26.8, 2.8
26.8, 3
26.8, 3.2
26.8, 3.4
26.8, 3.6
26.8, 3.8
26.8, 4
26.8, 4.2
26.8, 4.4
26.8, 4.6
26.8, 4.8
26.8, 5
26.8, 5.2
26.8, 5.4
26.8, 5.6
26.8, 5.8
26.8, 6
26.8, 6.2
26.8, 6.4
26.8, 6.6
26.8, 6.8
26.8, 7
26.8, 7.2
26.8, 7.4
26.8, 7.6
26.8, 7.8
26.8, 8
26.8, 8.2
26.8, 8.4
26.8, 8.6
26.8, 8.8
26.8, 9
26.8, 9.2
26.8, 9.4
26.8, 9.6
26.8, 9.8
26.8, 10
26.8, 10.2
26.8, 10.4
26.8, 10.6
26.8, 10.8
26.8, 11
26.8, 11.2
26.8, 11.4
26.8, 11.6
26.8, 11.8
26.8, 12
26.8, 12.2
26.8, 12.4
26.8, 12.6
26.8, 12.8
26.8, 13
26.8, 13.2
26.8, 13.4
26.8, 13.6
26.8, 13.8
26.8, 14
26.8, 14.2
26.8, 14.4
26.8, 14.6
26.8, 14.8
26.8, 15
26.8, 15.2
26.8, 15.4
26.8, 15.6
26.8, 15.8
26.8, 16
26.8, 16.2
26.8, 16.4
26.8, 16.6
26.8, 16.8
26.8, 17
26.8, 17.2
26.8, 17.4
26.8, 17.6
26.8, 17.8
26.8, 18
26.8, 18.2
26.8, 18.4
26.8, 18.6
26.8, 18.8
26.8, 19
26.8, 19.2
26.8, 19.4
26.8, 19.6
26.8, 19.8
26.8, 20
26.8, 20.2
26.8, 20.4
26.8, 20.6
26.8, 20.8
26.8, 21
26.8, 21.2
26.8, 21.4
26.8, 21.6
26.8, 21.8
26.8, 22
26.8, 22.2
26.8, 22.4
26.8, 22.6
26.8, 22.8
26.8, 23
26.8, 23.2
26.8, 23.4
26.8, 23.6
26.8, 23.8
26.8, 24
26.8, 24.2
26.8, 24.4
26.8, 24.6
26.8, 24.8
26.8, 25
26.8, 25.2
26.8, 25.4
26.8, 25.6
26.8, 25.8
26.8, 26
26.8, 26.2
26.8, 26.4
26.8, 26.6
26.8, 26.8
26.8, 27
26.8, 27.2
26.8, 27.4
26.8, 27.6
26.8, 27.8
26.8, 28
26.8, 28.2
26.8, 28.4
26.8, 28.6
26.8, 28.8
26.8, 29
26.8, 29.2
26.8, 29.4
26.8, 29.6
26.8, 29.8
26.8, 30
26.8, 30.2
26.8, 30.4
26.8, 30.6
26.8, 30.8
26.8, 31
26.8, 31.2
26.8, 31.4
26.8, 31.6
26.8, 31.8
26.8, 32
26.8, 32.2
26.8, 32.4
26.8, 32.6
26.8, 32.8
26.8, 33
26.8, 33.2
26.8, 33.4
26.8, 33.6
26.8, 33.8
26.8, 34
26.8, 34.2
26.8, 34.4
26.8, 34.6
26.8, 34.8
26.8, 35
26.8, 35.2
26.8, 35.4
26.8, 35.6
26.8, 35.8
26.8, 36
26.8, 36.2
26.8, 36.4
26.8, 36.6
26.8, 36.8
26.8, 37
26.8, 37.2
26.8, 37.4
26.8, 37.6
26.8, 37.8
26.8, 38
26.8, 38.2
26.8, 38.4
26.8, 38.6
26.8, 38.8
26.8, 39
26.8, 39.2
26.8, 39.4
26.8, 39.6
26.8, 39.8
26.8, 40
26.8, 40.2
26.8, 40.4
26.8, 40.6
26.8, 40.8
26.8, 41
26.8, 41.2
26.8, 41.4
26.8, 41.6
26.8, 41.8
26.8, 42
26.8, 42.2
26.8, 42.4
26.8, 42.6
26.8, 42.8
26.8, 43
26.8, 43.2
26.8, 43.4
26.8, 43.6
26.8, 43.8
26.8, 44
26.8, 44.2
26.8, 44.4
26.8, 44.6
26.8, 44.8
26.8, 45
26.8, 45.2
26.8, 45.4
26.8, 45.6
26.8, 45.8
26.8, 46
26.8, 46.2
26.8, 46.4
26.8, 46.6
26.8, 46.8
26.8, 47
26.8, 47.2
26.8, 47.4
26.8, 47.6
26.8, 47.8
26.8, 48
26.8, 48.2
26.8, 48.4
26.8, 48.6
26.8, 48.8
26.8, 49
26.8, 49.2
26.8, 49.4
26.8, 49.6
26.8, 49.8
26.8, 50
27, 0.2
27, 0.4
27, 0.6
27, 0.8
27, 1
27, 1.2
27, 1.4
27, 1.6
27, 1.8
27, 2
27, 2.2
27, 2.4
27, 2.6
27, 2.8
27, 3
27, 3.2
27, 3.4
27, 3.6
27, 3.8
27, 4
27, 4.2
27, 4.4
27, 4.6
27, 4.8
27, 5
27, 5.2
27, 5.4
27, 5.6
27, 5.8
27, 6
27, 6.2
27, 6.4
27, 6.6
27, 6.8
27, 7
27, 7.2
27, 7.4
27, 7.6
27, 7.8
27, 8
27, 8.2
27, 8.4
27, 8.6
27, 8.8
27, 9
27, 9.2
27, 9.4
27, 9.6
27, 9.8
27, 10
27, 10.2
27, 10.4
27, 10.6
27, 10.8
27, 11
27, 11.2
27, 11.4
27, 11.6
27, 11.8
27, 12
27, 12.2
27, 12.4
27, 12.6
27, 12.8
27, 13
27, 13.2
27, 13.4
27, 13.6
27, 13.8
27, 14
27, 14.2
27, 14.4
27, 14.6
27, 14.8
27, 15
27, 15.2
27, 15.4
27, 15.6
27, 15.8
27, 16
27, 16.2
27, 16.4
27, 16.6
27, 16.8
27, 17
27, 17.2
27, 17.4
27, 17.6
27, 17.8
27, 18
27, 18.2
27, 18.4
27, 18.6
27, 18.8
27, 19
27, 19.2
27, 19.4
27, 19.6
27, 19.8
27, 20
27, 20.2
27, 20.4
27, 20.6
27, 20.8
27, 21
27, 21.2
27, 21.4
27, 21.6
27, 21.8
27, 22
27, 22.2
27, 22.4
27, 22.6
27, 22.8
27, 23
27, 23.2
27, 23.4
27, 23.6
27, 23.8
27, 24
27, 24.2
27, 24.4
27, 24.6
27, 24.8
27, 25
27, 25.2
27, 25.4
27, 25.6
27, 25.8
27, 26
27, 26.2
27, 26.4
27, 26.6
27, 26.8
27, 27
27, 27.2
27, 27.4
27, 27.6
27, 27.8
27, 28
27, 28.2
27, 28.4
27, 28.6
27, 28.8
27, 29
27, 29.2
27, 29.4
27, 29.6
27, 29.8
27, 30
27, 30.2
27, 30.4
27, 30.6
27, 30.8
27, 31
27, 31.2
27, 31.4
27, 31.6
27, 31.8
27, 32
27, 32.2
27, 32.4
27, 32.6
27, 32.8
27, 33
27, 33.2
27, 33.4
27, 33.6
27, 33.8
27, 34
27, 34.2
27, 34.4
27, 34.6
27, 34.8
27, 35
27, 35.2
27, 35.4
27, 35.6
27, 35.8
27, 36
27, 36.2
27, 36.4
27, 36.6
27, 36.8
27, 37
27, 37.2
27, 37.4
27, 37.6
27, 37.8
27, 38
27, 38.2
27, 38.4
27, 38.6
27, 38.8
27, 39
27, 39.2
27, 39.4
27, 39.6
27, 39.8
27, 40
27, 40.2
27, 40.4
27, 40.6
27, 40.8
27, 41
27, 41.2
27, 41.4
27, 41.6
27, 41.8
27, 42
27, 42.2
27, 42.4
27, 42.6
27, 42.8
27, 43
27, 43.2
27, 43.4
27, 43.6
27, 43.8
27, 44
27, 44.2
27, 44.4
27, 44.6
27, 44.8
27, 45
27, 45.2
27, 45.4
27, 45.6
27, 45.8
27, 46
27, 46.2
27, 46.4
27, 46.6
27, 46.8
27, 47
27, 47.2
27, 47.4
27, 47.6
27, 47.8
27, 48
27, 48.2
27, 48.4
27, 48.6
27, 48.8
27, 49
27, 49.2
27, 49.4
27, 49.6
27, 49.8
27, 50
27.2, 0.2
27.2, 0.4
27.2, 0.6
27.2, 0.8
27.2, 1
27.2, 1.2
27.2, 1.4
27.2, 1.6
27.2, 1.8
27.2, 2
27.2, 2.2
27.2, 2.4
27.2, 2.6
27.2, 2.8
27.2, 3
27.2, 3.2
27.2, 3.4
27.2, 3.6
27.2, 3.8
27.2, 4
27.2, 4.2
27.2, 4.4
27.2, 4.6
27.2, 4.8
27.2, 5
27.2, 5.2
27.2, 5.4
27.2, 5.6
27.2, 5.8
27.2, 6
27.2, 6.2
27.2, 6.4
27.2, 6.6
27.2, 6.8
27.2, 7
27.2, 7.2
27.2, 7.4
27.2, 7.6
27.2, 7.8
27.2, 8
27.2, 8.2
27.2, 8.4
27.2, 8.6
27.2, 8.8
27.2, 9
27.2, 9.2
27.2, 9.4
27.2, 9.6
27.2, 9.8
27.2, 10
27.2, 10.2
27.2, 10.4
27.2, 10.6
27.2, 10.8
27.2, 11
27.2, 11.2
27.2, 11.4
27.2, 11.6
27.2, 11.8
27.2, 12
27.2, 12.2
27.2, 12.4
27.2, 12.6
27.2, 12.8
27.2, 13
27.2, 13.2
27.2, 13.4
27.2, 13.6
27.2, 13.8
27.2, 14
27.2, 14.2
27.2, 14.4
27.2, 14.6
27.2, 14.8
27.2, 15
27.2, 15.2
27.2, 15.4
27.2, 15.6
27.2, 15.8
27.2, 16
27.2, 16.2
27.2, 16.4
27.2, 16.6
27.2, 16.8
27.2, 17
27.2, 17.2
27.2, 17.4
27.2, 17.6
27.2, 17.8
27.2, 18
27.2, 18.2
27.2, 18.4
27.2, 18.6
27.2, 18.8
27.2, 19
27.2, 19.2
27.2, 19.4
27.2, 19.6
27.2, 19.8
27.2, 20
27.2, 20.2
27.2, 20.4
27.2, 20.6
27.2, 20.8
27.2, 21
27.2, 21.2
27.2, 21.4
27.2, 21.6
27.2, 21.8
27.2, 22
27.2, 22.2
27.2, 22.4
27.2, 22.6
27.2, 22.8
27.2, 23
27.2, 23.2
27.2, 23.4
27.2, 23.6
27.2, 23.8
27.2, 24
27.2, 24.2
27.2, 24.4
27.2, 24.6
27.2, 24.8
27.2, 25
27.2, 25.2
27.2, 25.4
27.2, 25.6
27.2, 25.8
27.2, 26
27.2, 26.2
27.2, 26.4
27.2, 26.6
27.2, 26.8
27.2, 27
27.2, 27.2
27.2, 27.4
27.2, 27.6
27.2, 27.8
27.2, 28
27.2, 28.2
27.2, 28.4
27.2, 28.6
27.2, 28.8
27.2, 29
27.2, 29.2
27.2, 29.4
27.2, 29.6
27.2, 29.8
27.2, 30
27.2, 30.2
27.2, 30.4
27.2, 30.6
27.2, 30.8
27.2, 31
27.2, 31.2
27.2, 31.4
27.2, 31.6
27.2, 31.8
27.2, 32
27.2, 32.2
27.2, 32.4
27.2, 32.6
27.2, 32.8
27.2, 33
27.2, 33.2
27.2, 33.4
27.2, 33.6
27.2, 33.8
27.2, 34
27.2, 34.2
27.2, 34.4
27.2, 34.6
27.2, 34.8
27.2, 35
27.2, 35.2
27.2, 35.4
27.2, 35.6
27.2, 35.8
27.2, 36
27.2, 36.2
27.2, 36.4
27.2, 36.6
27.2, 36.8
27.2, 37
27.2, 37.2
27.2, 37.4
27.2, 37.6
27.2, 37.8
27.2, 38
27.2, 38.2
27.2, 38.4
27.2, 38.6
27.2, 38.8
27.2, 39
27.2, 39.2
27.2, 39.4
27.2, 39.6
27.2, 39.8
27.2, 40
27.2, 40.2
27.2, 40.4
27.2, 40.6
27.2, 40.8
27.2, 41
27.2, 41.2
27.2, 41.4
27.2, 41.6
27.2, 41.8
27.2, 42
27.2, 42.2
27.2, 42.4
27.2, 42.6
27.2, 42.8
27.2, 43
27.2, 43.2
27.2, 43.4
27.2, 43.6
27.2, 43.8
27.2, 44
27.2, 44.2
27.2, 44.4
27.2, 44.6
27.2, 44.8
27.2, 45
27.2, 45.2
27.2, 45.4
27.2, 45.6
27.2, 45.8
27.2, 46
27.2, 46.2
27.2, 46.4
27.2, 46.6
27.2, 46.8
27.2, 47
27.2, 47.2
27.2, 47.4
27.2, 47.6
27.2, 47.8
27.2, 48
27.2, 48.2
27.2, 48.4
27.2, 48.6
27.2, 48.8
27.2, 49
27.2, 49.2
27.2, 49.4
27.2, 49.6
27.2, 49.8
27.2, 50
27.4, 0.2
27.4, 0.4
27.4, 0.6
27.4, 0.8
27.4, 1
27.4, 1.2
27.4, 1.4
27.4, 1.6
27.4, 1.8
27.4, 2
27.4, 2.2
27.4, 2.4
27.4, 2.6
27.4, 2.8
27.4, 3
27.4, 3.2
27.4, 3.4
27.4, 3.6
27.4, 3.8
27.4, 4
27.4, 4.2
27.4, 4.4
27.4, 4.6
27.4, 4.8
27.4, 5
27.4, 5.2
27.4, 5.4
27.4, 5.6
27.4, 5.8
27.4, 6
27.4, 6.2
27.4, 6.4
27.4, 6.6
27.4, 6.8
27.4, 7
27.4, 7.2
27.4, 7.4
27.4, 7.6
27.4, 7.8
27.4, 8
27.4, 8.2
27.4, 8.4
27.4, 8.6
27.4, 8.8
27.4, 9
27.4, 9.2
27.4, 9.4
27.4, 9.6
27.4, 9.8
27.4, 10
27.4, 10.2
27.4, 10.4
27.4, 10.6
27.4, 10.8
27.4, 11
27.4, 11.2
27.4, 11.4
27.4, 11.6
27.4, 11.8
27.4, 12
27.4, 12.2
27.4, 12.4
27.4, 12.6
27.4, 12.8
27.4, 13
27.4, 13.2
27.4, 13.4
27.4, 13.6
27.4, 13.8
27.4, 14
27.4, 14.2
27.4, 14.4
27.4, 14.6
27.4, 14.8
27.4, 15
27.4, 15.2
27.4, 15.4
27.4, 15.6
27.4, 15.8
27.4, 16
27.4, 16.2
27.4, 16.4
27.4, 16.6
27.4, 16.8
27.4, 17
27.4, 17.2
27.4, 17.4
27.4, 17.6
27.4, 17.8
27.4, 18
27.4, 18.2
27.4, 18.4
27.4, 18.6
27.4, 18.8
27.4, 19
27.4, 19.2
27.4, 19.4
27.4, 19.6
27.4, 19.8
27.4, 20
27.4, 20.2
27.4, 20.4
27.4, 20.6
27.4, 20.8
27.4, 21
27.4, 21.2
27.4, 21.4
27.4, 21.6
27.4, 21.8
27.4, 22
27.4, 22.2
27.4, 22.4
27.4, 22.6
27.4, 22.8
27.4, 23
27.4, 23.2
27.4, 23.4
27.4, 23.6
27.4, 23.8
27.4, 24
27.4, 24.2
27.4, 24.4
27.4, 24.6
27.4, 24.8
27.4, 25
27.4, 25.2
27.4, 25.4
27.4, 25.6
27.4, 25.8
27.4, 26
27.4, 26.2
27.4, 26.4
27.4, 26.6
27.4, 26.8
27.4, 27
27.4, 27.2
27.4, 27.4
27.4, 27.6
27.4, 27.8
27.4, 28
27.4, 28.2
27.4, 28.4
27.4, 28.6
27.4, 28.8
27.4, 29
27.4, 29.2
27.4, 29.4
27.4, 29.6
27.4, 29.8
27.4, 30
27.4, 30.2
27.4, 30.4
27.4, 30.6
27.4, 30.8
27.4, 31
27.4, 31.2
27.4, 31.4
27.4, 31.6
27.4, 31.8
27.4, 32
27.4, 32.2
27.4, 32.4
27.4, 32.6
27.4, 32.8
27.4, 33
27.4, 33.2
27.4, 33.4
27.4, 33.6
27.4, 33.8
27.4, 34
27.4, 34.2
27.4, 34.4
27.4, 34.6
27.4, 34.8
27.4, 35
27.4, 35.2
27.4, 35.4
27.4, 35.6
27.4, 35.8
27.4, 36
27.4, 36.2
27.4, 36.4
27.4, 36.6
27.4, 36.8
27.4, 37
27.4, 37.2
27.4, 37.4
27.4, 37.6
27.4, 37.8
27.4, 38
27.4, 38.2
27.4, 38.4
27.4, 38.6
27.4, 38.8
27.4, 39
27.4, 39.2
27.4, 39.4
27.4, 39.6
27.4, 39.8
27.4, 40
27.4, 40.2
27.4, 40.4
27.4, 40.6
27.4, 40.8
27.4, 41
27.4, 41.2
27.4, 41.4
27.4, 41.6
27.4, 41.8
27.4, 42
27.4, 42.2
27.4, 42.4
27.4, 42.6
27.4, 42.8
27.4, 43
27.4, 43.2
27.4, 43.4
27.4, 43.6
27.4, 43.8
27.4, 44
27.4, 44.2
27.4, 44.4
27.4, 44.6
27.4, 44.8
27.4, 45
27.4, 45.2
27.4, 45.4
27.4, 45.6
27.4, 45.8
27.4, 46
27.4, 46.2
27.4, 46.4
27.4, 46.6
27.4, 46.8
27.4, 47
27.4, 47.2
27.4, 47.4
27.4, 47.6
27.4, 47.8
27.4, 48
27.4, 48.2
27.4, 48.4
27.4, 48.6
27.4, 48.8
27.4, 49
27.4, 49.2
27.4, 49.4
27.4, 49.6
27.4, 49.8
27.4, 50
27.6, 0.2
27.6, 0.4
27.6, 0.6
27.6, 0.8
27.6, 1
27.6, 1.2
27.6, 1.4
27.6, 1.6
27.6, 1.8
27.6, 2
27.6, 2.2
27.6, 2.4
27.6, 2.6
27.6, 2.8
27.6, 3
27.6, 3.2
27.6, 3.4
27.6, 3.6
27.6, 3.8
27.6, 4
27.6, 4.2
27.6, 4.4
27.6, 4.6
27.6, 4.8
27.6, 5
27.6, 5.2
27.6, 5.4
27.6, 5.6
27.6, 5.8
27.6, 6
27.6, 6.2
27.6, 6.4
27.6, 6.6
27.6, 6.8
27.6, 7
27.6, 7.2
27.6, 7.4
27.6, 7.6
27.6, 7.8
27.6, 8
27.6, 8.2
27.6, 8.4
27.6, 8.6
27.6, 8.8
27.6, 9
27.6, 9.2
27.6, 9.4
27.6, 9.6
27.6, 9.8
27.6, 10
27.6, 10.2
27.6, 10.4
27.6, 10.6
27.6, 10.8
27.6, 11
27.6, 11.2
27.6, 11.4
27.6, 11.6
27.6, 11.8
27.6, 12
27.6, 12.2
27.6, 12.4
27.6, 12.6
27.6, 12.8
27.6, 13
27.6, 13.2
27.6, 13.4
27.6, 13.6
27.6, 13.8
27.6, 14
27.6, 14.2
27.6, 14.4
27.6, 14.6
27.6, 14.8
27.6, 15
27.6, 15.2
27.6, 15.4
27.6, 15.6
27.6, 15.8
27.6, 16
27.6, 16.2
27.6, 16.4
27.6, 16.6
27.6, 16.8
27.6, 17
27.6, 17.2
27.6, 17.4
27.6, 17.6
27.6, 17.8
27.6, 18
27.6, 18.2
27.6, 18.4
27.6, 18.6
27.6, 18.8
27.6, 19
27.6, 19.2
27.6, 19.4
27.6, 19.6
27.6, 19.8
27.6, 20
27.6, 20.2
27.6, 20.4
27.6, 20.6
27.6, 20.8
27.6, 21
27.6, 21.2
27.6, 21.4
27.6, 21.6
27.6, 21.8
27.6, 22
27.6, 22.2
27.6, 22.4
27.6, 22.6
27.6, 22.8
27.6, 23
27.6, 23.2
27.6, 23.4
27.6, 23.6
27.6, 23.8
27.6, 24
27.6, 24.2
27.6, 24.4
27.6, 24.6
27.6, 24.8
27.6, 25
27.6, 25.2
27.6, 25.4
27.6, 25.6
27.6, 25.8
27.6, 26
27.6, 26.2
27.6, 26.4
27.6, 26.6
27.6, 26.8
27.6, 27
27.6, 27.2
27.6, 27.4
27.6, 27.6
27.6, 27.8
27.6, 28
27.6, 28.2
27.6, 28.4
27.6, 28.6
27.6, 28.8
27.6, 29
27.6, 29.2
27.6, 29.4
27.6, 29.6
27.6, 29.8
27.6, 30
27.6, 30.2
27.6, 30.4
27.6, 30.6
27.6, 30.8
27.6, 31
27.6, 31.2
27.6, 31.4
27.6, 31.6
27.6, 31.8
27.6, 32
27.6, 32.2
27.6, 32.4
27.6, 32.6
27.6, 32.8
27.6, 33
27.6, 33.2
27.6, 33.4
27.6, 33.6
27.6, 33.8
27.6, 34
27.6, 34.2
27.6, 34.4
27.6, 34.6
27.6, 34.8
27.6, 35
27.6, 35.2
27.6, 35.4
27.6, 35.6
27.6, 35.8
27.6, 36
27.6, 36.2
27.6, 36.4
27.6, 36.6
27.6, 36.8
27.6, 37
27.6, 37.2
27.6, 37.4
27.6, 37.6
27.6, 37.8
27.6, 38
27.6, 38.2
27.6, 38.4
27.6, 38.6
27.6, 38.8
27.6, 39
27.6, 39.2
27.6, 39.4
27.6, 39.6
27.6, 39.8
27.6, 40
27.6, 40.2
27.6, 40.4
27.6, 40.6
27.6, 40.8
27.6, 41
27.6, 41.2
27.6, 41.4
27.6, 41.6
27.6, 41.8
27.6, 42
27.6, 42.2
27.6, 42.4
27.6, 42.6
27.6, 42.8
27.6, 43
27.6, 43.2
27.6, 43.4
27.6, 43.6
27.6, 43.8
27.6, 44
27.6, 44.2
27.6, 44.4
27.6, 44.6
27.6, 44.8
27.6, 45
27.6, 45.2
27.6, 45.4
27.6, 45.6
27.6, 45.8
27.6, 46
27.6, 46.2
27.6, 46.4
27.6, 46.6
27.6, 46.8
27.6, 47
27.6, 47.2
27.6, 47.4
27.6, 47.6
27.6, 47.8
27.6, 48
27.6, 48.2
27.6, 48.4
27.6, 48.6
27.6, 48.8
27.6, 49
27.6, 49.2
27.6, 49.4
27.6, 49.6
27.6, 49.8
27.6, 50
27.8, 0.2
27.8, 0.4
27.8, 0.6
27.8, 0.8
27.8, 1
27.8, 1.2
27.8, 1.4
27.8, 1.6
27.8, 1.8
27.8, 2
27.8, 2.2
27.8, 2.4
27.8, 2.6
27.8, 2.8
27.8, 3
27.8, 3.2
27.8, 3.4
27.8, 3.6
27.8, 3.8
27.8, 4
27.8, 4.2
27.8, 4.4
27.8, 4.6
27.8, 4.8
27.8, 5
27.8, 5.2
27.8, 5.4
27.8, 5.6
27.8, 5.8
27.8, 6
27.8, 6.2
27.8, 6.4
27.8, 6.6
27.8, 6.8
27.8, 7
27.8, 7.2
27.8, 7.4
27.8, 7.6
27.8, 7.8
27.8, 8
27.8, 8.2
27.8, 8.4
27.8, 8.6
27.8, 8.8
27.8, 9
27.8, 9.2
27.8, 9.4
27.8, 9.6
27.8, 9.8
27.8, 10
27.8, 10.2
27.8, 10.4
27.8, 10.6
27.8, 10.8
27.8, 11
27.8, 11.2
27.8, 11.4
27.8, 11.6
27.8, 11.8
27.8, 12
27.8, 12.2
27.8, 12.4
27.8, 12.6
27.8, 12.8
27.8, 13
27.8, 13.2
27.8, 13.4
27.8, 13.6
27.8, 13.8
27.8, 14
27.8, 14.2
27.8, 14.4
27.8, 14.6
27.8, 14.8
27.8, 15
27.8, 15.2
27.8, 15.4
27.8, 15.6
27.8, 15.8
27.8, 16
27.8, 16.2
27.8, 16.4
27.8, 16.6
27.8, 16.8
27.8, 17
27.8, 17.2
27.8, 17.4
27.8, 17.6
27.8, 17.8
27.8, 18
27.8, 18.2
27.8, 18.4
27.8, 18.6
27.8, 18.8
27.8, 19
27.8, 19.2
27.8, 19.4
27.8, 19.6
27.8, 19.8
27.8, 20
27.8, 20.2
27.8, 20.4
27.8, 20.6
27.8, 20.8
27.8, 21
27.8, 21.2
27.8, 21.4
27.8, 21.6
27.8, 21.8
27.8, 22
27.8, 22.2
27.8, 22.4
27.8, 22.6
27.8, 22.8
27.8, 23
27.8, 23.2
27.8, 23.4
27.8, 23.6
27.8, 23.8
27.8, 24
27.8, 24.2
27.8, 24.4
27.8, 24.6
27.8, 24.8
27.8, 25
27.8, 25.2
27.8, 25.4
27.8, 25.6
27.8, 25.8
27.8, 26
27.8, 26.2
27.8, 26.4
27.8, 26.6
27.8, 26.8
27.8, 27
27.8, 27.2
27.8, 27.4
27.8, 27.6
27.8, 27.8
27.8, 28
27.8, 28.2
27.8, 28.4
27.8, 28.6
27.8, 28.8
27.8, 29
27.8, 29.2
27.8, 29.4
27.8, 29.6
27.8, 29.8
27.8, 30
27.8, 30.2
27.8, 30.4
27.8, 30.6
27.8, 30.8
27.8, 31
27.8, 31.2
27.8, 31.4
27.8, 31.6
27.8, 31.8
27.8, 32
27.8, 32.2
27.8, 32.4
27.8, 32.6
27.8, 32.8
27.8, 33
27.8, 33.2
27.8, 33.4
27.8, 33.6
27.8, 33.8
27.8, 34
27.8, 34.2
27.8, 34.4
27.8, 34.6
27.8, 34.8
27.8, 35
27.8, 35.2
27.8, 35.4
27.8, 35.6
27.8, 35.8
27.8, 36
27.8, 36.2
27.8, 36.4
27.8, 36.6
27.8, 36.8
27.8, 37
27.8, 37.2
27.8, 37.4
27.8, 37.6
27.8, 37.8
27.8, 38
27.8, 38.2
27.8, 38.4
27.8, 38.6
27.8, 38.8
27.8, 39
27.8, 39.2
27.8, 39.4
27.8, 39.6
27.8, 39.8
27.8, 40
27.8, 40.2
27.8, 40.4
27.8, 40.6
27.8, 40.8
27.8, 41
27.8, 41.2
27.8, 41.4
27.8, 41.6
27.8, 41.8
27.8, 42
27.8, 42.2
27.8, 42.4
27.8, 42.6
27.8, 42.8
27.8, 43
27.8, 43.2
27.8, 43.4
27.8, 43.6
27.8, 43.8
27.8, 44
27.8, 44.2
27.8, 44.4
27.8, 44.6
27.8, 44.8
27.8, 45
27.8, 45.2
27.8, 45.4
27.8, 45.6
27.8, 45.8
27.8, 46
27.8, 46.2
27.8, 46.4
27.8, 46.6
27.8, 46.8
27.8, 47
27.8, 47.2
27.8, 47.4
27.8, 47.6
27.8, 47.8
27.8, 48
27.8, 48.2
27.8, 48.4
27.8, 48.6
27.8, 48.8
27.8, 49
27.8, 49.2
27.8, 49.4
27.8, 49.6
27.8, 49.8
27.8, 50
28, 0.2
28, 0.4
28, 0.6
28, 0.8
28, 1
28, 1.2
28, 1.4
28, 1.6
28, 1.8
28, 2
28, 2.2
28, 2.4
28, 2.6
28, 2.8
28, 3
28, 3.2
28, 3.4
28, 3.6
28, 3.8
28, 4
28, 4.2
28, 4.4
28, 4.6
28, 4.8
28, 5
28, 5.2
28, 5.4
28, 5.6
28, 5.8
28, 6
28, 6.2
28, 6.4
28, 6.6
28, 6.8
28, 7
28, 7.2
28, 7.4
28, 7.6
28, 7.8
28, 8
28, 8.2
28, 8.4
28, 8.6
28, 8.8
28, 9
28, 9.2
28, 9.4
28, 9.6
28, 9.8
28, 10
28, 10.2
28, 10.4
28, 10.6
28, 10.8
28, 11
28, 11.2
28, 11.4
28, 11.6
28, 11.8
28, 12
28, 12.2
28, 12.4
28, 12.6
28, 12.8
28, 13
28, 13.2
28, 13.4
28, 13.6
28, 13.8
28, 14
28, 14.2
28, 14.4
28, 14.6
28, 14.8
28, 15
28, 15.2
28, 15.4
28, 15.6
28, 15.8
28, 16
28, 16.2
28, 16.4
28, 16.6
28, 16.8
28, 17
28, 17.2
28, 17.4
28, 17.6
28, 17.8
28, 18
28, 18.2
28, 18.4
28, 18.6
28, 18.8
28, 19
28, 19.2
28, 19.4
28, 19.6
28, 19.8
28, 20
28, 20.2
28, 20.4
28, 20.6
28, 20.8
28, 21
28, 21.2
28, 21.4
28, 21.6
28, 21.8
28, 22
28, 22.2
28, 22.4
28, 22.6
28, 22.8
28, 23
28, 23.2
28, 23.4
28, 23.6
28, 23.8
28, 24
28, 24.2
28, 24.4
28, 24.6
28, 24.8
28, 25
28, 25.2
28, 25.4
28, 25.6
28, 25.8
28, 26
28, 26.2
28, 26.4
28, 26.6
28, 26.8
28, 27
28, 27.2
28, 27.4
28, 27.6
28, 27.8
28, 28
28, 28.2
28, 28.4
28, 28.6
28, 28.8
28, 29
28, 29.2
28, 29.4
28, 29.6
28, 29.8
28, 30
28, 30.2
28, 30.4
28, 30.6
28, 30.8
28, 31
28, 31.2
28, 31.4
28, 31.6
28, 31.8
28, 32
28, 32.2
28, 32.4
28, 32.6
28, 32.8
28, 33
28, 33.2
28, 33.4
28, 33.6
28, 33.8
28, 34
28, 34.2
28, 34.4
28, 34.6
28, 34.8
28, 35
28, 35.2
28, 35.4
28, 35.6
28, 35.8
28, 36
28, 36.2
28, 36.4
28, 36.6
28, 36.8
28, 37
28, 37.2
28, 37.4
28, 37.6
28, 37.8
28, 38
28, 38.2
28, 38.4
28, 38.6
28, 38.8
28, 39
28, 39.2
28, 39.4
28, 39.6
28, 39.8
28, 40
28, 40.2
28, 40.4
28, 40.6
28, 40.8
28, 41
28, 41.2
28, 41.4
28, 41.6
28, 41.8
28, 42
28, 42.2
28, 42.4
28, 42.6
28, 42.8
28, 43
28, 43.2
28, 43.4
28, 43.6
28, 43.8
28, 44
28, 44.2
28, 44.4
28, 44.6
28, 44.8
28, 45
28, 45.2
28, 45.4
28, 45.6
28, 45.8
28, 46
28, 46.2
28, 46.4
28, 46.6
28, 46.8
28, 47
28, 47.2
28, 47.4
28, 47.6
28, 47.8
28, 48
28, 48.2
28, 48.4
28, 48.6
28, 48.8
28, 49
28, 49.2
28, 49.4
28, 49.6
28, 49.8
28, 50
28.2, 0.2
28.2, 0.4
28.2, 0.6
28.2, 0.8
28.2, 1
28.2, 1.2
28.2, 1.4
28.2, 1.6
28.2, 1.8
28.2, 2
28.2, 2.2
28.2, 2.4
28.2, 2.6
28.2, 2.8
28.2, 3
28.2, 3.2
28.2, 3.4
28.2, 3.6
28.2, 3.8
28.2, 4
28.2, 4.2
28.2, 4.4
28.2, 4.6
28.2, 4.8
28.2, 5
28.2, 5.2
28.2, 5.4
28.2, 5.6
28.2, 5.8
28.2, 6
28.2, 6.2
28.2, 6.4
28.2, 6.6
28.2, 6.8
28.2, 7
28.2, 7.2
28.2, 7.4
28.2, 7.6
28.2, 7.8
28.2, 8
28.2, 8.2
28.2, 8.4
28.2, 8.6
28.2, 8.8
28.2, 9
28.2, 9.2
28.2, 9.4
28.2, 9.6
28.2, 9.8
28.2, 10
28.2, 10.2
28.2, 10.4
28.2, 10.6
28.2, 10.8
28.2, 11
28.2, 11.2
28.2, 11.4
28.2, 11.6
28.2, 11.8
28.2, 12
28.2, 12.2
28.2, 12.4
28.2, 12.6
28.2, 12.8
28.2, 13
28.2, 13.2
28.2, 13.4
28.2, 13.6
28.2, 13.8
28.2, 14
28.2, 14.2
28.2, 14.4
28.2, 14.6
28.2, 14.8
28.2, 15
28.2, 15.2
28.2, 15.4
28.2, 15.6
28.2, 15.8
28.2, 16
28.2, 16.2
28.2, 16.4
28.2, 16.6
28.2, 16.8
28.2, 17
28.2, 17.2
28.2, 17.4
28.2, 17.6
28.2, 17.8
28.2, 18
28.2, 18.2
28.2, 18.4
28.2, 18.6
28.2, 18.8
28.2, 19
28.2, 19.2
28.2, 19.4
28.2, 19.6
28.2, 19.8
28.2, 20
28.2, 20.2
28.2, 20.4
28.2, 20.6
28.2, 20.8
28.2, 21
28.2, 21.2
28.2, 21.4
28.2, 21.6
28.2, 21.8
28.2, 22
28.2, 22.2
28.2, 22.4
28.2, 22.6
28.2, 22.8
28.2, 23
28.2, 23.2
28.2, 23.4
28.2, 23.6
28.2, 23.8
28.2, 24
28.2, 24.2
28.2, 24.4
28.2, 24.6
28.2, 24.8
28.2, 25
28.2, 25.2
28.2, 25.4
28.2, 25.6
28.2, 25.8
28.2, 26
28.2, 26.2
28.2, 26.4
28.2, 26.6
28.2, 26.8
28.2, 27
28.2, 27.2
28.2, 27.4
28.2, 27.6
28.2, 27.8
28.2, 28
28.2, 28.2
28.2, 28.4
28.2, 28.6
28.2, 28.8
28.2, 29
28.2, 29.2
28.2, 29.4
28.2, 29.6
28.2, 29.8
28.2, 30
28.2, 30.2
28.2, 30.4
28.2, 30.6
28.2, 30.8
28.2, 31
28.2, 31.2
28.2, 31.4
28.2, 31.6
28.2, 31.8
28.2, 32
28.2, 32.2
28.2, 32.4
28.2, 32.6
28.2, 32.8
28.2, 33
28.2, 33.2
28.2, 33.4
28.2, 33.6
28.2, 33.8
28.2, 34
28.2, 34.2
28.2, 34.4
28.2, 34.6
28.2, 34.8
28.2, 35
28.2, 35.2
28.2, 35.4
28.2, 35.6
28.2, 35.8
28.2, 36
28.2, 36.2
28.2, 36.4
28.2, 36.6
28.2, 36.8
28.2, 37
28.2, 37.2
28.2, 37.4
28.2, 37.6
28.2, 37.8
28.2, 38
28.2, 38.2
28.2, 38.4
28.2, 38.6
28.2, 38.8
28.2, 39
28.2, 39.2
28.2, 39.4
28.2, 39.6
28.2, 39.8
28.2, 40
28.2, 40.2
28.2, 40.4
28.2, 40.6
28.2, 40.8
28.2, 41
28.2, 41.2
28.2, 41.4
28.2, 41.6
28.2, 41.8
28.2, 42
28.2, 42.2
28.2, 42.4
28.2, 42.6
28.2, 42.8
28.2, 43
28.2, 43.2
28.2, 43.4
28.2, 43.6
28.2, 43.8
28.2, 44
28.2, 44.2
28.2, 44.4
28.2, 44.6
28.2, 44.8
28.2, 45
28.2, 45.2
28.2, 45.4
28.2, 45.6
28.2, 45.8
28.2, 46
28.2, 46.2
28.2, 46.4
28.2, 46.6
28.2, 46.8
28.2, 47
28.2, 47.2
28.2, 47.4
28.2, 47.6
28.2, 47.8
28.2, 48
28.2, 48.2
28.2, 48.4
28.2, 48.6
28.2, 48.8
28.2, 49
28.2, 49.2
28.2, 49.4
28.2, 49.6
28.2, 49.8
28.2, 50
28.4, 0.2
28.4, 0.4
28.4, 0.6
28.4, 0.8
28.4, 1
28.4, 1.2
28.4, 1.4
28.4, 1.6
28.4, 1.8
28.4, 2
28.4, 2.2
28.4, 2.4
28.4, 2.6
28.4, 2.8
28.4, 3
28.4, 3.2
28.4, 3.4
28.4, 3.6
28.4, 3.8
28.4, 4
28.4, 4.2
28.4, 4.4
28.4, 4.6
28.4, 4.8
28.4, 5
28.4, 5.2
28.4, 5.4
28.4, 5.6
28.4, 5.8
28.4, 6
28.4, 6.2
28.4, 6.4
28.4, 6.6
28.4, 6.8
28.4, 7
28.4, 7.2
28.4, 7.4
28.4, 7.6
28.4, 7.8
28.4, 8
28.4, 8.2
28.4, 8.4
28.4, 8.6
28.4, 8.8
28.4, 9
28.4, 9.2
28.4, 9.4
28.4, 9.6
28.4, 9.8
28.4, 10
28.4, 10.2
28.4, 10.4
28.4, 10.6
28.4, 10.8
28.4, 11
28.4, 11.2
28.4, 11.4
28.4, 11.6
28.4, 11.8
28.4, 12
28.4, 12.2
28.4, 12.4
28.4, 12.6
28.4, 12.8
28.4, 13
28.4, 13.2
28.4, 13.4
28.4, 13.6
28.4, 13.8
28.4, 14
28.4, 14.2
28.4, 14.4
28.4, 14.6
28.4, 14.8
28.4, 15
28.4, 15.2
28.4, 15.4
28.4, 15.6
28.4, 15.8
28.4, 16
28.4, 16.2
28.4, 16.4
28.4, 16.6
28.4, 16.8
28.4, 17
28.4, 17.2
28.4, 17.4
28.4, 17.6
28.4, 17.8
28.4, 18
28.4, 18.2
28.4, 18.4
28.4, 18.6
28.4, 18.8
28.4, 19
28.4, 19.2
28.4, 19.4
28.4, 19.6
28.4, 19.8
28.4, 20
28.4, 20.2
28.4, 20.4
28.4, 20.6
28.4, 20.8
28.4, 21
28.4, 21.2
28.4, 21.4
28.4, 21.6
28.4, 21.8
28.4, 22
28.4, 22.2
28.4, 22.4
28.4, 22.6
28.4, 22.8
28.4, 23
28.4, 23.2
28.4, 23.4
28.4, 23.6
28.4, 23.8
28.4, 24
28.4, 24.2
28.4, 24.4
28.4, 24.6
28.4, 24.8
28.4, 25
28.4, 25.2
28.4, 25.4
28.4, 25.6
28.4, 25.8
28.4, 26
28.4, 26.2
28.4, 26.4
28.4, 26.6
28.4, 26.8
28.4, 27
28.4, 27.2
28.4, 27.4
28.4, 27.6
28.4, 27.8
28.4, 28
28.4, 28.2
28.4, 28.4
28.4, 28.6
28.4, 28.8
28.4, 29
28.4, 29.2
28.4, 29.4
28.4, 29.6
28.4, 29.8
28.4, 30
28.4, 30.2
28.4, 30.4
28.4, 30.6
28.4, 30.8
28.4, 31
28.4, 31.2
28.4, 31.4
28.4, 31.6
28.4, 31.8
28.4, 32
28.4, 32.2
28.4, 32.4
28.4, 32.6
28.4, 32.8
28.4, 33
28.4, 33.2
28.4, 33.4
28.4, 33.6
28.4, 33.8
28.4, 34
28.4, 34.2
28.4, 34.4
28.4, 34.6
28.4, 34.8
28.4, 35
28.4, 35.2
28.4, 35.4
28.4, 35.6
28.4, 35.8
28.4, 36
28.4, 36.2
28.4, 36.4
28.4, 36.6
28.4, 36.8
28.4, 37
28.4, 37.2
28.4, 37.4
28.4, 37.6
28.4, 37.8
28.4, 38
28.4, 38.2
28.4, 38.4
28.4, 38.6
28.4, 38.8
28.4, 39
28.4, 39.2
28.4, 39.4
28.4, 39.6
28.4, 39.8
28.4, 40
28.4, 40.2
28.4, 40.4
28.4, 40.6
28.4, 40.8
28.4, 41
28.4, 41.2
28.4, 41.4
28.4, 41.6
28.4, 41.8
28.4, 42
28.4, 42.2
28.4, 42.4
28.4, 42.6
28.4, 42.8
28.4, 43
28.4, 43.2
28.4, 43.4
28.4, 43.6
28.4, 43.8
28.4, 44
28.4, 44.2
28.4, 44.4
28.4, 44.6
28.4, 44.8
28.4, 45
28.4, 45.2
28.4, 45.4
28.4, 45.6
28.4, 45.8
28.4, 46
28.4, 46.2
28.4, 46.4
28.4, 46.6
28.4, 46.8
28.4, 47
28.4, 47.2
28.4, 47.4
28.4, 47.6
28.4, 47.8
28.4, 48
28.4, 48.2
28.4, 48.4
28.4, 48.6
28.4, 48.8
28.4, 49
28.4, 49.2
28.4, 49.4
28.4, 49.6
28.4, 49.8
28.4, 50
28.6, 0.2
28.6, 0.4
28.6, 0.6
28.6, 0.8
28.6, 1
28.6, 1.2
28.6, 1.4
28.6, 1.6
28.6, 1.8
28.6, 2
28.6, 2.2
28.6, 2.4
28.6, 2.6
28.6, 2.8
28.6, 3
28.6, 3.2
28.6, 3.4
28.6, 3.6
28.6, 3.8
28.6, 4
28.6, 4.2
28.6, 4.4
28.6, 4.6
28.6, 4.8
28.6, 5
28.6, 5.2
28.6, 5.4
28.6, 5.6
28.6, 5.8
28.6, 6
28.6, 6.2
28.6, 6.4
28.6, 6.6
28.6, 6.8
28.6, 7
28.6, 7.2
28.6, 7.4
28.6, 7.6
28.6, 7.8
28.6, 8
28.6, 8.2
28.6, 8.4
28.6, 8.6
28.6, 8.8
28.6, 9
28.6, 9.2
28.6, 9.4
28.6, 9.6
28.6, 9.8
28.6, 10
28.6, 10.2
28.6, 10.4
28.6, 10.6
28.6, 10.8
28.6, 11
28.6, 11.2
28.6, 11.4
28.6, 11.6
28.6, 11.8
28.6, 12
28.6, 12.2
28.6, 12.4
28.6, 12.6
28.6, 12.8
28.6, 13
28.6, 13.2
28.6, 13.4
28.6, 13.6
28.6, 13.8
28.6, 14
28.6, 14.2
28.6, 14.4
28.6, 14.6
28.6, 14.8
28.6, 15
28.6, 15.2
28.6, 15.4
28.6, 15.6
28.6, 15.8
28.6, 16
28.6, 16.2
28.6, 16.4
28.6, 16.6
28.6, 16.8
28.6, 17
28.6, 17.2
28.6, 17.4
28.6, 17.6
28.6, 17.8
28.6, 18
28.6, 18.2
28.6, 18.4
28.6, 18.6
28.6, 18.8
28.6, 19
28.6, 19.2
28.6, 19.4
28.6, 19.6
28.6, 19.8
28.6, 20
28.6, 20.2
28.6, 20.4
28.6, 20.6
28.6, 20.8
28.6, 21
28.6, 21.2
28.6, 21.4
28.6, 21.6
28.6, 21.8
28.6, 22
28.6, 22.2
28.6, 22.4
28.6, 22.6
28.6, 22.8
28.6, 23
28.6, 23.2
28.6, 23.4
28.6, 23.6
28.6, 23.8
28.6, 24
28.6, 24.2
28.6, 24.4
28.6, 24.6
28.6, 24.8
28.6, 25
28.6, 25.2
28.6, 25.4
28.6, 25.6
28.6, 25.8
28.6, 26
28.6, 26.2
28.6, 26.4
28.6, 26.6
28.6, 26.8
28.6, 27
28.6, 27.2
28.6, 27.4
28.6, 27.6
28.6, 27.8
28.6, 28
28.6, 28.2
28.6, 28.4
28.6, 28.6
28.6, 28.8
28.6, 29
28.6, 29.2
28.6, 29.4
28.6, 29.6
28.6, 29.8
28.6, 30
28.6, 30.2
28.6, 30.4
28.6, 30.6
28.6, 30.8
28.6, 31
28.6, 31.2
28.6, 31.4
28.6, 31.6
28.6, 31.8
28.6, 32
28.6, 32.2
28.6, 32.4
28.6, 32.6
28.6, 32.8
28.6, 33
28.6, 33.2
28.6, 33.4
28.6, 33.6
28.6, 33.8
28.6, 34
28.6, 34.2
28.6, 34.4
28.6, 34.6
28.6, 34.8
28.6, 35
28.6, 35.2
28.6, 35.4
28.6, 35.6
28.6, 35.8
28.6, 36
28.6, 36.2
28.6, 36.4
28.6, 36.6
28.6, 36.8
28.6, 37
28.6, 37.2
28.6, 37.4
28.6, 37.6
28.6, 37.8
28.6, 38
28.6, 38.2
28.6, 38.4
28.6, 38.6
28.6, 38.8
28.6, 39
28.6, 39.2
28.6, 39.4
28.6, 39.6
28.6, 39.8
28.6, 40
28.6, 40.2
28.6, 40.4
28.6, 40.6
28.6, 40.8
28.6, 41
28.6, 41.2
28.6, 41.4
28.6, 41.6
28.6, 41.8
28.6, 42
28.6, 42.2
28.6, 42.4
28.6, 42.6
28.6, 42.8
28.6, 43
28.6, 43.2
28.6, 43.4
28.6, 43.6
28.6, 43.8
28.6, 44
28.6, 44.2
28.6, 44.4
28.6, 44.6
28.6, 44.8
28.6, 45
28.6, 45.2
28.6, 45.4
28.6, 45.6
28.6, 45.8
28.6, 46
28.6, 46.2
28.6, 46.4
28.6, 46.6
28.6, 46.8
28.6, 47
28.6, 47.2
28.6, 47.4
28.6, 47.6
28.6, 47.8
28.6, 48
28.6, 48.2
28.6, 48.4
28.6, 48.6
28.6, 48.8
28.6, 49
28.6, 49.2
28.6, 49.4
28.6, 49.6
28.6, 49.8
28.6, 50
28.8, 0.2
28.8, 0.4
28.8, 0.6
28.8, 0.8
28.8, 1
28.8, 1.2
28.8, 1.4
28.8, 1.6
28.8, 1.8
28.8, 2
28.8, 2.2
28.8, 2.4
28.8, 2.6
28.8, 2.8
28.8, 3
28.8, 3.2
28.8, 3.4
28.8, 3.6
28.8, 3.8
28.8, 4
28.8, 4.2
28.8, 4.4
28.8, 4.6
28.8, 4.8
28.8, 5
28.8, 5.2
28.8, 5.4
28.8, 5.6
28.8, 5.8
28.8, 6
28.8, 6.2
28.8, 6.4
28.8, 6.6
28.8, 6.8
28.8, 7
28.8, 7.2
28.8, 7.4
28.8, 7.6
28.8, 7.8
28.8, 8
28.8, 8.2
28.8, 8.4
28.8, 8.6
28.8, 8.8
28.8, 9
28.8, 9.2
28.8, 9.4
28.8, 9.6
28.8, 9.8
28.8, 10
28.8, 10.2
28.8, 10.4
28.8, 10.6
28.8, 10.8
28.8, 11
28.8, 11.2
28.8, 11.4
28.8, 11.6
28.8, 11.8
28.8, 12
28.8, 12.2
28.8, 12.4
28.8, 12.6
28.8, 12.8
28.8, 13
28.8, 13.2
28.8, 13.4
28.8, 13.6
28.8, 13.8
28.8, 14
28.8, 14.2
28.8, 14.4
28.8, 14.6
28.8, 14.8
28.8, 15
28.8, 15.2
28.8, 15.4
28.8, 15.6
28.8, 15.8
28.8, 16
28.8, 16.2
28.8, 16.4
28.8, 16.6
28.8, 16.8
28.8, 17
28.8, 17.2
28.8, 17.4
28.8, 17.6
28.8, 17.8
28.8, 18
28.8, 18.2
28.8, 18.4
28.8, 18.6
28.8, 18.8
28.8, 19
28.8, 19.2
28.8, 19.4
28.8, 19.6
28.8, 19.8
28.8, 20
28.8, 20.2
28.8, 20.4
28.8, 20.6
28.8, 20.8
28.8, 21
28.8, 21.2
28.8, 21.4
28.8, 21.6
28.8, 21.8
28.8, 22
28.8, 22.2
28.8, 22.4
28.8, 22.6
28.8, 22.8
28.8, 23
28.8, 23.2
28.8, 23.4
28.8, 23.6
28.8, 23.8
28.8, 24
28.8, 24.2
28.8, 24.4
28.8, 24.6
28.8, 24.8
28.8, 25
28.8, 25.2
28.8, 25.4
28.8, 25.6
28.8, 25.8
28.8, 26
28.8, 26.2
28.8, 26.4
28.8, 26.6
28.8, 26.8
28.8, 27
28.8, 27.2
28.8, 27.4
28.8, 27.6
28.8, 27.8
28.8, 28
28.8, 28.2
28.8, 28.4
28.8, 28.6
28.8, 28.8
28.8, 29
28.8, 29.2
28.8, 29.4
28.8, 29.6
28.8, 29.8
28.8, 30
28.8, 30.2
28.8, 30.4
28.8, 30.6
28.8, 30.8
28.8, 31
28.8, 31.2
28.8, 31.4
28.8, 31.6
28.8, 31.8
28.8, 32
28.8, 32.2
28.8, 32.4
28.8, 32.6
28.8, 32.8
28.8, 33
28.8, 33.2
28.8, 33.4
28.8, 33.6
28.8, 33.8
28.8, 34
28.8, 34.2
28.8, 34.4
28.8, 34.6
28.8, 34.8
28.8, 35
28.8, 35.2
28.8, 35.4
28.8, 35.6
28.8, 35.8
28.8, 36
28.8, 36.2
28.8, 36.4
28.8, 36.6
28.8, 36.8
28.8, 37
28.8, 37.2
28.8, 37.4
28.8, 37.6
28.8, 37.8
28.8, 38
28.8, 38.2
28.8, 38.4
28.8, 38.6
28.8, 38.8
28.8, 39
28.8, 39.2
28.8, 39.4
28.8, 39.6
28.8, 39.8
28.8, 40
28.8, 40.2
28.8, 40.4
28.8, 40.6
28.8, 40.8
28.8, 41
28.8, 41.2
28.8, 41.4
28.8, 41.6
28.8, 41.8
28.8, 42
28.8, 42.2
28.8, 42.4
28.8, 42.6
28.8, 42.8
28.8, 43
28.8, 43.2
28.8, 43.4
28.8, 43.6
28.8, 43.8
28.8, 44
28.8, 44.2
28.8, 44.4
28.8, 44.6
28.8, 44.8
28.8, 45
28.8, 45.2
28.8, 45.4
28.8, 45.6
28.8, 45.8
28.8, 46
28.8, 46.2
28.8, 46.4
28.8, 46.6
28.8, 46.8
28.8, 47
28.8, 47.2
28.8, 47.4
28.8, 47.6
28.8, 47.8
28.8, 48
28.8, 48.2
28.8, 48.4
28.8, 48.6
28.8, 48.8
28.8, 49
28.8, 49.2
28.8, 49.4
28.8, 49.6
28.8, 49.8
28.8, 50
29, 0.2
29, 0.4
29, 0.6
29, 0.8
29, 1
29, 1.2
29, 1.4
29, 1.6
29, 1.8
29, 2
29, 2.2
29, 2.4
29, 2.6
29, 2.8
29, 3
29, 3.2
29, 3.4
29, 3.6
29, 3.8
29, 4
29, 4.2
29, 4.4
29, 4.6
29, 4.8
29, 5
29, 5.2
29, 5.4
29, 5.6
29, 5.8
29, 6
29, 6.2
29, 6.4
29, 6.6
29, 6.8
29, 7
29, 7.2
29, 7.4
29, 7.6
29, 7.8
29, 8
29, 8.2
29, 8.4
29, 8.6
29, 8.8
29, 9
29, 9.2
29, 9.4
29, 9.6
29, 9.8
29, 10
29, 10.2
29, 10.4
29, 10.6
29, 10.8
29, 11
29, 11.2
29, 11.4
29, 11.6
29, 11.8
29, 12
29, 12.2
29, 12.4
29, 12.6
29, 12.8
29, 13
29, 13.2
29, 13.4
29, 13.6
29, 13.8
29, 14
29, 14.2
29, 14.4
29, 14.6
29, 14.8
29, 15
29, 15.2
29, 15.4
29, 15.6
29, 15.8
29, 16
29, 16.2
29, 16.4
29, 16.6
29, 16.8
29, 17
29, 17.2
29, 17.4
29, 17.6
29, 17.8
29, 18
29, 18.2
29, 18.4
29, 18.6
29, 18.8
29, 19
29, 19.2
29, 19.4
29, 19.6
29, 19.8
29, 20
29, 20.2
29, 20.4
29, 20.6
29, 20.8
29, 21
29, 21.2
29, 21.4
29, 21.6
29, 21.8
29, 22
29, 22.2
29, 22.4
29, 22.6
29, 22.8
29, 23
29, 23.2
29, 23.4
29, 23.6
29, 23.8
29, 24
29, 24.2
29, 24.4
29, 24.6
29, 24.8
29, 25
29, 25.2
29, 25.4
29, 25.6
29, 25.8
29, 26
29, 26.2
29, 26.4
29, 26.6
29, 26.8
29, 27
29, 27.2
29, 27.4
29, 27.6
29, 27.8
29, 28
29, 28.2
29, 28.4
29, 28.6
29, 28.8
29, 29
29, 29.2
29, 29.4
29, 29.6
29, 29.8
29, 30
29, 30.2
29, 30.4
29, 30.6
29, 30.8
29, 31
29, 31.2
29, 31.4
29, 31.6
29, 31.8
29, 32
29, 32.2
29, 32.4
29, 32.6
29, 32.8
29, 33
29, 33.2
29, 33.4
29, 33.6
29, 33.8
29, 34
29, 34.2
29, 34.4
29, 34.6
29, 34.8
29, 35
29, 35.2
29, 35.4
29, 35.6
29, 35.8
29, 36
29, 36.2
29, 36.4
29, 36.6
29, 36.8
29, 37
29, 37.2
29, 37.4
29, 37.6
29, 37.8
29, 38
29, 38.2
29, 38.4
29, 38.6
29, 38.8
29, 39
29, 39.2
29, 39.4
29, 39.6
29, 39.8
29, 40
29, 40.2
29, 40.4
29, 40.6
29, 40.8
29, 41
29, 41.2
29, 41.4
29, 41.6
29, 41.8
29, 42
29, 42.2
29, 42.4
29, 42.6
29, 42.8
29, 43
29, 43.2
29, 43.4
29, 43.6
29, 43.8
29, 44
29, 44.2
29, 44.4
29, 44.6
29, 44.8
29, 45
29, 45.2
29, 45.4
29, 45.6
29, 45.8
29, 46
29, 46.2
29, 46.4
29, 46.6
29, 46.8
29, 47
29, 47.2
29, 47.4
29, 47.6
29, 47.8
29, 48
29, 48.2
29, 48.4
29, 48.6
29, 48.8
29, 49
29, 49.2
29, 49.4
29, 49.6
29, 49.8
29, 50
29.2, 0.2
29.2, 0.4
29.2, 0.6
29.2, 0.8
29.2, 1
29.2, 1.2
29.2, 1.4
29.2, 1.6
29.2, 1.8
29.2, 2
29.2, 2.2
29.2, 2.4
29.2, 2.6
29.2, 2.8
29.2, 3
29.2, 3.2
29.2, 3.4
29.2, 3.6
29.2, 3.8
29.2, 4
29.2, 4.2
29.2, 4.4
29.2, 4.6
29.2, 4.8
29.2, 5
29.2, 5.2
29.2, 5.4
29.2, 5.6
29.2, 5.8
29.2, 6
29.2, 6.2
29.2, 6.4
29.2, 6.6
29.2, 6.8
29.2, 7
29.2, 7.2
29.2, 7.4
29.2, 7.6
29.2, 7.8
29.2, 8
29.2, 8.2
29.2, 8.4
29.2, 8.6
29.2, 8.8
29.2, 9
29.2, 9.2
29.2, 9.4
29.2, 9.6
29.2, 9.8
29.2, 10
29.2, 10.2
29.2, 10.4
29.2, 10.6
29.2, 10.8
29.2, 11
29.2, 11.2
29.2, 11.4
29.2, 11.6
29.2, 11.8
29.2, 12
29.2, 12.2
29.2, 12.4
29.2, 12.6
29.2, 12.8
29.2, 13
29.2, 13.2
29.2, 13.4
29.2, 13.6
29.2, 13.8
29.2, 14
29.2, 14.2
29.2, 14.4
29.2, 14.6
29.2, 14.8
29.2, 15
29.2, 15.2
29.2, 15.4
29.2, 15.6
29.2, 15.8
29.2, 16
29.2, 16.2
29.2, 16.4
29.2, 16.6
29.2, 16.8
29.2, 17
29.2, 17.2
29.2, 17.4
29.2, 17.6
29.2, 17.8
29.2, 18
29.2, 18.2
29.2, 18.4
29.2, 18.6
29.2, 18.8
29.2, 19
29.2, 19.2
29.2, 19.4
29.2, 19.6
29.2, 19.8
29.2, 20
29.2, 20.2
29.2, 20.4
29.2, 20.6
29.2, 20.8
29.2, 21
29.2, 21.2
29.2, 21.4
29.2, 21.6
29.2, 21.8
29.2, 22
29.2, 22.2
29.2, 22.4
29.2, 22.6
29.2, 22.8
29.2, 23
29.2, 23.2
29.2, 23.4
29.2, 23.6
29.2, 23.8
29.2, 24
29.2, 24.2
29.2, 24.4
29.2, 24.6
29.2, 24.8
29.2, 25
29.2, 25.2
29.2, 25.4
29.2, 25.6
29.2, 25.8
29.2, 26
29.2, 26.2
29.2, 26.4
29.2, 26.6
29.2, 26.8
29.2, 27
29.2, 27.2
29.2, 27.4
29.2, 27.6
29.2, 27.8
29.2, 28
29.2, 28.2
29.2, 28.4
29.2, 28.6
29.2, 28.8
29.2, 29
29.2, 29.2
29.2, 29.4
29.2, 29.6
29.2, 29.8
29.2, 30
29.2, 30.2
29.2, 30.4
29.2, 30.6
29.2, 30.8
29.2, 31
29.2, 31.2
29.2, 31.4
29.2, 31.6
29.2, 31.8
29.2, 32
29.2, 32.2
29.2, 32.4
29.2, 32.6
29.2, 32.8
29.2, 33
29.2, 33.2
29.2, 33.4
29.2, 33.6
29.2, 33.8
29.2, 34
29.2, 34.2
29.2, 34.4
29.2, 34.6
29.2, 34.8
29.2, 35
29.2, 35.2
29.2, 35.4
29.2, 35.6
29.2, 35.8
29.2, 36
29.2, 36.2
29.2, 36.4
29.2, 36.6
29.2, 36.8
29.2, 37
29.2, 37.2
29.2, 37.4
29.2, 37.6
29.2, 37.8
29.2, 38
29.2, 38.2
29.2, 38.4
29.2, 38.6
29.2, 38.8
29.2, 39
29.2, 39.2
29.2, 39.4
29.2, 39.6
29.2, 39.8
29.2, 40
29.2, 40.2
29.2, 40.4
29.2, 40.6
29.2, 40.8
29.2, 41
29.2, 41.2
29.2, 41.4
29.2, 41.6
29.2, 41.8
29.2, 42
29.2, 42.2
29.2, 42.4
29.2, 42.6
29.2, 42.8
29.2, 43
29.2, 43.2
29.2, 43.4
29.2, 43.6
29.2, 43.8
29.2, 44
29.2, 44.2
29.2, 44.4
29.2, 44.6
29.2, 44.8
29.2, 45
29.2, 45.2
29.2, 45.4
29.2, 45.6
29.2, 45.8
29.2, 46
29.2, 46.2
29.2, 46.4
29.2, 46.6
29.2, 46.8
29.2, 47
29.2, 47.2
29.2, 47.4
29.2, 47.6
29.2, 47.8
29.2, 48
29.2, 48.2
29.2, 48.4
29.2, 48.6
29.2, 48.8
29.2, 49
29.2, 49.2
29.2, 49.4
29.2, 49.6
29.2, 49.8
29.2, 50
29.4, 0.2
29.4, 0.4
29.4, 0.6
29.4, 0.8
29.4, 1
29.4, 1.2
29.4, 1.4
29.4, 1.6
29.4, 1.8
29.4, 2
29.4, 2.2
29.4, 2.4
29.4, 2.6
29.4, 2.8
29.4, 3
29.4, 3.2
29.4, 3.4
29.4, 3.6
29.4, 3.8
29.4, 4
29.4, 4.2
29.4, 4.4
29.4, 4.6
29.4, 4.8
29.4, 5
29.4, 5.2
29.4, 5.4
29.4, 5.6
29.4, 5.8
29.4, 6
29.4, 6.2
29.4, 6.4
29.4, 6.6
29.4, 6.8
29.4, 7
29.4, 7.2
29.4, 7.4
29.4, 7.6
29.4, 7.8
29.4, 8
29.4, 8.2
29.4, 8.4
29.4, 8.6
29.4, 8.8
29.4, 9
29.4, 9.2
29.4, 9.4
29.4, 9.6
29.4, 9.8
29.4, 10
29.4, 10.2
29.4, 10.4
29.4, 10.6
29.4, 10.8
29.4, 11
29.4, 11.2
29.4, 11.4
29.4, 11.6
29.4, 11.8
29.4, 12
29.4, 12.2
29.4, 12.4
29.4, 12.6
29.4, 12.8
29.4, 13
29.4, 13.2
29.4, 13.4
29.4, 13.6
29.4, 13.8
29.4, 14
29.4, 14.2
29.4, 14.4
29.4, 14.6
29.4, 14.8
29.4, 15
29.4, 15.2
29.4, 15.4
29.4, 15.6
29.4, 15.8
29.4, 16
29.4, 16.2
29.4, 16.4
29.4, 16.6
29.4, 16.8
29.4, 17
29.4, 17.2
29.4, 17.4
29.4, 17.6
29.4, 17.8
29.4, 18
29.4, 18.2
29.4, 18.4
29.4, 18.6
29.4, 18.8
29.4, 19
29.4, 19.2
29.4, 19.4
29.4, 19.6
29.4, 19.8
29.4, 20
29.4, 20.2
29.4, 20.4
29.4, 20.6
29.4, 20.8
29.4, 21
29.4, 21.2
29.4, 21.4
29.4, 21.6
29.4, 21.8
29.4, 22
29.4, 22.2
29.4, 22.4
29.4, 22.6
29.4, 22.8
29.4, 23
29.4, 23.2
29.4, 23.4
29.4, 23.6
29.4, 23.8
29.4, 24
29.4, 24.2
29.4, 24.4
29.4, 24.6
29.4, 24.8
29.4, 25
29.4, 25.2
29.4, 25.4
29.4, 25.6
29.4, 25.8
29.4, 26
29.4, 26.2
29.4, 26.4
29.4, 26.6
29.4, 26.8
29.4, 27
29.4, 27.2
29.4, 27.4
29.4, 27.6
29.4, 27.8
29.4, 28
29.4, 28.2
29.4, 28.4
29.4, 28.6
29.4, 28.8
29.4, 29
29.4, 29.2
29.4, 29.4
29.4, 29.6
29.4, 29.8
29.4, 30
29.4, 30.2
29.4, 30.4
29.4, 30.6
29.4, 30.8
29.4, 31
29.4, 31.2
29.4, 31.4
29.4, 31.6
29.4, 31.8
29.4, 32
29.4, 32.2
29.4, 32.4
29.4, 32.6
29.4, 32.8
29.4, 33
29.4, 33.2
29.4, 33.4
29.4, 33.6
29.4, 33.8
29.4, 34
29.4, 34.2
29.4, 34.4
29.4, 34.6
29.4, 34.8
29.4, 35
29.4, 35.2
29.4, 35.4
29.4, 35.6
29.4, 35.8
29.4, 36
29.4, 36.2
29.4, 36.4
29.4, 36.6
29.4, 36.8
29.4, 37
29.4, 37.2
29.4, 37.4
29.4, 37.6
29.4, 37.8
29.4, 38
29.4, 38.2
29.4, 38.4
29.4, 38.6
29.4, 38.8
29.4, 39
29.4, 39.2
29.4, 39.4
29.4, 39.6
29.4, 39.8
29.4, 40
29.4, 40.2
29.4, 40.4
29.4, 40.6
29.4, 40.8
29.4, 41
29.4, 41.2
29.4, 41.4
29.4, 41.6
29.4, 41.8
29.4, 42
29.4, 42.2
29.4, 42.4
29.4, 42.6
29.4, 42.8
29.4, 43
29.4, 43.2
29.4, 43.4
29.4, 43.6
29.4, 43.8
29.4, 44
29.4, 44.2
29.4, 44.4
29.4, 44.6
29.4, 44.8
29.4, 45
29.4, 45.2
29.4, 45.4
29.4, 45.6
29.4, 45.8
29.4, 46
29.4, 46.2
29.4, 46.4
29.4, 46.6
29.4, 46.8
29.4, 47
29.4, 47.2
29.4, 47.4
29.4, 47.6
29.4, 47.8
29.4, 48
29.4, 48.2
29.4, 48.4
29.4, 48.6
29.4, 48.8
29.4, 49
29.4, 49.2
29.4, 49.4
29.4, 49.6
29.4, 49.8
29.4, 50
29.6, 0.2
29.6, 0.4
29.6, 0.6
29.6, 0.8
29.6, 1
29.6, 1.2
29.6, 1.4
29.6, 1.6
29.6, 1.8
29.6, 2
29.6, 2.2
29.6, 2.4
29.6, 2.6
29.6, 2.8
29.6, 3
29.6, 3.2
29.6, 3.4
29.6, 3.6
29.6, 3.8
29.6, 4
29.6, 4.2
29.6, 4.4
29.6, 4.6
29.6, 4.8
29.6, 5
29.6, 5.2
29.6, 5.4
29.6, 5.6
29.6, 5.8
29.6, 6
29.6, 6.2
29.6, 6.4
29.6, 6.6
29.6, 6.8
29.6, 7
29.6, 7.2
29.6, 7.4
29.6, 7.6
29.6, 7.8
29.6, 8
29.6, 8.2
29.6, 8.4
29.6, 8.6
29.6, 8.8
29.6, 9
29.6, 9.2
29.6, 9.4
29.6, 9.6
29.6, 9.8
29.6, 10
29.6, 10.2
29.6, 10.4
29.6, 10.6
29.6, 10.8
29.6, 11
29.6, 11.2
29.6, 11.4
29.6, 11.6
29.6, 11.8
29.6, 12
29.6, 12.2
29.6, 12.4
29.6, 12.6
29.6, 12.8
29.6, 13
29.6, 13.2
29.6, 13.4
29.6, 13.6
29.6, 13.8
29.6, 14
29.6, 14.2
29.6, 14.4
29.6, 14.6
29.6, 14.8
29.6, 15
29.6, 15.2
29.6, 15.4
29.6, 15.6
29.6, 15.8
29.6, 16
29.6, 16.2
29.6, 16.4
29.6, 16.6
29.6, 16.8
29.6, 17
29.6, 17.2
29.6, 17.4
29.6, 17.6
29.6, 17.8
29.6, 18
29.6, 18.2
29.6, 18.4
29.6, 18.6
29.6, 18.8
29.6, 19
29.6, 19.2
29.6, 19.4
29.6, 19.6
29.6, 19.8
29.6, 20
29.6, 20.2
29.6, 20.4
29.6, 20.6
29.6, 20.8
29.6, 21
29.6, 21.2
29.6, 21.4
29.6, 21.6
29.6, 21.8
29.6, 22
29.6, 22.2
29.6, 22.4
29.6, 22.6
29.6, 22.8
29.6, 23
29.6, 23.2
29.6, 23.4
29.6, 23.6
29.6, 23.8
29.6, 24
29.6, 24.2
29.6, 24.4
29.6, 24.6
29.6, 24.8
29.6, 25
29.6, 25.2
29.6, 25.4
29.6, 25.6
29.6, 25.8
29.6, 26
29.6, 26.2
29.6, 26.4
29.6, 26.6
29.6, 26.8
29.6, 27
29.6, 27.2
29.6, 27.4
29.6, 27.6
29.6, 27.8
29.6, 28
29.6, 28.2
29.6, 28.4
29.6, 28.6
29.6, 28.8
29.6, 29
29.6, 29.2
29.6, 29.4
29.6, 29.6
29.6, 29.8
29.6, 30
29.6, 30.2
29.6, 30.4
29.6, 30.6
29.6, 30.8
29.6, 31
29.6, 31.2
29.6, 31.4
29.6, 31.6
29.6, 31.8
29.6, 32
29.6, 32.2
29.6, 32.4
29.6, 32.6
29.6, 32.8
29.6, 33
29.6, 33.2
29.6, 33.4
29.6, 33.6
29.6, 33.8
29.6, 34
29.6, 34.2
29.6, 34.4
29.6, 34.6
29.6, 34.8
29.6, 35
29.6, 35.2
29.6, 35.4
29.6, 35.6
29.6, 35.8
29.6, 36
29.6, 36.2
29.6, 36.4
29.6, 36.6
29.6, 36.8
29.6, 37
29.6, 37.2
29.6, 37.4
29.6, 37.6
29.6, 37.8
29.6, 38
29.6, 38.2
29.6, 38.4
29.6, 38.6
29.6, 38.8
29.6, 39
29.6, 39.2
29.6, 39.4
29.6, 39.6
29.6, 39.8
29.6, 40
29.6, 40.2
29.6, 40.4
29.6, 40.6
29.6, 40.8
29.6, 41
29.6, 41.2
29.6, 41.4
29.6, 41.6
29.6, 41.8
29.6, 42
29.6, 42.2
29.6, 42.4
29.6, 42.6
29.6, 42.8
29.6, 43
29.6, 43.2
29.6, 43.4
29.6, 43.6
29.6, 43.8
29.6, 44
29.6, 44.2
29.6, 44.4
29.6, 44.6
29.6, 44.8
29.6, 45
29.6, 45.2
29.6, 45.4
29.6, 45.6
29.6, 45.8
29.6, 46
29.6, 46.2
29.6, 46.4
29.6, 46.6
29.6, 46.8
29.6, 47
29.6, 47.2
29.6, 47.4
29.6, 47.6
29.6, 47.8
29.6, 48
29.6, 48.2
29.6, 48.4
29.6, 48.6
29.6, 48.8
29.6, 49
29.6, 49.2
29.6, 49.4
29.6, 49.6
29.6, 49.8
29.6, 50
29.8, 0.2
29.8, 0.4
29.8, 0.6
29.8, 0.8
29.8, 1
29.8, 1.2
29.8, 1.4
29.8, 1.6
29.8, 1.8
29.8, 2
29.8, 2.2
29.8, 2.4
29.8, 2.6
29.8, 2.8
29.8, 3
29.8, 3.2
29.8, 3.4
29.8, 3.6
29.8, 3.8
29.8, 4
29.8, 4.2
29.8, 4.4
29.8, 4.6
29.8, 4.8
29.8, 5
29.8, 5.2
29.8, 5.4
29.8, 5.6
29.8, 5.8
29.8, 6
29.8, 6.2
29.8, 6.4
29.8, 6.6
29.8, 6.8
29.8, 7
29.8, 7.2
29.8, 7.4
29.8, 7.6
29.8, 7.8
29.8, 8
29.8, 8.2
29.8, 8.4
29.8, 8.6
29.8, 8.8
29.8, 9
29.8, 9.2
29.8, 9.4
29.8, 9.6
29.8, 9.8
29.8, 10
29.8, 10.2
29.8, 10.4
29.8, 10.6
29.8, 10.8
29.8, 11
29.8, 11.2
29.8, 11.4
29.8, 11.6
29.8, 11.8
29.8, 12
29.8, 12.2
29.8, 12.4
29.8, 12.6
29.8, 12.8
29.8, 13
29.8, 13.2
29.8, 13.4
29.8, 13.6
29.8, 13.8
29.8, 14
29.8, 14.2
29.8, 14.4
29.8, 14.6
29.8, 14.8
29.8, 15
29.8, 15.2
29.8, 15.4
29.8, 15.6
29.8, 15.8
29.8, 16
29.8, 16.2
29.8, 16.4
29.8, 16.6
29.8, 16.8
29.8, 17
29.8, 17.2
29.8, 17.4
29.8, 17.6
29.8, 17.8
29.8, 18
29.8, 18.2
29.8, 18.4
29.8, 18.6
29.8, 18.8
29.8, 19
29.8, 19.2
29.8, 19.4
29.8, 19.6
29.8, 19.8
29.8, 20
29.8, 20.2
29.8, 20.4
29.8, 20.6
29.8, 20.8
29.8, 21
29.8, 21.2
29.8, 21.4
29.8, 21.6
29.8, 21.8
29.8, 22
29.8, 22.2
29.8, 22.4
29.8, 22.6
29.8, 22.8
29.8, 23
29.8, 23.2
29.8, 23.4
29.8, 23.6
29.8, 23.8
29.8, 24
29.8, 24.2
29.8, 24.4
29.8, 24.6
29.8, 24.8
29.8, 25
29.8, 25.2
29.8, 25.4
29.8, 25.6
29.8, 25.8
29.8, 26
29.8, 26.2
29.8, 26.4
29.8, 26.6
29.8, 26.8
29.8, 27
29.8, 27.2
29.8, 27.4
29.8, 27.6
29.8, 27.8
29.8, 28
29.8, 28.2
29.8, 28.4
29.8, 28.6
29.8, 28.8
29.8, 29
29.8, 29.2
29.8, 29.4
29.8, 29.6
29.8, 29.8
29.8, 30
29.8, 30.2
29.8, 30.4
29.8, 30.6
29.8, 30.8
29.8, 31
29.8, 31.2
29.8, 31.4
29.8, 31.6
29.8, 31.8
29.8, 32
29.8, 32.2
29.8, 32.4
29.8, 32.6
29.8, 32.8
29.8, 33
29.8, 33.2
29.8, 33.4
29.8, 33.6
29.8, 33.8
29.8, 34
29.8, 34.2
29.8, 34.4
29.8, 34.6
29.8, 34.8
29.8, 35
29.8, 35.2
29.8, 35.4
29.8, 35.6
29.8, 35.8
29.8, 36
29.8, 36.2
29.8, 36.4
29.8, 36.6
29.8, 36.8
29.8, 37
29.8, 37.2
29.8, 37.4
29.8, 37.6
29.8, 37.8
29.8, 38
29.8, 38.2
29.8, 38.4
29.8, 38.6
29.8, 38.8
29.8, 39
29.8, 39.2
29.8, 39.4
29.8, 39.6
29.8, 39.8
29.8, 40
29.8, 40.2
29.8, 40.4
29.8, 40.6
29.8, 40.8
29.8, 41
29.8, 41.2
29.8, 41.4
29.8, 41.6
29.8, 41.8
29.8, 42
29.8, 42.2
29.8, 42.4
29.8, 42.6
29.8, 42.8
29.8, 43
29.8, 43.2
29.8, 43.4
29.8, 43.6
29.8, 43.8
29.8, 44
29.8, 44.2
29.8, 44.4
29.8, 44.6
29.8, 44.8
29.8, 45
29.8, 45.2
29.8, 45.4
29.8, 45.6
29.8, 45.8
29.8, 46
29.8, 46.2
29.8, 46.4
29.8, 46.6
29.8, 46.8
29.8, 47
29.8, 47.2
29.8, 47.4
29.8, 47.6
29.8, 47.8
29.8, 48
29.8, 48.2
29.8, 48.4
29.8, 48.6
29.8, 48.8
29.8, 49
29.8, 49.2
29.8, 49.4
29.8, 49.6
29.8, 49.8
29.8, 50
30, 0.2
30, 0.4
30, 0.6
30, 0.8
30, 1
30, 1.2
30, 1.4
30, 1.6
30, 1.8
30, 2
30, 2.2
30, 2.4
30, 2.6
30, 2.8
30, 3
30, 3.2
30, 3.4
30, 3.6
30, 3.8
30, 4
30, 4.2
30, 4.4
30, 4.6
30, 4.8
30, 5
30, 5.2
30, 5.4
30, 5.6
30, 5.8
30, 6
30, 6.2
30, 6.4
30, 6.6
30, 6.8
30, 7
30, 7.2
30, 7.4
30, 7.6
30, 7.8
30, 8
30, 8.2
30, 8.4
30, 8.6
30, 8.8
30, 9
30, 9.2
30, 9.4
30, 9.6
30, 9.8
30, 10
30, 10.2
30, 10.4
30, 10.6
30, 10.8
30, 11
30, 11.2
30, 11.4
30, 11.6
30, 11.8
30, 12
30, 12.2
30, 12.4
30, 12.6
30, 12.8
30, 13
30, 13.2
30, 13.4
30, 13.6
30, 13.8
30, 14
30, 14.2
30, 14.4
30, 14.6
30, 14.8
30, 15
30, 15.2
30, 15.4
30, 15.6
30, 15.8
30, 16
30, 16.2
30, 16.4
30, 16.6
30, 16.8
30, 17
30, 17.2
30, 17.4
30, 17.6
30, 17.8
30, 18
30, 18.2
30, 18.4
30, 18.6
30, 18.8
30, 19
30, 19.2
30, 19.4
30, 19.6
30, 19.8
30, 20
30, 20.2
30, 20.4
30, 20.6
30, 20.8
30, 21
30, 21.2
30, 21.4
30, 21.6
30, 21.8
30, 22
30, 22.2
30, 22.4
30, 22.6
30, 22.8
30, 23
30, 23.2
30, 23.4
30, 23.6
30, 23.8
30, 24
30, 24.2
30, 24.4
30, 24.6
30, 24.8
30, 25
30, 25.2
30, 25.4
30, 25.6
30, 25.8
30, 26
30, 26.2
30, 26.4
30, 26.6
30, 26.8
30, 27
30, 27.2
30, 27.4
30, 27.6
30, 27.8
30, 28
30, 28.2
30, 28.4
30, 28.6
30, 28.8
30, 29
30, 29.2
30, 29.4
30, 29.6
30, 29.8
30, 30
30, 30.2
30, 30.4
30, 30.6
30, 30.8
30, 31
30, 31.2
30, 31.4
30, 31.6
30, 31.8
30, 32
30, 32.2
30, 32.4
30, 32.6
30, 32.8
30, 33
30, 33.2
30, 33.4
30, 33.6
30, 33.8
30, 34
30, 34.2
30, 34.4
30, 34.6
30, 34.8
30, 35
30, 35.2
30, 35.4
30, 35.6
30, 35.8
30, 36
30, 36.2
30, 36.4
30, 36.6
30, 36.8
30, 37
30, 37.2
30, 37.4
30, 37.6
30, 37.8
30, 38
30, 38.2
30, 38.4
30, 38.6
30, 38.8
30, 39
30, 39.2
30, 39.4
30, 39.6
30, 39.8
30, 40
30, 40.2
30, 40.4
30, 40.6
30, 40.8
30, 41
30, 41.2
30, 41.4
30, 41.6
30, 41.8
30, 42
30, 42.2
30, 42.4
30, 42.6
30, 42.8
30, 43
30, 43.2
30, 43.4
30, 43.6
30, 43.8
30, 44
30, 44.2
30, 44.4
30, 44.6
30, 44.8
30, 45
30, 45.2
30, 45.4
30, 45.6
30, 45.8
30, 46
30, 46.2
30, 46.4
30, 46.6
30, 46.8
30, 47
30, 47.2
30, 47.4
30, 47.6
30, 47.8
30, 48
30, 48.2
30, 48.4
30, 48.6
30, 48.8
30, 49
30, 49.2
30, 49.4
30, 49.6
30, 49.8
30, 50
30.2, 0.2
30.2, 0.4
30.2, 0.6
30.2, 0.8
30.2, 1
30.2, 1.2
30.2, 1.4
30.2, 1.6
30.2, 1.8
30.2, 2
30.2, 2.2
30.2, 2.4
30.2, 2.6
30.2, 2.8
30.2, 3
30.2, 3.2
30.2, 3.4
30.2, 3.6
30.2, 3.8
30.2, 4
30.2, 4.2
30.2, 4.4
30.2, 4.6
30.2, 4.8
30.2, 5
30.2, 5.2
30.2, 5.4
30.2, 5.6
30.2, 5.8
30.2, 6
30.2, 6.2
30.2, 6.4
30.2, 6.6
30.2, 6.8
30.2, 7
30.2, 7.2
30.2, 7.4
30.2, 7.6
30.2, 7.8
30.2, 8
30.2, 8.2
30.2, 8.4
30.2, 8.6
30.2, 8.8
30.2, 9
30.2, 9.2
30.2, 9.4
30.2, 9.6
30.2, 9.8
30.2, 10
30.2, 10.2
30.2, 10.4
30.2, 10.6
30.2, 10.8
30.2, 11
30.2, 11.2
30.2, 11.4
30.2, 11.6
30.2, 11.8
30.2, 12
30.2, 12.2
30.2, 12.4
30.2, 12.6
30.2, 12.8
30.2, 13
30.2, 13.2
30.2, 13.4
30.2, 13.6
30.2, 13.8
30.2, 14
30.2, 14.2
30.2, 14.4
30.2, 14.6
30.2, 14.8
30.2, 15
30.2, 15.2
30.2, 15.4
30.2, 15.6
30.2, 15.8
30.2, 16
30.2, 16.2
30.2, 16.4
30.2, 16.6
30.2, 16.8
30.2, 17
30.2, 17.2
30.2, 17.4
30.2, 17.6
30.2, 17.8
30.2, 18
30.2, 18.2
30.2, 18.4
30.2, 18.6
30.2, 18.8
30.2, 19
30.2, 19.2
30.2, 19.4
30.2, 19.6
30.2, 19.8
30.2, 20
30.2, 20.2
30.2, 20.4
30.2, 20.6
30.2, 20.8
30.2, 21
30.2, 21.2
30.2, 21.4
30.2, 21.6
30.2, 21.8
30.2, 22
30.2, 22.2
30.2, 22.4
30.2, 22.6
30.2, 22.8
30.2, 23
30.2, 23.2
30.2, 23.4
30.2, 23.6
30.2, 23.8
30.2, 24
30.2, 24.2
30.2, 24.4
30.2, 24.6
30.2, 24.8
30.2, 25
30.2, 25.2
30.2, 25.4
30.2, 25.6
30.2, 25.8
30.2, 26
30.2, 26.2
30.2, 26.4
30.2, 26.6
30.2, 26.8
30.2, 27
30.2, 27.2
30.2, 27.4
30.2, 27.6
30.2, 27.8
30.2, 28
30.2, 28.2
30.2, 28.4
30.2, 28.6
30.2, 28.8
30.2, 29
30.2, 29.2
30.2, 29.4
30.2, 29.6
30.2, 29.8
30.2, 30
30.2, 30.2
30.2, 30.4
30.2, 30.6
30.2, 30.8
30.2, 31
30.2, 31.2
30.2, 31.4
30.2, 31.6
30.2, 31.8
30.2, 32
30.2, 32.2
30.2, 32.4
30.2, 32.6
30.2, 32.8
30.2, 33
30.2, 33.2
30.2, 33.4
30.2, 33.6
30.2, 33.8
30.2, 34
30.2, 34.2
30.2, 34.4
30.2, 34.6
30.2, 34.8
30.2, 35
30.2, 35.2
30.2, 35.4
30.2, 35.6
30.2, 35.8
30.2, 36
30.2, 36.2
30.2, 36.4
30.2, 36.6
30.2, 36.8
30.2, 37
30.2, 37.2
30.2, 37.4
30.2, 37.6
30.2, 37.8
30.2, 38
30.2, 38.2
30.2, 38.4
30.2, 38.6
30.2, 38.8
30.2, 39
30.2, 39.2
30.2, 39.4
30.2, 39.6
30.2, 39.8
30.2, 40
30.2, 40.2
30.2, 40.4
30.2, 40.6
30.2, 40.8
30.2, 41
30.2, 41.2
30.2, 41.4
30.2, 41.6
30.2, 41.8
30.2, 42
30.2, 42.2
30.2, 42.4
30.2, 42.6
30.2, 42.8
30.2, 43
30.2, 43.2
30.2, 43.4
30.2, 43.6
30.2, 43.8
30.2, 44
30.2, 44.2
30.2, 44.4
30.2, 44.6
30.2, 44.8
30.2, 45
30.2, 45.2
30.2, 45.4
30.2, 45.6
30.2, 45.8
30.2, 46
30.2, 46.2
30.2, 46.4
30.2, 46.6
30.2, 46.8
30.2, 47
30.2, 47.2
30.2, 47.4
30.2, 47.6
30.2, 47.8
30.2, 48
30.2, 48.2
30.2, 48.4
30.2, 48.6
30.2, 48.8
30.2, 49
30.2, 49.2
30.2, 49.4
30.2, 49.6
30.2, 49.8
30.2, 50
30.4, 0.2
30.4, 0.4
30.4, 0.6
30.4, 0.8
30.4, 1
30.4, 1.2
30.4, 1.4
30.4, 1.6
30.4, 1.8
30.4, 2
30.4, 2.2
30.4, 2.4
30.4, 2.6
30.4, 2.8
30.4, 3
30.4, 3.2
30.4, 3.4
30.4, 3.6
30.4, 3.8
30.4, 4
30.4, 4.2
30.4, 4.4
30.4, 4.6
30.4, 4.8
30.4, 5
30.4, 5.2
30.4, 5.4
30.4, 5.6
30.4, 5.8
30.4, 6
30.4, 6.2
30.4, 6.4
30.4, 6.6
30.4, 6.8
30.4, 7
30.4, 7.2
30.4, 7.4
30.4, 7.6
30.4, 7.8
30.4, 8
30.4, 8.2
30.4, 8.4
30.4, 8.6
30.4, 8.8
30.4, 9
30.4, 9.2
30.4, 9.4
30.4, 9.6
30.4, 9.8
30.4, 10
30.4, 10.2
30.4, 10.4
30.4, 10.6
30.4, 10.8
30.4, 11
30.4, 11.2
30.4, 11.4
30.4, 11.6
30.4, 11.8
30.4, 12
30.4, 12.2
30.4, 12.4
30.4, 12.6
30.4, 12.8
30.4, 13
30.4, 13.2
30.4, 13.4
30.4, 13.6
30.4, 13.8
30.4, 14
30.4, 14.2
30.4, 14.4
30.4, 14.6
30.4, 14.8
30.4, 15
30.4, 15.2
30.4, 15.4
30.4, 15.6
30.4, 15.8
30.4, 16
30.4, 16.2
30.4, 16.4
30.4, 16.6
30.4, 16.8
30.4, 17
30.4, 17.2
30.4, 17.4
30.4, 17.6
30.4, 17.8
30.4, 18
30.4, 18.2
30.4, 18.4
30.4, 18.6
30.4, 18.8
30.4, 19
30.4, 19.2
30.4, 19.4
30.4, 19.6
30.4, 19.8
30.4, 20
30.4, 20.2
30.4, 20.4
30.4, 20.6
30.4, 20.8
30.4, 21
30.4, 21.2
30.4, 21.4
30.4, 21.6
30.4, 21.8
30.4, 22
30.4, 22.2
30.4, 22.4
30.4, 22.6
30.4, 22.8
30.4, 23
30.4, 23.2
30.4, 23.4
30.4, 23.6
30.4, 23.8
30.4, 24
30.4, 24.2
30.4, 24.4
30.4, 24.6
30.4, 24.8
30.4, 25
30.4, 25.2
30.4, 25.4
30.4, 25.6
30.4, 25.8
30.4, 26
30.4, 26.2
30.4, 26.4
30.4, 26.6
30.4, 26.8
30.4, 27
30.4, 27.2
30.4, 27.4
30.4, 27.6
30.4, 27.8
30.4, 28
30.4, 28.2
30.4, 28.4
30.4, 28.6
30.4, 28.8
30.4, 29
30.4, 29.2
30.4, 29.4
30.4, 29.6
30.4, 29.8
30.4, 30
30.4, 30.2
30.4, 30.4
30.4, 30.6
30.4, 30.8
30.4, 31
30.4, 31.2
30.4, 31.4
30.4, 31.6
30.4, 31.8
30.4, 32
30.4, 32.2
30.4, 32.4
30.4, 32.6
30.4, 32.8
30.4, 33
30.4, 33.2
30.4, 33.4
30.4, 33.6
30.4, 33.8
30.4, 34
30.4, 34.2
30.4, 34.4
30.4, 34.6
30.4, 34.8
30.4, 35
30.4, 35.2
30.4, 35.4
30.4, 35.6
30.4, 35.8
30.4, 36
30.4, 36.2
30.4, 36.4
30.4, 36.6
30.4, 36.8
30.4, 37
30.4, 37.2
30.4, 37.4
30.4, 37.6
30.4, 37.8
30.4, 38
30.4, 38.2
30.4, 38.4
30.4, 38.6
30.4, 38.8
30.4, 39
30.4, 39.2
30.4, 39.4
30.4, 39.6
30.4, 39.8
30.4, 40
30.4, 40.2
30.4, 40.4
30.4, 40.6
30.4, 40.8
30.4, 41
30.4, 41.2
30.4, 41.4
30.4, 41.6
30.4, 41.8
30.4, 42
30.4, 42.2
30.4, 42.4
30.4, 42.6
30.4, 42.8
30.4, 43
30.4, 43.2
30.4, 43.4
30.4, 43.6
30.4, 43.8
30.4, 44
30.4, 44.2
30.4, 44.4
30.4, 44.6
30.4, 44.8
30.4, 45
30.4, 45.2
30.4, 45.4
30.4, 45.6
30.4, 45.8
30.4, 46
30.4, 46.2
30.4, 46.4
30.4, 46.6
30.4, 46.8
30.4, 47
30.4, 47.2
30.4, 47.4
30.4, 47.6
30.4, 47.8
30.4, 48
30.4, 48.2
30.4, 48.4
30.4, 48.6
30.4, 48.8
30.4, 49
30.4, 49.2
30.4, 49.4
30.4, 49.6
30.4, 49.8
30.4, 50
30.6, 0.2
30.6, 0.4
30.6, 0.6
30.6, 0.8
30.6, 1
30.6, 1.2
30.6, 1.4
30.6, 1.6
30.6, 1.8
30.6, 2
30.6, 2.2
30.6, 2.4
30.6, 2.6
30.6, 2.8
30.6, 3
30.6, 3.2
30.6, 3.4
30.6, 3.6
30.6, 3.8
30.6, 4
30.6, 4.2
30.6, 4.4
30.6, 4.6
30.6, 4.8
30.6, 5
30.6, 5.2
30.6, 5.4
30.6, 5.6
30.6, 5.8
30.6, 6
30.6, 6.2
30.6, 6.4
30.6, 6.6
30.6, 6.8
30.6, 7
30.6, 7.2
30.6, 7.4
30.6, 7.6
30.6, 7.8
30.6, 8
30.6, 8.2
30.6, 8.4
30.6, 8.6
30.6, 8.8
30.6, 9
30.6, 9.2
30.6, 9.4
30.6, 9.6
30.6, 9.8
30.6, 10
30.6, 10.2
30.6, 10.4
30.6, 10.6
30.6, 10.8
30.6, 11
30.6, 11.2
30.6, 11.4
30.6, 11.6
30.6, 11.8
30.6, 12
30.6, 12.2
30.6, 12.4
30.6, 12.6
30.6, 12.8
30.6, 13
30.6, 13.2
30.6, 13.4
30.6, 13.6
30.6, 13.8
30.6, 14
30.6, 14.2
30.6, 14.4
30.6, 14.6
30.6, 14.8
30.6, 15
30.6, 15.2
30.6, 15.4
30.6, 15.6
30.6, 15.8
30.6, 16
30.6, 16.2
30.6, 16.4
30.6, 16.6
30.6, 16.8
30.6, 17
30.6, 17.2
30.6, 17.4
30.6, 17.6
30.6, 17.8
30.6, 18
30.6, 18.2
30.6, 18.4
30.6, 18.6
30.6, 18.8
30.6, 19
30.6, 19.2
30.6, 19.4
30.6, 19.6
30.6, 19.8
30.6, 20
30.6, 20.2
30.6, 20.4
30.6, 20.6
30.6, 20.8
30.6, 21
30.6, 21.2
30.6, 21.4
30.6, 21.6
30.6, 21.8
30.6, 22
30.6, 22.2
30.6, 22.4
30.6, 22.6
30.6, 22.8
30.6, 23
30.6, 23.2
30.6, 23.4
30.6, 23.6
30.6, 23.8
30.6, 24
30.6, 24.2
30.6, 24.4
30.6, 24.6
30.6, 24.8
30.6, 25
30.6, 25.2
30.6, 25.4
30.6, 25.6
30.6, 25.8
30.6, 26
30.6, 26.2
30.6, 26.4
30.6, 26.6
30.6, 26.8
30.6, 27
30.6, 27.2
30.6, 27.4
30.6, 27.6
30.6, 27.8
30.6, 28
30.6, 28.2
30.6, 28.4
30.6, 28.6
30.6, 28.8
30.6, 29
30.6, 29.2
30.6, 29.4
30.6, 29.6
30.6, 29.8
30.6, 30
30.6, 30.2
30.6, 30.4
30.6, 30.6
30.6, 30.8
30.6, 31
30.6, 31.2
30.6, 31.4
30.6, 31.6
30.6, 31.8
30.6, 32
30.6, 32.2
30.6, 32.4
30.6, 32.6
30.6, 32.8
30.6, 33
30.6, 33.2
30.6, 33.4
30.6, 33.6
30.6, 33.8
30.6, 34
30.6, 34.2
30.6, 34.4
30.6, 34.6
30.6, 34.8
30.6, 35
30.6, 35.2
30.6, 35.4
30.6, 35.6
30.6, 35.8
30.6, 36
30.6, 36.2
30.6, 36.4
30.6, 36.6
30.6, 36.8
30.6, 37
30.6, 37.2
30.6, 37.4
30.6, 37.6
30.6, 37.8
30.6, 38
30.6, 38.2
30.6, 38.4
30.6, 38.6
30.6, 38.8
30.6, 39
30.6, 39.2
30.6, 39.4
30.6, 39.6
30.6, 39.8
30.6, 40
30.6, 40.2
30.6, 40.4
30.6, 40.6
30.6, 40.8
30.6, 41
30.6, 41.2
30.6, 41.4
30.6, 41.6
30.6, 41.8
30.6, 42
30.6, 42.2
30.6, 42.4
30.6, 42.6
30.6, 42.8
30.6, 43
30.6, 43.2
30.6, 43.4
30.6, 43.6
30.6, 43.8
30.6, 44
30.6, 44.2
30.6, 44.4
30.6, 44.6
30.6, 44.8
30.6, 45
30.6, 45.2
30.6, 45.4
30.6, 45.6
30.6, 45.8
30.6, 46
30.6, 46.2
30.6, 46.4
30.6, 46.6
30.6, 46.8
30.6, 47
30.6, 47.2
30.6, 47.4
30.6, 47.6
30.6, 47.8
30.6, 48
30.6, 48.2
30.6, 48.4
30.6, 48.6
30.6, 48.8
30.6, 49
30.6, 49.2
30.6, 49.4
30.6, 49.6
30.6, 49.8
30.6, 50
30.8, 0.2
30.8, 0.4
30.8, 0.6
30.8, 0.8
30.8, 1
30.8, 1.2
30.8, 1.4
30.8, 1.6
30.8, 1.8
30.8, 2
30.8, 2.2
30.8, 2.4
30.8, 2.6
30.8, 2.8
30.8, 3
30.8, 3.2
30.8, 3.4
30.8, 3.6
30.8, 3.8
30.8, 4
30.8, 4.2
30.8, 4.4
30.8, 4.6
30.8, 4.8
30.8, 5
30.8, 5.2
30.8, 5.4
30.8, 5.6
30.8, 5.8
30.8, 6
30.8, 6.2
30.8, 6.4
30.8, 6.6
30.8, 6.8
30.8, 7
30.8, 7.2
30.8, 7.4
30.8, 7.6
30.8, 7.8
30.8, 8
30.8, 8.2
30.8, 8.4
30.8, 8.6
30.8, 8.8
30.8, 9
30.8, 9.2
30.8, 9.4
30.8, 9.6
30.8, 9.8
30.8, 10
30.8, 10.2
30.8, 10.4
30.8, 10.6
30.8, 10.8
30.8, 11
30.8, 11.2
30.8, 11.4
30.8, 11.6
30.8, 11.8
30.8, 12
30.8, 12.2
30.8, 12.4
30.8, 12.6
30.8, 12.8
30.8, 13
30.8, 13.2
30.8, 13.4
30.8, 13.6
30.8, 13.8
30.8, 14
30.8, 14.2
30.8, 14.4
30.8, 14.6
30.8, 14.8
30.8, 15
30.8, 15.2
30.8, 15.4
30.8, 15.6
30.8, 15.8
30.8, 16
30.8, 16.2
30.8, 16.4
30.8, 16.6
30.8, 16.8
30.8, 17
30.8, 17.2
30.8, 17.4
30.8, 17.6
30.8, 17.8
30.8, 18
30.8, 18.2
30.8, 18.4
30.8, 18.6
30.8, 18.8
30.8, 19
30.8, 19.2
30.8, 19.4
30.8, 19.6
30.8, 19.8
30.8, 20
30.8, 20.2
30.8, 20.4
30.8, 20.6
30.8, 20.8
30.8, 21
30.8, 21.2
30.8, 21.4
30.8, 21.6
30.8, 21.8
30.8, 22
30.8, 22.2
30.8, 22.4
30.8, 22.6
30.8, 22.8
30.8, 23
30.8, 23.2
30.8, 23.4
30.8, 23.6
30.8, 23.8
30.8, 24
30.8, 24.2
30.8, 24.4
30.8, 24.6
30.8, 24.8
30.8, 25
30.8, 25.2
30.8, 25.4
30.8, 25.6
30.8, 25.8
30.8, 26
30.8, 26.2
30.8, 26.4
30.8, 26.6
30.8, 26.8
30.8, 27
30.8, 27.2
30.8, 27.4
30.8, 27.6
30.8, 27.8
30.8, 28
30.8, 28.2
30.8, 28.4
30.8, 28.6
30.8, 28.8
30.8, 29
30.8, 29.2
30.8, 29.4
30.8, 29.6
30.8, 29.8
30.8, 30
30.8, 30.2
30.8, 30.4
30.8, 30.6
30.8, 30.8
30.8, 31
30.8, 31.2
30.8, 31.4
30.8, 31.6
30.8, 31.8
30.8, 32
30.8, 32.2
30.8, 32.4
30.8, 32.6
30.8, 32.8
30.8, 33
30.8, 33.2
30.8, 33.4
30.8, 33.6
30.8, 33.8
30.8, 34
30.8, 34.2
30.8, 34.4
30.8, 34.6
30.8, 34.8
30.8, 35
30.8, 35.2
30.8, 35.4
30.8, 35.6
30.8, 35.8
30.8, 36
30.8, 36.2
30.8, 36.4
30.8, 36.6
30.8, 36.8
30.8, 37
30.8, 37.2
30.8, 37.4
30.8, 37.6
30.8, 37.8
30.8, 38
30.8, 38.2
30.8, 38.4
30.8, 38.6
30.8, 38.8
30.8, 39
30.8, 39.2
30.8, 39.4
30.8, 39.6
30.8, 39.8
30.8, 40
30.8, 40.2
30.8, 40.4
30.8, 40.6
30.8, 40.8
30.8, 41
30.8, 41.2
30.8, 41.4
30.8, 41.6
30.8, 41.8
30.8, 42
30.8, 42.2
30.8, 42.4
30.8, 42.6
30.8, 42.8
30.8, 43
30.8, 43.2
30.8, 43.4
30.8, 43.6
30.8, 43.8
30.8, 44
30.8, 44.2
30.8, 44.4
30.8, 44.6
30.8, 44.8
30.8, 45
30.8, 45.2
30.8, 45.4
30.8, 45.6
30.8, 45.8
30.8, 46
30.8, 46.2
30.8, 46.4
30.8, 46.6
30.8, 46.8
30.8, 47
30.8, 47.2
30.8, 47.4
30.8, 47.6
30.8, 47.8
30.8, 48
30.8, 48.2
30.8, 48.4
30.8, 48.6
30.8, 48.8
30.8, 49
30.8, 49.2
30.8, 49.4
30.8, 49.6
30.8, 49.8
30.8, 50
31, 0.2
31, 0.4
31, 0.6
31, 0.8
31, 1
31, 1.2
31, 1.4
31, 1.6
31, 1.8
31, 2
31, 2.2
31, 2.4
31, 2.6
31, 2.8
31, 3
31, 3.2
31, 3.4
31, 3.6
31, 3.8
31, 4
31, 4.2
31, 4.4
31, 4.6
31, 4.8
31, 5
31, 5.2
31, 5.4
31, 5.6
31, 5.8
31, 6
31, 6.2
31, 6.4
31, 6.6
31, 6.8
31, 7
31, 7.2
31, 7.4
31, 7.6
31, 7.8
31, 8
31, 8.2
31, 8.4
31, 8.6
31, 8.8
31, 9
31, 9.2
31, 9.4
31, 9.6
31, 9.8
31, 10
31, 10.2
31, 10.4
31, 10.6
31, 10.8
31, 11
31, 11.2
31, 11.4
31, 11.6
31, 11.8
31, 12
31, 12.2
31, 12.4
31, 12.6
31, 12.8
31, 13
31, 13.2
31, 13.4
31, 13.6
31, 13.8
31, 14
31, 14.2
31, 14.4
31, 14.6
31, 14.8
31, 15
31, 15.2
31, 15.4
31, 15.6
31, 15.8
31, 16
31, 16.2
31, 16.4
31, 16.6
31, 16.8
31, 17
31, 17.2
31, 17.4
31, 17.6
31, 17.8
31, 18
31, 18.2
31, 18.4
31, 18.6
31, 18.8
31, 19
31, 19.2
31, 19.4
31, 19.6
31, 19.8
31, 20
31, 20.2
31, 20.4
31, 20.6
31, 20.8
31, 21
31, 21.2
31, 21.4
31, 21.6
31, 21.8
31, 22
31, 22.2
31, 22.4
31, 22.6
31, 22.8
31, 23
31, 23.2
31, 23.4
31, 23.6
31, 23.8
31, 24
31, 24.2
31, 24.4
31, 24.6
31, 24.8
31, 25
31, 25.2
31, 25.4
31, 25.6
31, 25.8
31, 26
31, 26.2
31, 26.4
31, 26.6
31, 26.8
31, 27
31, 27.2
31, 27.4
31, 27.6
31, 27.8
31, 28
31, 28.2
31, 28.4
31, 28.6
31, 28.8
31, 29
31, 29.2
31, 29.4
31, 29.6
31, 29.8
31, 30
31, 30.2
31, 30.4
31, 30.6
31, 30.8
31, 31
31, 31.2
31, 31.4
31, 31.6
31, 31.8
31, 32
31, 32.2
31, 32.4
31, 32.6
31, 32.8
31, 33
31, 33.2
31, 33.4
31, 33.6
31, 33.8
31, 34
31, 34.2
31, 34.4
31, 34.6
31, 34.8
31, 35
31, 35.2
31, 35.4
31, 35.6
31, 35.8
31, 36
31, 36.2
31, 36.4
31, 36.6
31, 36.8
31, 37
31, 37.2
31, 37.4
31, 37.6
31, 37.8
31, 38
31, 38.2
31, 38.4
31, 38.6
31, 38.8
31, 39
31, 39.2
31, 39.4
31, 39.6
31, 39.8
31, 40
31, 40.2
31, 40.4
31, 40.6
31, 40.8
31, 41
31, 41.2
31, 41.4
31, 41.6
31, 41.8
31, 42
31, 42.2
31, 42.4
31, 42.6
31, 42.8
31, 43
31, 43.2
31, 43.4
31, 43.6
31, 43.8
31, 44
31, 44.2
31, 44.4
31, 44.6
31, 44.8
31, 45
31, 45.2
31, 45.4
31, 45.6
31, 45.8
31, 46
31, 46.2
31, 46.4
31, 46.6
31, 46.8
31, 47
31, 47.2
31, 47.4
31, 47.6
31, 47.8
31, 48
31, 48.2
31, 48.4
31, 48.6
31, 48.8
31, 49
31, 49.2
31, 49.4
31, 49.6
31, 49.8
31, 50
31.2, 0.2
31.2, 0.4
31.2, 0.6
31.2, 0.8
31.2, 1
31.2, 1.2
31.2, 1.4
31.2, 1.6
31.2, 1.8
31.2, 2
31.2, 2.2
31.2, 2.4
31.2, 2.6
31.2, 2.8
31.2, 3
31.2, 3.2
31.2, 3.4
31.2, 3.6
31.2, 3.8
31.2, 4
31.2, 4.2
31.2, 4.4
31.2, 4.6
31.2, 4.8
31.2, 5
31.2, 5.2
31.2, 5.4
31.2, 5.6
31.2, 5.8
31.2, 6
31.2, 6.2
31.2, 6.4
31.2, 6.6
31.2, 6.8
31.2, 7
31.2, 7.2
31.2, 7.4
31.2, 7.6
31.2, 7.8
31.2, 8
31.2, 8.2
31.2, 8.4
31.2, 8.6
31.2, 8.8
31.2, 9
31.2, 9.2
31.2, 9.4
31.2, 9.6
31.2, 9.8
31.2, 10
31.2, 10.2
31.2, 10.4
31.2, 10.6
31.2, 10.8
31.2, 11
31.2, 11.2
31.2, 11.4
31.2, 11.6
31.2, 11.8
31.2, 12
31.2, 12.2
31.2, 12.4
31.2, 12.6
31.2, 12.8
31.2, 13
31.2, 13.2
31.2, 13.4
31.2, 13.6
31.2, 13.8
31.2, 14
31.2, 14.2
31.2, 14.4
31.2, 14.6
31.2, 14.8
31.2, 15
31.2, 15.2
31.2, 15.4
31.2, 15.6
31.2, 15.8
31.2, 16
31.2, 16.2
31.2, 16.4
31.2, 16.6
31.2, 16.8
31.2, 17
31.2, 17.2
31.2, 17.4
31.2, 17.6
31.2, 17.8
31.2, 18
31.2, 18.2
31.2, 18.4
31.2, 18.6
31.2, 18.8
31.2, 19
31.2, 19.2
31.2, 19.4
31.2, 19.6
31.2, 19.8
31.2, 20
31.2, 20.2
31.2, 20.4
31.2, 20.6
31.2, 20.8
31.2, 21
31.2, 21.2
31.2, 21.4
31.2, 21.6
31.2, 21.8
31.2, 22
31.2, 22.2
31.2, 22.4
31.2, 22.6
31.2, 22.8
31.2, 23
31.2, 23.2
31.2, 23.4
31.2, 23.6
31.2, 23.8
31.2, 24
31.2, 24.2
31.2, 24.4
31.2, 24.6
31.2, 24.8
31.2, 25
31.2, 25.2
31.2, 25.4
31.2, 25.6
31.2, 25.8
31.2, 26
31.2, 26.2
31.2, 26.4
31.2, 26.6
31.2, 26.8
31.2, 27
31.2, 27.2
31.2, 27.4
31.2, 27.6
31.2, 27.8
31.2, 28
31.2, 28.2
31.2, 28.4
31.2, 28.6
31.2, 28.8
31.2, 29
31.2, 29.2
31.2, 29.4
31.2, 29.6
31.2, 29.8
31.2, 30
31.2, 30.2
31.2, 30.4
31.2, 30.6
31.2, 30.8
31.2, 31
31.2, 31.2
31.2, 31.4
31.2, 31.6
31.2, 31.8
31.2, 32
31.2, 32.2
31.2, 32.4
31.2, 32.6
31.2, 32.8
31.2, 33
31.2, 33.2
31.2, 33.4
31.2, 33.6
31.2, 33.8
31.2, 34
31.2, 34.2
31.2, 34.4
31.2, 34.6
31.2, 34.8
31.2, 35
31.2, 35.2
31.2, 35.4
31.2, 35.6
31.2, 35.8
31.2, 36
31.2, 36.2
31.2, 36.4
31.2, 36.6
31.2, 36.8
31.2, 37
31.2, 37.2
31.2, 37.4
31.2, 37.6
31.2, 37.8
31.2, 38
31.2, 38.2
31.2, 38.4
31.2, 38.6
31.2, 38.8
31.2, 39
31.2, 39.2
31.2, 39.4
31.2, 39.6
31.2, 39.8
31.2, 40
31.2, 40.2
31.2, 40.4
31.2, 40.6
31.2, 40.8
31.2, 41
31.2, 41.2
31.2, 41.4
31.2, 41.6
31.2, 41.8
31.2, 42
31.2, 42.2
31.2, 42.4
31.2, 42.6
31.2, 42.8
31.2, 43
31.2, 43.2
31.2, 43.4
31.2, 43.6
31.2, 43.8
31.2, 44
31.2, 44.2
31.2, 44.4
31.2, 44.6
31.2, 44.8
31.2, 45
31.2, 45.2
31.2, 45.4
31.2, 45.6
31.2, 45.8
31.2, 46
31.2, 46.2
31.2, 46.4
31.2, 46.6
31.2, 46.8
31.2, 47
31.2, 47.2
31.2, 47.4
31.2, 47.6
31.2, 47.8
31.2, 48
31.2, 48.2
31.2, 48.4
31.2, 48.6
31.2, 48.8
31.2, 49
31.2, 49.2
31.2, 49.4
31.2, 49.6
31.2, 49.8
31.2, 50
31.4, 0.2
31.4, 0.4
31.4, 0.6
31.4, 0.8
31.4, 1
31.4, 1.2
31.4, 1.4
31.4, 1.6
31.4, 1.8
31.4, 2
31.4, 2.2
31.4, 2.4
31.4, 2.6
31.4, 2.8
31.4, 3
31.4, 3.2
31.4, 3.4
31.4, 3.6
31.4, 3.8
31.4, 4
31.4, 4.2
31.4, 4.4
31.4, 4.6
31.4, 4.8
31.4, 5
31.4, 5.2
31.4, 5.4
31.4, 5.6
31.4, 5.8
31.4, 6
31.4, 6.2
31.4, 6.4
31.4, 6.6
31.4, 6.8
31.4, 7
31.4, 7.2
31.4, 7.4
31.4, 7.6
31.4, 7.8
31.4, 8
31.4, 8.2
31.4, 8.4
31.4, 8.6
31.4, 8.8
31.4, 9
31.4, 9.2
31.4, 9.4
31.4, 9.6
31.4, 9.8
31.4, 10
31.4, 10.2
31.4, 10.4
31.4, 10.6
31.4, 10.8
31.4, 11
31.4, 11.2
31.4, 11.4
31.4, 11.6
31.4, 11.8
31.4, 12
31.4, 12.2
31.4, 12.4
31.4, 12.6
31.4, 12.8
31.4, 13
31.4, 13.2
31.4, 13.4
31.4, 13.6
31.4, 13.8
31.4, 14
31.4, 14.2
31.4, 14.4
31.4, 14.6
31.4, 14.8
31.4, 15
31.4, 15.2
31.4, 15.4
31.4, 15.6
31.4, 15.8
31.4, 16
31.4, 16.2
31.4, 16.4
31.4, 16.6
31.4, 16.8
31.4, 17
31.4, 17.2
31.4, 17.4
31.4, 17.6
31.4, 17.8
31.4, 18
31.4, 18.2
31.4, 18.4
31.4, 18.6
31.4, 18.8
31.4, 19
31.4, 19.2
31.4, 19.4
31.4, 19.6
31.4, 19.8
31.4, 20
31.4, 20.2
31.4, 20.4
31.4, 20.6
31.4, 20.8
31.4, 21
31.4, 21.2
31.4, 21.4
31.4, 21.6
31.4, 21.8
31.4, 22
31.4, 22.2
31.4, 22.4
31.4, 22.6
31.4, 22.8
31.4, 23
31.4, 23.2
31.4, 23.4
31.4, 23.6
31.4, 23.8
31.4, 24
31.4, 24.2
31.4, 24.4
31.4, 24.6
31.4, 24.8
31.4, 25
31.4, 25.2
31.4, 25.4
31.4, 25.6
31.4, 25.8
31.4, 26
31.4, 26.2
31.4, 26.4
31.4, 26.6
31.4, 26.8
31.4, 27
31.4, 27.2
31.4, 27.4
31.4, 27.6
31.4, 27.8
31.4, 28
31.4, 28.2
31.4, 28.4
31.4, 28.6
31.4, 28.8
31.4, 29
31.4, 29.2
31.4, 29.4
31.4, 29.6
31.4, 29.8
31.4, 30
31.4, 30.2
31.4, 30.4
31.4, 30.6
31.4, 30.8
31.4, 31
31.4, 31.2
31.4, 31.4
31.4, 31.6
31.4, 31.8
31.4, 32
31.4, 32.2
31.4, 32.4
31.4, 32.6
31.4, 32.8
31.4, 33
31.4, 33.2
31.4, 33.4
31.4, 33.6
31.4, 33.8
31.4, 34
31.4, 34.2
31.4, 34.4
31.4, 34.6
31.4, 34.8
31.4, 35
31.4, 35.2
31.4, 35.4
31.4, 35.6
31.4, 35.8
31.4, 36
31.4, 36.2
31.4, 36.4
31.4, 36.6
31.4, 36.8
31.4, 37
31.4, 37.2
31.4, 37.4
31.4, 37.6
31.4, 37.8
31.4, 38
31.4, 38.2
31.4, 38.4
31.4, 38.6
31.4, 38.8
31.4, 39
31.4, 39.2
31.4, 39.4
31.4, 39.6
31.4, 39.8
31.4, 40
31.4, 40.2
31.4, 40.4
31.4, 40.6
31.4, 40.8
31.4, 41
31.4, 41.2
31.4, 41.4
31.4, 41.6
31.4, 41.8
31.4, 42
31.4, 42.2
31.4, 42.4
31.4, 42.6
31.4, 42.8
31.4, 43
31.4, 43.2
31.4, 43.4
31.4, 43.6
31.4, 43.8
31.4, 44
31.4, 44.2
31.4, 44.4
31.4, 44.6
31.4, 44.8
31.4, 45
31.4, 45.2
31.4, 45.4
31.4, 45.6
31.4, 45.8
31.4, 46
31.4, 46.2
31.4, 46.4
31.4, 46.6
31.4, 46.8
31.4, 47
31.4, 47.2
31.4, 47.4
31.4, 47.6
31.4, 47.8
31.4, 48
31.4, 48.2
31.4, 48.4
31.4, 48.6
31.4, 48.8
31.4, 49
31.4, 49.2
31.4, 49.4
31.4, 49.6
31.4, 49.8
31.4, 50
31.6, 0.2
31.6, 0.4
31.6, 0.6
31.6, 0.8
31.6, 1
31.6, 1.2
31.6, 1.4
31.6, 1.6
31.6, 1.8
31.6, 2
31.6, 2.2
31.6, 2.4
31.6, 2.6
31.6, 2.8
31.6, 3
31.6, 3.2
31.6, 3.4
31.6, 3.6
31.6, 3.8
31.6, 4
31.6, 4.2
31.6, 4.4
31.6, 4.6
31.6, 4.8
31.6, 5
31.6, 5.2
31.6, 5.4
31.6, 5.6
31.6, 5.8
31.6, 6
31.6, 6.2
31.6, 6.4
31.6, 6.6
31.6, 6.8
31.6, 7
31.6, 7.2
31.6, 7.4
31.6, 7.6
31.6, 7.8
31.6, 8
31.6, 8.2
31.6, 8.4
31.6, 8.6
31.6, 8.8
31.6, 9
31.6, 9.2
31.6, 9.4
31.6, 9.6
31.6, 9.8
31.6, 10
31.6, 10.2
31.6, 10.4
31.6, 10.6
31.6, 10.8
31.6, 11
31.6, 11.2
31.6, 11.4
31.6, 11.6
31.6, 11.8
31.6, 12
31.6, 12.2
31.6, 12.4
31.6, 12.6
31.6, 12.8
31.6, 13
31.6, 13.2
31.6, 13.4
31.6, 13.6
31.6, 13.8
31.6, 14
31.6, 14.2
31.6, 14.4
31.6, 14.6
31.6, 14.8
31.6, 15
31.6, 15.2
31.6, 15.4
31.6, 15.6
31.6, 15.8
31.6, 16
31.6, 16.2
31.6, 16.4
31.6, 16.6
31.6, 16.8
31.6, 17
31.6, 17.2
31.6, 17.4
31.6, 17.6
31.6, 17.8
31.6, 18
31.6, 18.2
31.6, 18.4
31.6, 18.6
31.6, 18.8
31.6, 19
31.6, 19.2
31.6, 19.4
31.6, 19.6
31.6, 19.8
31.6, 20
31.6, 20.2
31.6, 20.4
31.6, 20.6
31.6, 20.8
31.6, 21
31.6, 21.2
31.6, 21.4
31.6, 21.6
31.6, 21.8
31.6, 22
31.6, 22.2
31.6, 22.4
31.6, 22.6
31.6, 22.8
31.6, 23
31.6, 23.2
31.6, 23.4
31.6, 23.6
31.6, 23.8
31.6, 24
31.6, 24.2
31.6, 24.4
31.6, 24.6
31.6, 24.8
31.6, 25
31.6, 25.2
31.6, 25.4
31.6, 25.6
31.6, 25.8
31.6, 26
31.6, 26.2
31.6, 26.4
31.6, 26.6
31.6, 26.8
31.6, 27
31.6, 27.2
31.6, 27.4
31.6, 27.6
31.6, 27.8
31.6, 28
31.6, 28.2
31.6, 28.4
31.6, 28.6
31.6, 28.8
31.6, 29
31.6, 29.2
31.6, 29.4
31.6, 29.6
31.6, 29.8
31.6, 30
31.6, 30.2
31.6, 30.4
31.6, 30.6
31.6, 30.8
31.6, 31
31.6, 31.2
31.6, 31.4
31.6, 31.6
31.6, 31.8
31.6, 32
31.6, 32.2
31.6, 32.4
31.6, 32.6
31.6, 32.8
31.6, 33
31.6, 33.2
31.6, 33.4
31.6, 33.6
31.6, 33.8
31.6, 34
31.6, 34.2
31.6, 34.4
31.6, 34.6
31.6, 34.8
31.6, 35
31.6, 35.2
31.6, 35.4
31.6, 35.6
31.6, 35.8
31.6, 36
31.6, 36.2
31.6, 36.4
31.6, 36.6
31.6, 36.8
31.6, 37
31.6, 37.2
31.6, 37.4
31.6, 37.6
31.6, 37.8
31.6, 38
31.6, 38.2
31.6, 38.4
31.6, 38.6
31.6, 38.8
31.6, 39
31.6, 39.2
31.6, 39.4
31.6, 39.6
31.6, 39.8
31.6, 40
31.6, 40.2
31.6, 40.4
31.6, 40.6
31.6, 40.8
31.6, 41
31.6, 41.2
31.6, 41.4
31.6, 41.6
31.6, 41.8
31.6, 42
31.6, 42.2
31.6, 42.4
31.6, 42.6
31.6, 42.8
31.6, 43
31.6, 43.2
31.6, 43.4
31.6, 43.6
31.6, 43.8
31.6, 44
31.6, 44.2
31.6, 44.4
31.6, 44.6
31.6, 44.8
31.6, 45
31.6, 45.2
31.6, 45.4
31.6, 45.6
31.6, 45.8
31.6, 46
31.6, 46.2
31.6, 46.4
31.6, 46.6
31.6, 46.8
31.6, 47
31.6, 47.2
31.6, 47.4
31.6, 47.6
31.6, 47.8
31.6, 48
31.6, 48.2
31.6, 48.4
31.6, 48.6
31.6, 48.8
31.6, 49
31.6, 49.2
31.6, 49.4
31.6, 49.6
31.6, 49.8
31.6, 50
31.8, 0.2
31.8, 0.4
31.8, 0.6
31.8, 0.8
31.8, 1
31.8, 1.2
31.8, 1.4
31.8, 1.6
31.8, 1.8
31.8, 2
31.8, 2.2
31.8, 2.4
31.8, 2.6
31.8, 2.8
31.8, 3
31.8, 3.2
31.8, 3.4
31.8, 3.6
31.8, 3.8
31.8, 4
31.8, 4.2
31.8, 4.4
31.8, 4.6
31.8, 4.8
31.8, 5
31.8, 5.2
31.8, 5.4
31.8, 5.6
31.8, 5.8
31.8, 6
31.8, 6.2
31.8, 6.4
31.8, 6.6
31.8, 6.8
31.8, 7
31.8, 7.2
31.8, 7.4
31.8, 7.6
31.8, 7.8
31.8, 8
31.8, 8.2
31.8, 8.4
31.8, 8.6
31.8, 8.8
31.8, 9
31.8, 9.2
31.8, 9.4
31.8, 9.6
31.8, 9.8
31.8, 10
31.8, 10.2
31.8, 10.4
31.8, 10.6
31.8, 10.8
31.8, 11
31.8, 11.2
31.8, 11.4
31.8, 11.6
31.8, 11.8
31.8, 12
31.8, 12.2
31.8, 12.4
31.8, 12.6
31.8, 12.8
31.8, 13
31.8, 13.2
31.8, 13.4
31.8, 13.6
31.8, 13.8
31.8, 14
31.8, 14.2
31.8, 14.4
31.8, 14.6
31.8, 14.8
31.8, 15
31.8, 15.2
31.8, 15.4
31.8, 15.6
31.8, 15.8
31.8, 16
31.8, 16.2
31.8, 16.4
31.8, 16.6
31.8, 16.8
31.8, 17
31.8, 17.2
31.8, 17.4
31.8, 17.6
31.8, 17.8
31.8, 18
31.8, 18.2
31.8, 18.4
31.8, 18.6
31.8, 18.8
31.8, 19
31.8, 19.2
31.8, 19.4
31.8, 19.6
31.8, 19.8
31.8, 20
31.8, 20.2
31.8, 20.4
31.8, 20.6
31.8, 20.8
31.8, 21
31.8, 21.2
31.8, 21.4
31.8, 21.6
31.8, 21.8
31.8, 22
31.8, 22.2
31.8, 22.4
31.8, 22.6
31.8, 22.8
31.8, 23
31.8, 23.2
31.8, 23.4
31.8, 23.6
31.8, 23.8
31.8, 24
31.8, 24.2
31.8, 24.4
31.8, 24.6
31.8, 24.8
31.8, 25
31.8, 25.2
31.8, 25.4
31.8, 25.6
31.8, 25.8
31.8, 26
31.8, 26.2
31.8, 26.4
31.8, 26.6
31.8, 26.8
31.8, 27
31.8, 27.2
31.8, 27.4
31.8, 27.6
31.8, 27.8
31.8, 28
31.8, 28.2
31.8, 28.4
31.8, 28.6
31.8, 28.8
31.8, 29
31.8, 29.2
31.8, 29.4
31.8, 29.6
31.8, 29.8
31.8, 30
31.8, 30.2
31.8, 30.4
31.8, 30.6
31.8, 30.8
31.8, 31
31.8, 31.2
31.8, 31.4
31.8, 31.6
31.8, 31.8
31.8, 32
31.8, 32.2
31.8, 32.4
31.8, 32.6
31.8, 32.8
31.8, 33
31.8, 33.2
31.8, 33.4
31.8, 33.6
31.8, 33.8
31.8, 34
31.8, 34.2
31.8, 34.4
31.8, 34.6
31.8, 34.8
31.8, 35
31.8, 35.2
31.8, 35.4
31.8, 35.6
31.8, 35.8
31.8, 36
31.8, 36.2
31.8, 36.4
31.8, 36.6
31.8, 36.8
31.8, 37
31.8, 37.2
31.8, 37.4
31.8, 37.6
31.8, 37.8
31.8, 38
31.8, 38.2
31.8, 38.4
31.8, 38.6
31.8, 38.8
31.8, 39
31.8, 39.2
31.8, 39.4
31.8, 39.6
31.8, 39.8
31.8, 40
31.8, 40.2
31.8, 40.4
31.8, 40.6
31.8, 40.8
31.8, 41
31.8, 41.2
31.8, 41.4
31.8, 41.6
31.8, 41.8
31.8, 42
31.8, 42.2
31.8, 42.4
31.8, 42.6
31.8, 42.8
31.8, 43
31.8, 43.2
31.8, 43.4
31.8, 43.6
31.8, 43.8
31.8, 44
31.8, 44.2
31.8, 44.4
31.8, 44.6
31.8, 44.8
31.8, 45
31.8, 45.2
31.8, 45.4
31.8, 45.6
31.8, 45.8
31.8, 46
31.8, 46.2
31.8, 46.4
31.8, 46.6
31.8, 46.8
31.8, 47
31.8, 47.2
31.8, 47.4
31.8, 47.6
31.8, 47.8
31.8, 48
31.8, 48.2
31.8, 48.4
31.8, 48.6
31.8, 48.8
31.8, 49
31.8, 49.2
31.8, 49.4
31.8, 49.6
31.8, 49.8
31.8, 50
32, 0.2
32, 0.4
32, 0.6
32, 0.8
32, 1
32, 1.2
32, 1.4
32, 1.6
32, 1.8
32, 2
32, 2.2
32, 2.4
32, 2.6
32, 2.8
32, 3
32, 3.2
32, 3.4
32, 3.6
32, 3.8
32, 4
32, 4.2
32, 4.4
32, 4.6
32, 4.8
32, 5
32, 5.2
32, 5.4
32, 5.6
32, 5.8
32, 6
32, 6.2
32, 6.4
32, 6.6
32, 6.8
32, 7
32, 7.2
32, 7.4
32, 7.6
32, 7.8
32, 8
32, 8.2
32, 8.4
32, 8.6
32, 8.8
32, 9
32, 9.2
32, 9.4
32, 9.6
32, 9.8
32, 10
32, 10.2
32, 10.4
32, 10.6
32, 10.8
32, 11
32, 11.2
32, 11.4
32, 11.6
32, 11.8
32, 12
32, 12.2
32, 12.4
32, 12.6
32, 12.8
32, 13
32, 13.2
32, 13.4
32, 13.6
32, 13.8
32, 14
32, 14.2
32, 14.4
32, 14.6
32, 14.8
32, 15
32, 15.2
32, 15.4
32, 15.6
32, 15.8
32, 16
32, 16.2
32, 16.4
32, 16.6
32, 16.8
32, 17
32, 17.2
32, 17.4
32, 17.6
32, 17.8
32, 18
32, 18.2
32, 18.4
32, 18.6
32, 18.8
32, 19
32, 19.2
32, 19.4
32, 19.6
32, 19.8
32, 20
32, 20.2
32, 20.4
32, 20.6
32, 20.8
32, 21
32, 21.2
32, 21.4
32, 21.6
32, 21.8
32, 22
32, 22.2
32, 22.4
32, 22.6
32, 22.8
32, 23
32, 23.2
32, 23.4
32, 23.6
32, 23.8
32, 24
32, 24.2
32, 24.4
32, 24.6
32, 24.8
32, 25
32, 25.2
32, 25.4
32, 25.6
32, 25.8
32, 26
32, 26.2
32, 26.4
32, 26.6
32, 26.8
32, 27
32, 27.2
32, 27.4
32, 27.6
32, 27.8
32, 28
32, 28.2
32, 28.4
32, 28.6
32, 28.8
32, 29
32, 29.2
32, 29.4
32, 29.6
32, 29.8
32, 30
32, 30.2
32, 30.4
32, 30.6
32, 30.8
32, 31
32, 31.2
32, 31.4
32, 31.6
32, 31.8
32, 32
32, 32.2
32, 32.4
32, 32.6
32, 32.8
32, 33
32, 33.2
32, 33.4
32, 33.6
32, 33.8
32, 34
32, 34.2
32, 34.4
32, 34.6
32, 34.8
32, 35
32, 35.2
32, 35.4
32, 35.6
32, 35.8
32, 36
32, 36.2
32, 36.4
32, 36.6
32, 36.8
32, 37
32, 37.2
32, 37.4
32, 37.6
32, 37.8
32, 38
32, 38.2
32, 38.4
32, 38.6
32, 38.8
32, 39
32, 39.2
32, 39.4
32, 39.6
32, 39.8
32, 40
32, 40.2
32, 40.4
32, 40.6
32, 40.8
32, 41
32, 41.2
32, 41.4
32, 41.6
32, 41.8
32, 42
32, 42.2
32, 42.4
32, 42.6
32, 42.8
32, 43
32, 43.2
32, 43.4
32, 43.6
32, 43.8
32, 44
32, 44.2
32, 44.4
32, 44.6
32, 44.8
32, 45
32, 45.2
32, 45.4
32, 45.6
32, 45.8
32, 46
32, 46.2
32, 46.4
32, 46.6
32, 46.8
32, 47
32, 47.2
32, 47.4
32, 47.6
32, 47.8
32, 48
32, 48.2
32, 48.4
32, 48.6
32, 48.8
32, 49
32, 49.2
32, 49.4
32, 49.6
32, 49.8
32, 50
32.2, 0.2
32.2, 0.4
32.2, 0.6
32.2, 0.8
32.2, 1
32.2, 1.2
32.2, 1.4
32.2, 1.6
32.2, 1.8
32.2, 2
32.2, 2.2
32.2, 2.4
32.2, 2.6
32.2, 2.8
32.2, 3
32.2, 3.2
32.2, 3.4
32.2, 3.6
32.2, 3.8
32.2, 4
32.2, 4.2
32.2, 4.4
32.2, 4.6
32.2, 4.8
32.2, 5
32.2, 5.2
32.2, 5.4
32.2, 5.6
32.2, 5.8
32.2, 6
32.2, 6.2
32.2, 6.4
32.2, 6.6
32.2, 6.8
32.2, 7
32.2, 7.2
32.2, 7.4
32.2, 7.6
32.2, 7.8
32.2, 8
32.2, 8.2
32.2, 8.4
32.2, 8.6
32.2, 8.8
32.2, 9
32.2, 9.2
32.2, 9.4
32.2, 9.6
32.2, 9.8
32.2, 10
32.2, 10.2
32.2, 10.4
32.2, 10.6
32.2, 10.8
32.2, 11
32.2, 11.2
32.2, 11.4
32.2, 11.6
32.2, 11.8
32.2, 12
32.2, 12.2
32.2, 12.4
32.2, 12.6
32.2, 12.8
32.2, 13
32.2, 13.2
32.2, 13.4
32.2, 13.6
32.2, 13.8
32.2, 14
32.2, 14.2
32.2, 14.4
32.2, 14.6
32.2, 14.8
32.2, 15
32.2, 15.2
32.2, 15.4
32.2, 15.6
32.2, 15.8
32.2, 16
32.2, 16.2
32.2, 16.4
32.2, 16.6
32.2, 16.8
32.2, 17
32.2, 17.2
32.2, 17.4
32.2, 17.6
32.2, 17.8
32.2, 18
32.2, 18.2
32.2, 18.4
32.2, 18.6
32.2, 18.8
32.2, 19
32.2, 19.2
32.2, 19.4
32.2, 19.6
32.2, 19.8
32.2, 20
32.2, 20.2
32.2, 20.4
32.2, 20.6
32.2, 20.8
32.2, 21
32.2, 21.2
32.2, 21.4
32.2, 21.6
32.2, 21.8
32.2, 22
32.2, 22.2
32.2, 22.4
32.2, 22.6
32.2, 22.8
32.2, 23
32.2, 23.2
32.2, 23.4
32.2, 23.6
32.2, 23.8
32.2, 24
32.2, 24.2
32.2, 24.4
32.2, 24.6
32.2, 24.8
32.2, 25
32.2, 25.2
32.2, 25.4
32.2, 25.6
32.2, 25.8
32.2, 26
32.2, 26.2
32.2, 26.4
32.2, 26.6
32.2, 26.8
32.2, 27
32.2, 27.2
32.2, 27.4
32.2, 27.6
32.2, 27.8
32.2, 28
32.2, 28.2
32.2, 28.4
32.2, 28.6
32.2, 28.8
32.2, 29
32.2, 29.2
32.2, 29.4
32.2, 29.6
32.2, 29.8
32.2, 30
32.2, 30.2
32.2, 30.4
32.2, 30.6
32.2, 30.8
32.2, 31
32.2, 31.2
32.2, 31.4
32.2, 31.6
32.2, 31.8
32.2, 32
32.2, 32.2
32.2, 32.4
32.2, 32.6
32.2, 32.8
32.2, 33
32.2, 33.2
32.2, 33.4
32.2, 33.6
32.2, 33.8
32.2, 34
32.2, 34.2
32.2, 34.4
32.2, 34.6
32.2, 34.8
32.2, 35
32.2, 35.2
32.2, 35.4
32.2, 35.6
32.2, 35.8
32.2, 36
32.2, 36.2
32.2, 36.4
32.2, 36.6
32.2, 36.8
32.2, 37
32.2, 37.2
32.2, 37.4
32.2, 37.6
32.2, 37.8
32.2, 38
32.2, 38.2
32.2, 38.4
32.2, 38.6
32.2, 38.8
32.2, 39
32.2, 39.2
32.2, 39.4
32.2, 39.6
32.2, 39.8
32.2, 40
32.2, 40.2
32.2, 40.4
32.2, 40.6
32.2, 40.8
32.2, 41
32.2, 41.2
32.2, 41.4
32.2, 41.6
32.2, 41.8
32.2, 42
32.2, 42.2
32.2, 42.4
32.2, 42.6
32.2, 42.8
32.2, 43
32.2, 43.2
32.2, 43.4
32.2, 43.6
32.2, 43.8
32.2, 44
32.2, 44.2
32.2, 44.4
32.2, 44.6
32.2, 44.8
32.2, 45
32.2, 45.2
32.2, 45.4
32.2, 45.6
32.2, 45.8
32.2, 46
32.2, 46.2
32.2, 46.4
32.2, 46.6
32.2, 46.8
32.2, 47
32.2, 47.2
32.2, 47.4
32.2, 47.6
32.2, 47.8
32.2, 48
32.2, 48.2
32.2, 48.4
32.2, 48.6
32.2, 48.8
32.2, 49
32.2, 49.2
32.2, 49.4
32.2, 49.6
32.2, 49.8
32.2, 50
32.4, 0.2
32.4, 0.4
32.4, 0.6
32.4, 0.8
32.4, 1
32.4, 1.2
32.4, 1.4
32.4, 1.6
32.4, 1.8
32.4, 2
32.4, 2.2
32.4, 2.4
32.4, 2.6
32.4, 2.8
32.4, 3
32.4, 3.2
32.4, 3.4
32.4, 3.6
32.4, 3.8
32.4, 4
32.4, 4.2
32.4, 4.4
32.4, 4.6
32.4, 4.8
32.4, 5
32.4, 5.2
32.4, 5.4
32.4, 5.6
32.4, 5.8
32.4, 6
32.4, 6.2
32.4, 6.4
32.4, 6.6
32.4, 6.8
32.4, 7
32.4, 7.2
32.4, 7.4
32.4, 7.6
32.4, 7.8
32.4, 8
32.4, 8.2
32.4, 8.4
32.4, 8.6
32.4, 8.8
32.4, 9
32.4, 9.2
32.4, 9.4
32.4, 9.6
32.4, 9.8
32.4, 10
32.4, 10.2
32.4, 10.4
32.4, 10.6
32.4, 10.8
32.4, 11
32.4, 11.2
32.4, 11.4
32.4, 11.6
32.4, 11.8
32.4, 12
32.4, 12.2
32.4, 12.4
32.4, 12.6
32.4, 12.8
32.4, 13
32.4, 13.2
32.4, 13.4
32.4, 13.6
32.4, 13.8
32.4, 14
32.4, 14.2
32.4, 14.4
32.4, 14.6
32.4, 14.8
32.4, 15
32.4, 15.2
32.4, 15.4
32.4, 15.6
32.4, 15.8
32.4, 16
32.4, 16.2
32.4, 16.4
32.4, 16.6
32.4, 16.8
32.4, 17
32.4, 17.2
32.4, 17.4
32.4, 17.6
32.4, 17.8
32.4, 18
32.4, 18.2
32.4, 18.4
32.4, 18.6
32.4, 18.8
32.4, 19
32.4, 19.2
32.4, 19.4
32.4, 19.6
32.4, 19.8
32.4, 20
32.4, 20.2
32.4, 20.4
32.4, 20.6
32.4, 20.8
32.4, 21
32.4, 21.2
32.4, 21.4
32.4, 21.6
32.4, 21.8
32.4, 22
32.4, 22.2
32.4, 22.4
32.4, 22.6
32.4, 22.8
32.4, 23
32.4, 23.2
32.4, 23.4
32.4, 23.6
32.4, 23.8
32.4, 24
32.4, 24.2
32.4, 24.4
32.4, 24.6
32.4, 24.8
32.4, 25
32.4, 25.2
32.4, 25.4
32.4, 25.6
32.4, 25.8
32.4, 26
32.4, 26.2
32.4, 26.4
32.4, 26.6
32.4, 26.8
32.4, 27
32.4, 27.2
32.4, 27.4
32.4, 27.6
32.4, 27.8
32.4, 28
32.4, 28.2
32.4, 28.4
32.4, 28.6
32.4, 28.8
32.4, 29
32.4, 29.2
32.4, 29.4
32.4, 29.6
32.4, 29.8
32.4, 30
32.4, 30.2
32.4, 30.4
32.4, 30.6
32.4, 30.8
32.4, 31
32.4, 31.2
32.4, 31.4
32.4, 31.6
32.4, 31.8
32.4, 32
32.4, 32.2
32.4, 32.4
32.4, 32.6
32.4, 32.8
32.4, 33
32.4, 33.2
32.4, 33.4
32.4, 33.6
32.4, 33.8
32.4, 34
32.4, 34.2
32.4, 34.4
32.4, 34.6
32.4, 34.8
32.4, 35
32.4, 35.2
32.4, 35.4
32.4, 35.6
32.4, 35.8
32.4, 36
32.4, 36.2
32.4, 36.4
32.4, 36.6
32.4, 36.8
32.4, 37
32.4, 37.2
32.4, 37.4
32.4, 37.6
32.4, 37.8
32.4, 38
32.4, 38.2
32.4, 38.4
32.4, 38.6
32.4, 38.8
32.4, 39
32.4, 39.2
32.4, 39.4
32.4, 39.6
32.4, 39.8
32.4, 40
32.4, 40.2
32.4, 40.4
32.4, 40.6
32.4, 40.8
32.4, 41
32.4, 41.2
32.4, 41.4
32.4, 41.6
32.4, 41.8
32.4, 42
32.4, 42.2
32.4, 42.4
32.4, 42.6
32.4, 42.8
32.4, 43
32.4, 43.2
32.4, 43.4
32.4, 43.6
32.4, 43.8
32.4, 44
32.4, 44.2
32.4, 44.4
32.4, 44.6
32.4, 44.8
32.4, 45
32.4, 45.2
32.4, 45.4
32.4, 45.6
32.4, 45.8
32.4, 46
32.4, 46.2
32.4, 46.4
32.4, 46.6
32.4, 46.8
32.4, 47
32.4, 47.2
32.4, 47.4
32.4, 47.6
32.4, 47.8
32.4, 48
32.4, 48.2
32.4, 48.4
32.4, 48.6
32.4, 48.8
32.4, 49
32.4, 49.2
32.4, 49.4
32.4, 49.6
32.4, 49.8
32.4, 50
32.6, 0.2
32.6, 0.4
32.6, 0.6
32.6, 0.8
32.6, 1
32.6, 1.2
32.6, 1.4
32.6, 1.6
32.6, 1.8
32.6, 2
32.6, 2.2
32.6, 2.4
32.6, 2.6
32.6, 2.8
32.6, 3
32.6, 3.2
32.6, 3.4
32.6, 3.6
32.6, 3.8
32.6, 4
32.6, 4.2
32.6, 4.4
32.6, 4.6
32.6, 4.8
32.6, 5
32.6, 5.2
32.6, 5.4
32.6, 5.6
32.6, 5.8
32.6, 6
32.6, 6.2
32.6, 6.4
32.6, 6.6
32.6, 6.8
32.6, 7
32.6, 7.2
32.6, 7.4
32.6, 7.6
32.6, 7.8
32.6, 8
32.6, 8.2
32.6, 8.4
32.6, 8.6
32.6, 8.8
32.6, 9
32.6, 9.2
32.6, 9.4
32.6, 9.6
32.6, 9.8
32.6, 10
32.6, 10.2
32.6, 10.4
32.6, 10.6
32.6, 10.8
32.6, 11
32.6, 11.2
32.6, 11.4
32.6, 11.6
32.6, 11.8
32.6, 12
32.6, 12.2
32.6, 12.4
32.6, 12.6
32.6, 12.8
32.6, 13
32.6, 13.2
32.6, 13.4
32.6, 13.6
32.6, 13.8
32.6, 14
32.6, 14.2
32.6, 14.4
32.6, 14.6
32.6, 14.8
32.6, 15
32.6, 15.2
32.6, 15.4
32.6, 15.6
32.6, 15.8
32.6, 16
32.6, 16.2
32.6, 16.4
32.6, 16.6
32.6, 16.8
32.6, 17
32.6, 17.2
32.6, 17.4
32.6, 17.6
32.6, 17.8
32.6, 18
32.6, 18.2
32.6, 18.4
32.6, 18.6
32.6, 18.8
32.6, 19
32.6, 19.2
32.6, 19.4
32.6, 19.6
32.6, 19.8
32.6, 20
32.6, 20.2
32.6, 20.4
32.6, 20.6
32.6, 20.8
32.6, 21
32.6, 21.2
32.6, 21.4
32.6, 21.6
32.6, 21.8
32.6, 22
32.6, 22.2
32.6, 22.4
32.6, 22.6
32.6, 22.8
32.6, 23
32.6, 23.2
32.6, 23.4
32.6, 23.6
32.6, 23.8
32.6, 24
32.6, 24.2
32.6, 24.4
32.6, 24.6
32.6, 24.8
32.6, 25
32.6, 25.2
32.6, 25.4
32.6, 25.6
32.6, 25.8
32.6, 26
32.6, 26.2
32.6, 26.4
32.6, 26.6
32.6, 26.8
32.6, 27
32.6, 27.2
32.6, 27.4
32.6, 27.6
32.6, 27.8
32.6, 28
32.6, 28.2
32.6, 28.4
32.6, 28.6
32.6, 28.8
32.6, 29
32.6, 29.2
32.6, 29.4
32.6, 29.6
32.6, 29.8
32.6, 30
32.6, 30.2
32.6, 30.4
32.6, 30.6
32.6, 30.8
32.6, 31
32.6, 31.2
32.6, 31.4
32.6, 31.6
32.6, 31.8
32.6, 32
32.6, 32.2
32.6, 32.4
32.6, 32.6
32.6, 32.8
32.6, 33
32.6, 33.2
32.6, 33.4
32.6, 33.6
32.6, 33.8
32.6, 34
32.6, 34.2
32.6, 34.4
32.6, 34.6
32.6, 34.8
32.6, 35
32.6, 35.2
32.6, 35.4
32.6, 35.6
32.6, 35.8
32.6, 36
32.6, 36.2
32.6, 36.4
32.6, 36.6
32.6, 36.8
32.6, 37
32.6, 37.2
32.6, 37.4
32.6, 37.6
32.6, 37.8
32.6, 38
32.6, 38.2
32.6, 38.4
32.6, 38.6
32.6, 38.8
32.6, 39
32.6, 39.2
32.6, 39.4
32.6, 39.6
32.6, 39.8
32.6, 40
32.6, 40.2
32.6, 40.4
32.6, 40.6
32.6, 40.8
32.6, 41
32.6, 41.2
32.6, 41.4
32.6, 41.6
32.6, 41.8
32.6, 42
32.6, 42.2
32.6, 42.4
32.6, 42.6
32.6, 42.8
32.6, 43
32.6, 43.2
32.6, 43.4
32.6, 43.6
32.6, 43.8
32.6, 44
32.6, 44.2
32.6, 44.4
32.6, 44.6
32.6, 44.8
32.6, 45
32.6, 45.2
32.6, 45.4
32.6, 45.6
32.6, 45.8
32.6, 46
32.6, 46.2
32.6, 46.4
32.6, 46.6
32.6, 46.8
32.6, 47
32.6, 47.2
32.6, 47.4
32.6, 47.6
32.6, 47.8
32.6, 48
32.6, 48.2
32.6, 48.4
32.6, 48.6
32.6, 48.8
32.6, 49
32.6, 49.2
32.6, 49.4
32.6, 49.6
32.6, 49.8
32.6, 50
32.8, 0.2
32.8, 0.4
32.8, 0.6
32.8, 0.8
32.8, 1
32.8, 1.2
32.8, 1.4
32.8, 1.6
32.8, 1.8
32.8, 2
32.8, 2.2
32.8, 2.4
32.8, 2.6
32.8, 2.8
32.8, 3
32.8, 3.2
32.8, 3.4
32.8, 3.6
32.8, 3.8
32.8, 4
32.8, 4.2
32.8, 4.4
32.8, 4.6
32.8, 4.8
32.8, 5
32.8, 5.2
32.8, 5.4
32.8, 5.6
32.8, 5.8
32.8, 6
32.8, 6.2
32.8, 6.4
32.8, 6.6
32.8, 6.8
32.8, 7
32.8, 7.2
32.8, 7.4
32.8, 7.6
32.8, 7.8
32.8, 8
32.8, 8.2
32.8, 8.4
32.8, 8.6
32.8, 8.8
32.8, 9
32.8, 9.2
32.8, 9.4
32.8, 9.6
32.8, 9.8
32.8, 10
32.8, 10.2
32.8, 10.4
32.8, 10.6
32.8, 10.8
32.8, 11
32.8, 11.2
32.8, 11.4
32.8, 11.6
32.8, 11.8
32.8, 12
32.8, 12.2
32.8, 12.4
32.8, 12.6
32.8, 12.8
32.8, 13
32.8, 13.2
32.8, 13.4
32.8, 13.6
32.8, 13.8
32.8, 14
32.8, 14.2
32.8, 14.4
32.8, 14.6
32.8, 14.8
32.8, 15
32.8, 15.2
32.8, 15.4
32.8, 15.6
32.8, 15.8
32.8, 16
32.8, 16.2
32.8, 16.4
32.8, 16.6
32.8, 16.8
32.8, 17
32.8, 17.2
32.8, 17.4
32.8, 17.6
32.8, 17.8
32.8, 18
32.8, 18.2
32.8, 18.4
32.8, 18.6
32.8, 18.8
32.8, 19
32.8, 19.2
32.8, 19.4
32.8, 19.6
32.8, 19.8
32.8, 20
32.8, 20.2
32.8, 20.4
32.8, 20.6
32.8, 20.8
32.8, 21
32.8, 21.2
32.8, 21.4
32.8, 21.6
32.8, 21.8
32.8, 22
32.8, 22.2
32.8, 22.4
32.8, 22.6
32.8, 22.8
32.8, 23
32.8, 23.2
32.8, 23.4
32.8, 23.6
32.8, 23.8
32.8, 24
32.8, 24.2
32.8, 24.4
32.8, 24.6
32.8, 24.8
32.8, 25
32.8, 25.2
32.8, 25.4
32.8, 25.6
32.8, 25.8
32.8, 26
32.8, 26.2
32.8, 26.4
32.8, 26.6
32.8, 26.8
32.8, 27
32.8, 27.2
32.8, 27.4
32.8, 27.6
32.8, 27.8
32.8, 28
32.8, 28.2
32.8, 28.4
32.8, 28.6
32.8, 28.8
32.8, 29
32.8, 29.2
32.8, 29.4
32.8, 29.6
32.8, 29.8
32.8, 30
32.8, 30.2
32.8, 30.4
32.8, 30.6
32.8, 30.8
32.8, 31
32.8, 31.2
32.8, 31.4
32.8, 31.6
32.8, 31.8
32.8, 32
32.8, 32.2
32.8, 32.4
32.8, 32.6
32.8, 32.8
32.8, 33
32.8, 33.2
32.8, 33.4
32.8, 33.6
32.8, 33.8
32.8, 34
32.8, 34.2
32.8, 34.4
32.8, 34.6
32.8, 34.8
32.8, 35
32.8, 35.2
32.8, 35.4
32.8, 35.6
32.8, 35.8
32.8, 36
32.8, 36.2
32.8, 36.4
32.8, 36.6
32.8, 36.8
32.8, 37
32.8, 37.2
32.8, 37.4
32.8, 37.6
32.8, 37.8
32.8, 38
32.8, 38.2
32.8, 38.4
32.8, 38.6
32.8, 38.8
32.8, 39
32.8, 39.2
32.8, 39.4
32.8, 39.6
32.8, 39.8
32.8, 40
32.8, 40.2
32.8, 40.4
32.8, 40.6
32.8, 40.8
32.8, 41
32.8, 41.2
32.8, 41.4
32.8, 41.6
32.8, 41.8
32.8, 42
32.8, 42.2
32.8, 42.4
32.8, 42.6
32.8, 42.8
32.8, 43
32.8, 43.2
32.8, 43.4
32.8, 43.6
32.8, 43.8
32.8, 44
32.8, 44.2
32.8, 44.4
32.8, 44.6
32.8, 44.8
32.8, 45
32.8, 45.2
32.8, 45.4
32.8, 45.6
32.8, 45.8
32.8, 46
32.8, 46.2
32.8, 46.4
32.8, 46.6
32.8, 46.8
32.8, 47
32.8, 47.2
32.8, 47.4
32.8, 47.6
32.8, 47.8
32.8, 48
32.8, 48.2
32.8, 48.4
32.8, 48.6
32.8, 48.8
32.8, 49
32.8, 49.2
32.8, 49.4
32.8, 49.6
32.8, 49.8
32.8, 50
33, 0.2
33, 0.4
33, 0.6
33, 0.8
33, 1
33, 1.2
33, 1.4
33, 1.6
33, 1.8
33, 2
33, 2.2
33, 2.4
33, 2.6
33, 2.8
33, 3
33, 3.2
33, 3.4
33, 3.6
33, 3.8
33, 4
33, 4.2
33, 4.4
33, 4.6
33, 4.8
33, 5
33, 5.2
33, 5.4
33, 5.6
33, 5.8
33, 6
33, 6.2
33, 6.4
33, 6.6
33, 6.8
33, 7
33, 7.2
33, 7.4
33, 7.6
33, 7.8
33, 8
33, 8.2
33, 8.4
33, 8.6
33, 8.8
33, 9
33, 9.2
33, 9.4
33, 9.6
33, 9.8
33, 10
33, 10.2
33, 10.4
33, 10.6
33, 10.8
33, 11
33, 11.2
33, 11.4
33, 11.6
33, 11.8
33, 12
33, 12.2
33, 12.4
33, 12.6
33, 12.8
33, 13
33, 13.2
33, 13.4
33, 13.6
33, 13.8
33, 14
33, 14.2
33, 14.4
33, 14.6
33, 14.8
33, 15
33, 15.2
33, 15.4
33, 15.6
33, 15.8
33, 16
33, 16.2
33, 16.4
33, 16.6
33, 16.8
33, 17
33, 17.2
33, 17.4
33, 17.6
33, 17.8
33, 18
33, 18.2
33, 18.4
33, 18.6
33, 18.8
33, 19
33, 19.2
33, 19.4
33, 19.6
33, 19.8
33, 20
33, 20.2
33, 20.4
33, 20.6
33, 20.8
33, 21
33, 21.2
33, 21.4
33, 21.6
33, 21.8
33, 22
33, 22.2
33, 22.4
33, 22.6
33, 22.8
33, 23
33, 23.2
33, 23.4
33, 23.6
33, 23.8
33, 24
33, 24.2
33, 24.4
33, 24.6
33, 24.8
33, 25
33, 25.2
33, 25.4
33, 25.6
33, 25.8
33, 26
33, 26.2
33, 26.4
33, 26.6
33, 26.8
33, 27
33, 27.2
33, 27.4
33, 27.6
33, 27.8
33, 28
33, 28.2
33, 28.4
33, 28.6
33, 28.8
33, 29
33, 29.2
33, 29.4
33, 29.6
33, 29.8
33, 30
33, 30.2
33, 30.4
33, 30.6
33, 30.8
33, 31
33, 31.2
33, 31.4
33, 31.6
33, 31.8
33, 32
33, 32.2
33, 32.4
33, 32.6
33, 32.8
33, 33
33, 33.2
33, 33.4
33, 33.6
33, 33.8
33, 34
33, 34.2
33, 34.4
33, 34.6
33, 34.8
33, 35
33, 35.2
33, 35.4
33, 35.6
33, 35.8
33, 36
33, 36.2
33, 36.4
33, 36.6
33, 36.8
33, 37
33, 37.2
33, 37.4
33, 37.6
33, 37.8
33, 38
33, 38.2
33, 38.4
33, 38.6
33, 38.8
33, 39
33, 39.2
33, 39.4
33, 39.6
33, 39.8
33, 40
33, 40.2
33, 40.4
33, 40.6
33, 40.8
33, 41
33, 41.2
33, 41.4
33, 41.6
33, 41.8
33, 42
33, 42.2
33, 42.4
33, 42.6
33, 42.8
33, 43
33, 43.2
33, 43.4
33, 43.6
33, 43.8
33, 44
33, 44.2
33, 44.4
33, 44.6
33, 44.8
33, 45
33, 45.2
33, 45.4
33, 45.6
33, 45.8
33, 46
33, 46.2
33, 46.4
33, 46.6
33, 46.8
33, 47
33, 47.2
33, 47.4
33, 47.6
33, 47.8
33, 48
33, 48.2
33, 48.4
33, 48.6
33, 48.8
33, 49
33, 49.2
33, 49.4
33, 49.6
33, 49.8
33, 50
33.2, 0.2
33.2, 0.4
33.2, 0.6
33.2, 0.8
33.2, 1
33.2, 1.2
33.2, 1.4
33.2, 1.6
33.2, 1.8
33.2, 2
33.2, 2.2
33.2, 2.4
33.2, 2.6
33.2, 2.8
33.2, 3
33.2, 3.2
33.2, 3.4
33.2, 3.6
33.2, 3.8
33.2, 4
33.2, 4.2
33.2, 4.4
33.2, 4.6
33.2, 4.8
33.2, 5
33.2, 5.2
33.2, 5.4
33.2, 5.6
33.2, 5.8
33.2, 6
33.2, 6.2
33.2, 6.4
33.2, 6.6
33.2, 6.8
33.2, 7
33.2, 7.2
33.2, 7.4
33.2, 7.6
33.2, 7.8
33.2, 8
33.2, 8.2
33.2, 8.4
33.2, 8.6
33.2, 8.8
33.2, 9
33.2, 9.2
33.2, 9.4
33.2, 9.6
33.2, 9.8
33.2, 10
33.2, 10.2
33.2, 10.4
33.2, 10.6
33.2, 10.8
33.2, 11
33.2, 11.2
33.2, 11.4
33.2, 11.6
33.2, 11.8
33.2, 12
33.2, 12.2
33.2, 12.4
33.2, 12.6
33.2, 12.8
33.2, 13
33.2, 13.2
33.2, 13.4
33.2, 13.6
33.2, 13.8
33.2, 14
33.2, 14.2
33.2, 14.4
33.2, 14.6
33.2, 14.8
33.2, 15
33.2, 15.2
33.2, 15.4
33.2, 15.6
33.2, 15.8
33.2, 16
33.2, 16.2
33.2, 16.4
33.2, 16.6
33.2, 16.8
33.2, 17
33.2, 17.2
33.2, 17.4
33.2, 17.6
33.2, 17.8
33.2, 18
33.2, 18.2
33.2, 18.4
33.2, 18.6
33.2, 18.8
33.2, 19
33.2, 19.2
33.2, 19.4
33.2, 19.6
33.2, 19.8
33.2, 20
33.2, 20.2
33.2, 20.4
33.2, 20.6
33.2, 20.8
33.2, 21
33.2, 21.2
33.2, 21.4
33.2, 21.6
33.2, 21.8
33.2, 22
33.2, 22.2
33.2, 22.4
33.2, 22.6
33.2, 22.8
33.2, 23
33.2, 23.2
33.2, 23.4
33.2, 23.6
33.2, 23.8
33.2, 24
33.2, 24.2
33.2, 24.4
33.2, 24.6
33.2, 24.8
33.2, 25
33.2, 25.2
33.2, 25.4
33.2, 25.6
33.2, 25.8
33.2, 26
33.2, 26.2
33.2, 26.4
33.2, 26.6
33.2, 26.8
33.2, 27
33.2, 27.2
33.2, 27.4
33.2, 27.6
33.2, 27.8
33.2, 28
33.2, 28.2
33.2, 28.4
33.2, 28.6
33.2, 28.8
33.2, 29
33.2, 29.2
33.2, 29.4
33.2, 29.6
33.2, 29.8
33.2, 30
33.2, 30.2
33.2, 30.4
33.2, 30.6
33.2, 30.8
33.2, 31
33.2, 31.2
33.2, 31.4
33.2, 31.6
33.2, 31.8
33.2, 32
33.2, 32.2
33.2, 32.4
33.2, 32.6
33.2, 32.8
33.2, 33
33.2, 33.2
33.2, 33.4
33.2, 33.6
33.2, 33.8
33.2, 34
33.2, 34.2
33.2, 34.4
33.2, 34.6
33.2, 34.8
33.2, 35
33.2, 35.2
33.2, 35.4
33.2, 35.6
33.2, 35.8
33.2, 36
33.2, 36.2
33.2, 36.4
33.2, 36.6
33.2, 36.8
33.2, 37
33.2, 37.2
33.2, 37.4
33.2, 37.6
33.2, 37.8
33.2, 38
33.2, 38.2
33.2, 38.4
33.2, 38.6
33.2, 38.8
33.2, 39
33.2, 39.2
33.2, 39.4
33.2, 39.6
33.2, 39.8
33.2, 40
33.2, 40.2
33.2, 40.4
33.2, 40.6
33.2, 40.8
33.2, 41
33.2, 41.2
33.2, 41.4
33.2, 41.6
33.2, 41.8
33.2, 42
33.2, 42.2
33.2, 42.4
33.2, 42.6
33.2, 42.8
33.2, 43
33.2, 43.2
33.2, 43.4
33.2, 43.6
33.2, 43.8
33.2, 44
33.2, 44.2
33.2, 44.4
33.2, 44.6
33.2, 44.8
33.2, 45
33.2, 45.2
33.2, 45.4
33.2, 45.6
33.2, 45.8
33.2, 46
33.2, 46.2
33.2, 46.4
33.2, 46.6
33.2, 46.8
33.2, 47
33.2, 47.2
33.2, 47.4
33.2, 47.6
33.2, 47.8
33.2, 48
33.2, 48.2
33.2, 48.4
33.2, 48.6
33.2, 48.8
33.2, 49
33.2, 49.2
33.2, 49.4
33.2, 49.6
33.2, 49.8
33.2, 50
33.4, 0.2
33.4, 0.4
33.4, 0.6
33.4, 0.8
33.4, 1
33.4, 1.2
33.4, 1.4
33.4, 1.6
33.4, 1.8
33.4, 2
33.4, 2.2
33.4, 2.4
33.4, 2.6
33.4, 2.8
33.4, 3
33.4, 3.2
33.4, 3.4
33.4, 3.6
33.4, 3.8
33.4, 4
33.4, 4.2
33.4, 4.4
33.4, 4.6
33.4, 4.8
33.4, 5
33.4, 5.2
33.4, 5.4
33.4, 5.6
33.4, 5.8
33.4, 6
33.4, 6.2
33.4, 6.4
33.4, 6.6
33.4, 6.8
33.4, 7
33.4, 7.2
33.4, 7.4
33.4, 7.6
33.4, 7.8
33.4, 8
33.4, 8.2
33.4, 8.4
33.4, 8.6
33.4, 8.8
33.4, 9
33.4, 9.2
33.4, 9.4
33.4, 9.6
33.4, 9.8
33.4, 10
33.4, 10.2
33.4, 10.4
33.4, 10.6
33.4, 10.8
33.4, 11
33.4, 11.2
33.4, 11.4
33.4, 11.6
33.4, 11.8
33.4, 12
33.4, 12.2
33.4, 12.4
33.4, 12.6
33.4, 12.8
33.4, 13
33.4, 13.2
33.4, 13.4
33.4, 13.6
33.4, 13.8
33.4, 14
33.4, 14.2
33.4, 14.4
33.4, 14.6
33.4, 14.8
33.4, 15
33.4, 15.2
33.4, 15.4
33.4, 15.6
33.4, 15.8
33.4, 16
33.4, 16.2
33.4, 16.4
33.4, 16.6
33.4, 16.8
33.4, 17
33.4, 17.2
33.4, 17.4
33.4, 17.6
33.4, 17.8
33.4, 18
33.4, 18.2
33.4, 18.4
33.4, 18.6
33.4, 18.8
33.4, 19
33.4, 19.2
33.4, 19.4
33.4, 19.6
33.4, 19.8
33.4, 20
33.4, 20.2
33.4, 20.4
33.4, 20.6
33.4, 20.8
33.4, 21
33.4, 21.2
33.4, 21.4
33.4, 21.6
33.4, 21.8
33.4, 22
33.4, 22.2
33.4, 22.4
33.4, 22.6
33.4, 22.8
33.4, 23
33.4, 23.2
33.4, 23.4
33.4, 23.6
33.4, 23.8
33.4, 24
33.4, 24.2
33.4, 24.4
33.4, 24.6
33.4, 24.8
33.4, 25
33.4, 25.2
33.4, 25.4
33.4, 25.6
33.4, 25.8
33.4, 26
33.4, 26.2
33.4, 26.4
33.4, 26.6
33.4, 26.8
33.4, 27
33.4, 27.2
33.4, 27.4
33.4, 27.6
33.4, 27.8
33.4, 28
33.4, 28.2
33.4, 28.4
33.4, 28.6
33.4, 28.8
33.4, 29
33.4, 29.2
33.4, 29.4
33.4, 29.6
33.4, 29.8
33.4, 30
33.4, 30.2
33.4, 30.4
33.4, 30.6
33.4, 30.8
33.4, 31
33.4, 31.2
33.4, 31.4
33.4, 31.6
33.4, 31.8
33.4, 32
33.4, 32.2
33.4, 32.4
33.4, 32.6
33.4, 32.8
33.4, 33
33.4, 33.2
33.4, 33.4
33.4, 33.6
33.4, 33.8
33.4, 34
33.4, 34.2
33.4, 34.4
33.4, 34.6
33.4, 34.8
33.4, 35
33.4, 35.2
33.4, 35.4
33.4, 35.6
33.4, 35.8
33.4, 36
33.4, 36.2
33.4, 36.4
33.4, 36.6
33.4, 36.8
33.4, 37
33.4, 37.2
33.4, 37.4
33.4, 37.6
33.4, 37.8
33.4, 38
33.4, 38.2
33.4, 38.4
33.4, 38.6
33.4, 38.8
33.4, 39
33.4, 39.2
33.4, 39.4
33.4, 39.6
33.4, 39.8
33.4, 40
33.4, 40.2
33.4, 40.4
33.4, 40.6
33.4, 40.8
33.4, 41
33.4, 41.2
33.4, 41.4
33.4, 41.6
33.4, 41.8
33.4, 42
33.4, 42.2
33.4, 42.4
33.4, 42.6
33.4, 42.8
33.4, 43
33.4, 43.2
33.4, 43.4
33.4, 43.6
33.4, 43.8
33.4, 44
33.4, 44.2
33.4, 44.4
33.4, 44.6
33.4, 44.8
33.4, 45
33.4, 45.2
33.4, 45.4
33.4, 45.6
33.4, 45.8
33.4, 46
33.4, 46.2
33.4, 46.4
33.4, 46.6
33.4, 46.8
33.4, 47
33.4, 47.2
33.4, 47.4
33.4, 47.6
33.4, 47.8
33.4, 48
33.4, 48.2
33.4, 48.4
33.4, 48.6
33.4, 48.8
33.4, 49
33.4, 49.2
33.4, 49.4
33.4, 49.6
33.4, 49.8
33.4, 50
33.6, 0.2
33.6, 0.4
33.6, 0.6
33.6, 0.8
33.6, 1
33.6, 1.2
33.6, 1.4
33.6, 1.6
33.6, 1.8
33.6, 2
33.6, 2.2
33.6, 2.4
33.6, 2.6
33.6, 2.8
33.6, 3
33.6, 3.2
33.6, 3.4
33.6, 3.6
33.6, 3.8
33.6, 4
33.6, 4.2
33.6, 4.4
33.6, 4.6
33.6, 4.8
33.6, 5
33.6, 5.2
33.6, 5.4
33.6, 5.6
33.6, 5.8
33.6, 6
33.6, 6.2
33.6, 6.4
33.6, 6.6
33.6, 6.8
33.6, 7
33.6, 7.2
33.6, 7.4
33.6, 7.6
33.6, 7.8
33.6, 8
33.6, 8.2
33.6, 8.4
33.6, 8.6
33.6, 8.8
33.6, 9
33.6, 9.2
33.6, 9.4
33.6, 9.6
33.6, 9.8
33.6, 10
33.6, 10.2
33.6, 10.4
33.6, 10.6
33.6, 10.8
33.6, 11
33.6, 11.2
33.6, 11.4
33.6, 11.6
33.6, 11.8
33.6, 12
33.6, 12.2
33.6, 12.4
33.6, 12.6
33.6, 12.8
33.6, 13
33.6, 13.2
33.6, 13.4
33.6, 13.6
33.6, 13.8
33.6, 14
33.6, 14.2
33.6, 14.4
33.6, 14.6
33.6, 14.8
33.6, 15
33.6, 15.2
33.6, 15.4
33.6, 15.6
33.6, 15.8
33.6, 16
33.6, 16.2
33.6, 16.4
33.6, 16.6
33.6, 16.8
33.6, 17
33.6, 17.2
33.6, 17.4
33.6, 17.6
33.6, 17.8
33.6, 18
33.6, 18.2
33.6, 18.4
33.6, 18.6
33.6, 18.8
33.6, 19
33.6, 19.2
33.6, 19.4
33.6, 19.6
33.6, 19.8
33.6, 20
33.6, 20.2
33.6, 20.4
33.6, 20.6
33.6, 20.8
33.6, 21
33.6, 21.2
33.6, 21.4
33.6, 21.6
33.6, 21.8
33.6, 22
33.6, 22.2
33.6, 22.4
33.6, 22.6
33.6, 22.8
33.6, 23
33.6, 23.2
33.6, 23.4
33.6, 23.6
33.6, 23.8
33.6, 24
33.6, 24.2
33.6, 24.4
33.6, 24.6
33.6, 24.8
33.6, 25
33.6, 25.2
33.6, 25.4
33.6, 25.6
33.6, 25.8
33.6, 26
33.6, 26.2
33.6, 26.4
33.6, 26.6
33.6, 26.8
33.6, 27
33.6, 27.2
33.6, 27.4
33.6, 27.6
33.6, 27.8
33.6, 28
33.6, 28.2
33.6, 28.4
33.6, 28.6
33.6, 28.8
33.6, 29
33.6, 29.2
33.6, 29.4
33.6, 29.6
33.6, 29.8
33.6, 30
33.6, 30.2
33.6, 30.4
33.6, 30.6
33.6, 30.8
33.6, 31
33.6, 31.2
33.6, 31.4
33.6, 31.6
33.6, 31.8
33.6, 32
33.6, 32.2
33.6, 32.4
33.6, 32.6
33.6, 32.8
33.6, 33
33.6, 33.2
33.6, 33.4
33.6, 33.6
33.6, 33.8
33.6, 34
33.6, 34.2
33.6, 34.4
33.6, 34.6
33.6, 34.8
33.6, 35
33.6, 35.2
33.6, 35.4
33.6, 35.6
33.6, 35.8
33.6, 36
33.6, 36.2
33.6, 36.4
33.6, 36.6
33.6, 36.8
33.6, 37
33.6, 37.2
33.6, 37.4
33.6, 37.6
33.6, 37.8
33.6, 38
33.6, 38.2
33.6, 38.4
33.6, 38.6
33.6, 38.8
33.6, 39
33.6, 39.2
33.6, 39.4
33.6, 39.6
33.6, 39.8
33.6, 40
33.6, 40.2
33.6, 40.4
33.6, 40.6
33.6, 40.8
33.6, 41
33.6, 41.2
33.6, 41.4
33.6, 41.6
33.6, 41.8
33.6, 42
33.6, 42.2
33.6, 42.4
33.6, 42.6
33.6, 42.8
33.6, 43
33.6, 43.2
33.6, 43.4
33.6, 43.6
33.6, 43.8
33.6, 44
33.6, 44.2
33.6, 44.4
33.6, 44.6
33.6, 44.8
33.6, 45
33.6, 45.2
33.6, 45.4
33.6, 45.6
33.6, 45.8
33.6, 46
33.6, 46.2
33.6, 46.4
33.6, 46.6
33.6, 46.8
33.6, 47
33.6, 47.2
33.6, 47.4
33.6, 47.6
33.6, 47.8
33.6, 48
33.6, 48.2
33.6, 48.4
33.6, 48.6
33.6, 48.8
33.6, 49
33.6, 49.2
33.6, 49.4
33.6, 49.6
33.6, 49.8
33.6, 50
33.8, 0.2
33.8, 0.4
33.8, 0.6
33.8, 0.8
33.8, 1
33.8, 1.2
33.8, 1.4
33.8, 1.6
33.8, 1.8
33.8, 2
33.8, 2.2
33.8, 2.4
33.8, 2.6
33.8, 2.8
33.8, 3
33.8, 3.2
33.8, 3.4
33.8, 3.6
33.8, 3.8
33.8, 4
33.8, 4.2
33.8, 4.4
33.8, 4.6
33.8, 4.8
33.8, 5
33.8, 5.2
33.8, 5.4
33.8, 5.6
33.8, 5.8
33.8, 6
33.8, 6.2
33.8, 6.4
33.8, 6.6
33.8, 6.8
33.8, 7
33.8, 7.2
33.8, 7.4
33.8, 7.6
33.8, 7.8
33.8, 8
33.8, 8.2
33.8, 8.4
33.8, 8.6
33.8, 8.8
33.8, 9
33.8, 9.2
33.8, 9.4
33.8, 9.6
33.8, 9.8
33.8, 10
33.8, 10.2
33.8, 10.4
33.8, 10.6
33.8, 10.8
33.8, 11
33.8, 11.2
33.8, 11.4
33.8, 11.6
33.8, 11.8
33.8, 12
33.8, 12.2
33.8, 12.4
33.8, 12.6
33.8, 12.8
33.8, 13
33.8, 13.2
33.8, 13.4
33.8, 13.6
33.8, 13.8
33.8, 14
33.8, 14.2
33.8, 14.4
33.8, 14.6
33.8, 14.8
33.8, 15
33.8, 15.2
33.8, 15.4
33.8, 15.6
33.8, 15.8
33.8, 16
33.8, 16.2
33.8, 16.4
33.8, 16.6
33.8, 16.8
33.8, 17
33.8, 17.2
33.8, 17.4
33.8, 17.6
33.8, 17.8
33.8, 18
33.8, 18.2
33.8, 18.4
33.8, 18.6
33.8, 18.8
33.8, 19
33.8, 19.2
33.8, 19.4
33.8, 19.6
33.8, 19.8
33.8, 20
33.8, 20.2
33.8, 20.4
33.8, 20.6
33.8, 20.8
33.8, 21
33.8, 21.2
33.8, 21.4
33.8, 21.6
33.8, 21.8
33.8, 22
33.8, 22.2
33.8, 22.4
33.8, 22.6
33.8, 22.8
33.8, 23
33.8, 23.2
33.8, 23.4
33.8, 23.6
33.8, 23.8
33.8, 24
33.8, 24.2
33.8, 24.4
33.8, 24.6
33.8, 24.8
33.8, 25
33.8, 25.2
33.8, 25.4
33.8, 25.6
33.8, 25.8
33.8, 26
33.8, 26.2
33.8, 26.4
33.8, 26.6
33.8, 26.8
33.8, 27
33.8, 27.2
33.8, 27.4
33.8, 27.6
33.8, 27.8
33.8, 28
33.8, 28.2
33.8, 28.4
33.8, 28.6
33.8, 28.8
33.8, 29
33.8, 29.2
33.8, 29.4
33.8, 29.6
33.8, 29.8
33.8, 30
33.8, 30.2
33.8, 30.4
33.8, 30.6
33.8, 30.8
33.8, 31
33.8, 31.2
33.8, 31.4
33.8, 31.6
33.8, 31.8
33.8, 32
33.8, 32.2
33.8, 32.4
33.8, 32.6
33.8, 32.8
33.8, 33
33.8, 33.2
33.8, 33.4
33.8, 33.6
33.8, 33.8
33.8, 34
33.8, 34.2
33.8, 34.4
33.8, 34.6
33.8, 34.8
33.8, 35
33.8, 35.2
33.8, 35.4
33.8, 35.6
33.8, 35.8
33.8, 36
33.8, 36.2
33.8, 36.4
33.8, 36.6
33.8, 36.8
33.8, 37
33.8, 37.2
33.8, 37.4
33.8, 37.6
33.8, 37.8
33.8, 38
33.8, 38.2
33.8, 38.4
33.8, 38.6
33.8, 38.8
33.8, 39
33.8, 39.2
33.8, 39.4
33.8, 39.6
33.8, 39.8
33.8, 40
33.8, 40.2
33.8, 40.4
33.8, 40.6
33.8, 40.8
33.8, 41
33.8, 41.2
33.8, 41.4
33.8, 41.6
33.8, 41.8
33.8, 42
33.8, 42.2
33.8, 42.4
33.8, 42.6
33.8, 42.8
33.8, 43
33.8, 43.2
33.8, 43.4
33.8, 43.6
33.8, 43.8
33.8, 44
33.8, 44.2
33.8, 44.4
33.8, 44.6
33.8, 44.8
33.8, 45
33.8, 45.2
33.8, 45.4
33.8, 45.6
33.8, 45.8
33.8, 46
33.8, 46.2
33.8, 46.4
33.8, 46.6
33.8, 46.8
33.8, 47
33.8, 47.2
33.8, 47.4
33.8, 47.6
33.8, 47.8
33.8, 48
33.8, 48.2
33.8, 48.4
33.8, 48.6
33.8, 48.8
33.8, 49
33.8, 49.2
33.8, 49.4
33.8, 49.6
33.8, 49.8
33.8, 50
34, 0.2
34, 0.4
34, 0.6
34, 0.8
34, 1
34, 1.2
34, 1.4
34, 1.6
34, 1.8
34, 2
34, 2.2
34, 2.4
34, 2.6
34, 2.8
34, 3
34, 3.2
34, 3.4
34, 3.6
34, 3.8
34, 4
34, 4.2
34, 4.4
34, 4.6
34, 4.8
34, 5
34, 5.2
34, 5.4
34, 5.6
34, 5.8
34, 6
34, 6.2
34, 6.4
34, 6.6
34, 6.8
34, 7
34, 7.2
34, 7.4
34, 7.6
34, 7.8
34, 8
34, 8.2
34, 8.4
34, 8.6
34, 8.8
34, 9
34, 9.2
34, 9.4
34, 9.6
34, 9.8
34, 10
34, 10.2
34, 10.4
34, 10.6
34, 10.8
34, 11
34, 11.2
34, 11.4
34, 11.6
34, 11.8
34, 12
34, 12.2
34, 12.4
34, 12.6
34, 12.8
34, 13
34, 13.2
34, 13.4
34, 13.6
34, 13.8
34, 14
34, 14.2
34, 14.4
34, 14.6
34, 14.8
34, 15
34, 15.2
34, 15.4
34, 15.6
34, 15.8
34, 16
34, 16.2
34, 16.4
34, 16.6
34, 16.8
34, 17
34, 17.2
34, 17.4
34, 17.6
34, 17.8
34, 18
34, 18.2
34, 18.4
34, 18.6
34, 18.8
34, 19
34, 19.2
34, 19.4
34, 19.6
34, 19.8
34, 20
34, 20.2
34, 20.4
34, 20.6
34, 20.8
34, 21
34, 21.2
34, 21.4
34, 21.6
34, 21.8
34, 22
34, 22.2
34, 22.4
34, 22.6
34, 22.8
34, 23
34, 23.2
34, 23.4
34, 23.6
34, 23.8
34, 24
34, 24.2
34, 24.4
34, 24.6
34, 24.8
34, 25
34, 25.2
34, 25.4
34, 25.6
34, 25.8
34, 26
34, 26.2
34, 26.4
34, 26.6
34, 26.8
34, 27
34, 27.2
34, 27.4
34, 27.6
34, 27.8
34, 28
34, 28.2
34, 28.4
34, 28.6
34, 28.8
34, 29
34, 29.2
34, 29.4
34, 29.6
34, 29.8
34, 30
34, 30.2
34, 30.4
34, 30.6
34, 30.8
34, 31
34, 31.2
34, 31.4
34, 31.6
34, 31.8
34, 32
34, 32.2
34, 32.4
34, 32.6
34, 32.8
34, 33
34, 33.2
34, 33.4
34, 33.6
34, 33.8
34, 34
34, 34.2
34, 34.4
34, 34.6
34, 34.8
34, 35
34, 35.2
34, 35.4
34, 35.6
34, 35.8
34, 36
34, 36.2
34, 36.4
34, 36.6
34, 36.8
34, 37
34, 37.2
34, 37.4
34, 37.6
34, 37.8
34, 38
34, 38.2
34, 38.4
34, 38.6
34, 38.8
34, 39
34, 39.2
34, 39.4
34, 39.6
34, 39.8
34, 40
34, 40.2
34, 40.4
34, 40.6
34, 40.8
34, 41
34, 41.2
34, 41.4
34, 41.6
34, 41.8
34, 42
34, 42.2
34, 42.4
34, 42.6
34, 42.8
34, 43
34, 43.2
34, 43.4
34, 43.6
34, 43.8
34, 44
34, 44.2
34, 44.4
34, 44.6
34, 44.8
34, 45
34, 45.2
34, 45.4
34, 45.6
34, 45.8
34, 46
34, 46.2
34, 46.4
34, 46.6
34, 46.8
34, 47
34, 47.2
34, 47.4
34, 47.6
34, 47.8
34, 48
34, 48.2
34, 48.4
34, 48.6
34, 48.8
34, 49
34, 49.2
34, 49.4
34, 49.6
34, 49.8
34, 50
34.2, 0.2
34.2, 0.4
34.2, 0.6
34.2, 0.8
34.2, 1
34.2, 1.2
34.2, 1.4
34.2, 1.6
34.2, 1.8
34.2, 2
34.2, 2.2
34.2, 2.4
34.2, 2.6
34.2, 2.8
34.2, 3
34.2, 3.2
34.2, 3.4
34.2, 3.6
34.2, 3.8
34.2, 4
34.2, 4.2
34.2, 4.4
34.2, 4.6
34.2, 4.8
34.2, 5
34.2, 5.2
34.2, 5.4
34.2, 5.6
34.2, 5.8
34.2, 6
34.2, 6.2
34.2, 6.4
34.2, 6.6
34.2, 6.8
34.2, 7
34.2, 7.2
34.2, 7.4
34.2, 7.6
34.2, 7.8
34.2, 8
34.2, 8.2
34.2, 8.4
34.2, 8.6
34.2, 8.8
34.2, 9
34.2, 9.2
34.2, 9.4
34.2, 9.6
34.2, 9.8
34.2, 10
34.2, 10.2
34.2, 10.4
34.2, 10.6
34.2, 10.8
34.2, 11
34.2, 11.2
34.2, 11.4
34.2, 11.6
34.2, 11.8
34.2, 12
34.2, 12.2
34.2, 12.4
34.2, 12.6
34.2, 12.8
34.2, 13
34.2, 13.2
34.2, 13.4
34.2, 13.6
34.2, 13.8
34.2, 14
34.2, 14.2
34.2, 14.4
34.2, 14.6
34.2, 14.8
34.2, 15
34.2, 15.2
34.2, 15.4
34.2, 15.6
34.2, 15.8
34.2, 16
34.2, 16.2
34.2, 16.4
34.2, 16.6
34.2, 16.8
34.2, 17
34.2, 17.2
34.2, 17.4
34.2, 17.6
34.2, 17.8
34.2, 18
34.2, 18.2
34.2, 18.4
34.2, 18.6
34.2, 18.8
34.2, 19
34.2, 19.2
34.2, 19.4
34.2, 19.6
34.2, 19.8
34.2, 20
34.2, 20.2
34.2, 20.4
34.2, 20.6
34.2, 20.8
34.2, 21
34.2, 21.2
34.2, 21.4
34.2, 21.6
34.2, 21.8
34.2, 22
34.2, 22.2
34.2, 22.4
34.2, 22.6
34.2, 22.8
34.2, 23
34.2, 23.2
34.2, 23.4
34.2, 23.6
34.2, 23.8
34.2, 24
34.2, 24.2
34.2, 24.4
34.2, 24.6
34.2, 24.8
34.2, 25
34.2, 25.2
34.2, 25.4
34.2, 25.6
34.2, 25.8
34.2, 26
34.2, 26.2
34.2, 26.4
34.2, 26.6
34.2, 26.8
34.2, 27
34.2, 27.2
34.2, 27.4
34.2, 27.6
34.2, 27.8
34.2, 28
34.2, 28.2
34.2, 28.4
34.2, 28.6
34.2, 28.8
34.2, 29
34.2, 29.2
34.2, 29.4
34.2, 29.6
34.2, 29.8
34.2, 30
34.2, 30.2
34.2, 30.4
34.2, 30.6
34.2, 30.8
34.2, 31
34.2, 31.2
34.2, 31.4
34.2, 31.6
34.2, 31.8
34.2, 32
34.2, 32.2
34.2, 32.4
34.2, 32.6
34.2, 32.8
34.2, 33
34.2, 33.2
34.2, 33.4
34.2, 33.6
34.2, 33.8
34.2, 34
34.2, 34.2
34.2, 34.4
34.2, 34.6
34.2, 34.8
34.2, 35
34.2, 35.2
34.2, 35.4
34.2, 35.6
34.2, 35.8
34.2, 36
34.2, 36.2
34.2, 36.4
34.2, 36.6
34.2, 36.8
34.2, 37
34.2, 37.2
34.2, 37.4
34.2, 37.6
34.2, 37.8
34.2, 38
34.2, 38.2
34.2, 38.4
34.2, 38.6
34.2, 38.8
34.2, 39
34.2, 39.2
34.2, 39.4
34.2, 39.6
34.2, 39.8
34.2, 40
34.2, 40.2
34.2, 40.4
34.2, 40.6
34.2, 40.8
34.2, 41
34.2, 41.2
34.2, 41.4
34.2, 41.6
34.2, 41.8
34.2, 42
34.2, 42.2
34.2, 42.4
34.2, 42.6
34.2, 42.8
34.2, 43
34.2, 43.2
34.2, 43.4
34.2, 43.6
34.2, 43.8
34.2, 44
34.2, 44.2
34.2, 44.4
34.2, 44.6
34.2, 44.8
34.2, 45
34.2, 45.2
34.2, 45.4
34.2, 45.6
34.2, 45.8
34.2, 46
34.2, 46.2
34.2, 46.4
34.2, 46.6
34.2, 46.8
34.2, 47
34.2, 47.2
34.2, 47.4
34.2, 47.6
34.2, 47.8
34.2, 48
34.2, 48.2
34.2, 48.4
34.2, 48.6
34.2, 48.8
34.2, 49
34.2, 49.2
34.2, 49.4
34.2, 49.6
34.2, 49.8
34.2, 50
34.4, 0.2
34.4, 0.4
34.4, 0.6
34.4, 0.8
34.4, 1
34.4, 1.2
34.4, 1.4
34.4, 1.6
34.4, 1.8
34.4, 2
34.4, 2.2
34.4, 2.4
34.4, 2.6
34.4, 2.8
34.4, 3
34.4, 3.2
34.4, 3.4
34.4, 3.6
34.4, 3.8
34.4, 4
34.4, 4.2
34.4, 4.4
34.4, 4.6
34.4, 4.8
34.4, 5
34.4, 5.2
34.4, 5.4
34.4, 5.6
34.4, 5.8
34.4, 6
34.4, 6.2
34.4, 6.4
34.4, 6.6
34.4, 6.8
34.4, 7
34.4, 7.2
34.4, 7.4
34.4, 7.6
34.4, 7.8
34.4, 8
34.4, 8.2
34.4, 8.4
34.4, 8.6
34.4, 8.8
34.4, 9
34.4, 9.2
34.4, 9.4
34.4, 9.6
34.4, 9.8
34.4, 10
34.4, 10.2
34.4, 10.4
34.4, 10.6
34.4, 10.8
34.4, 11
34.4, 11.2
34.4, 11.4
34.4, 11.6
34.4, 11.8
34.4, 12
34.4, 12.2
34.4, 12.4
34.4, 12.6
34.4, 12.8
34.4, 13
34.4, 13.2
34.4, 13.4
34.4, 13.6
34.4, 13.8
34.4, 14
34.4, 14.2
34.4, 14.4
34.4, 14.6
34.4, 14.8
34.4, 15
34.4, 15.2
34.4, 15.4
34.4, 15.6
34.4, 15.8
34.4, 16
34.4, 16.2
34.4, 16.4
34.4, 16.6
34.4, 16.8
34.4, 17
34.4, 17.2
34.4, 17.4
34.4, 17.6
34.4, 17.8
34.4, 18
34.4, 18.2
34.4, 18.4
34.4, 18.6
34.4, 18.8
34.4, 19
34.4, 19.2
34.4, 19.4
34.4, 19.6
34.4, 19.8
34.4, 20
34.4, 20.2
34.4, 20.4
34.4, 20.6
34.4, 20.8
34.4, 21
34.4, 21.2
34.4, 21.4
34.4, 21.6
34.4, 21.8
34.4, 22
34.4, 22.2
34.4, 22.4
34.4, 22.6
34.4, 22.8
34.4, 23
34.4, 23.2
34.4, 23.4
34.4, 23.6
34.4, 23.8
34.4, 24
34.4, 24.2
34.4, 24.4
34.4, 24.6
34.4, 24.8
34.4, 25
34.4, 25.2
34.4, 25.4
34.4, 25.6
34.4, 25.8
34.4, 26
34.4, 26.2
34.4, 26.4
34.4, 26.6
34.4, 26.8
34.4, 27
34.4, 27.2
34.4, 27.4
34.4, 27.6
34.4, 27.8
34.4, 28
34.4, 28.2
34.4, 28.4
34.4, 28.6
34.4, 28.8
34.4, 29
34.4, 29.2
34.4, 29.4
34.4, 29.6
34.4, 29.8
34.4, 30
34.4, 30.2
34.4, 30.4
34.4, 30.6
34.4, 30.8
34.4, 31
34.4, 31.2
34.4, 31.4
34.4, 31.6
34.4, 31.8
34.4, 32
34.4, 32.2
34.4, 32.4
34.4, 32.6
34.4, 32.8
34.4, 33
34.4, 33.2
34.4, 33.4
34.4, 33.6
34.4, 33.8
34.4, 34
34.4, 34.2
34.4, 34.4
34.4, 34.6
34.4, 34.8
34.4, 35
34.4, 35.2
34.4, 35.4
34.4, 35.6
34.4, 35.8
34.4, 36
34.4, 36.2
34.4, 36.4
34.4, 36.6
34.4, 36.8
34.4, 37
34.4, 37.2
34.4, 37.4
34.4, 37.6
34.4, 37.8
34.4, 38
34.4, 38.2
34.4, 38.4
34.4, 38.6
34.4, 38.8
34.4, 39
34.4, 39.2
34.4, 39.4
34.4, 39.6
34.4, 39.8
34.4, 40
34.4, 40.2
34.4, 40.4
34.4, 40.6
34.4, 40.8
34.4, 41
34.4, 41.2
34.4, 41.4
34.4, 41.6
34.4, 41.8
34.4, 42
34.4, 42.2
34.4, 42.4
34.4, 42.6
34.4, 42.8
34.4, 43
34.4, 43.2
34.4, 43.4
34.4, 43.6
34.4, 43.8
34.4, 44
34.4, 44.2
34.4, 44.4
34.4, 44.6
34.4, 44.8
34.4, 45
34.4, 45.2
34.4, 45.4
34.4, 45.6
34.4, 45.8
34.4, 46
34.4, 46.2
34.4, 46.4
34.4, 46.6
34.4, 46.8
34.4, 47
34.4, 47.2
34.4, 47.4
34.4, 47.6
34.4, 47.8
34.4, 48
34.4, 48.2
34.4, 48.4
34.4, 48.6
34.4, 48.8
34.4, 49
34.4, 49.2
34.4, 49.4
34.4, 49.6
34.4, 49.8
34.4, 50
34.6, 0.2
34.6, 0.4
34.6, 0.6
34.6, 0.8
34.6, 1
34.6, 1.2
34.6, 1.4
34.6, 1.6
34.6, 1.8
34.6, 2
34.6, 2.2
34.6, 2.4
34.6, 2.6
34.6, 2.8
34.6, 3
34.6, 3.2
34.6, 3.4
34.6, 3.6
34.6, 3.8
34.6, 4
34.6, 4.2
34.6, 4.4
34.6, 4.6
34.6, 4.8
34.6, 5
34.6, 5.2
34.6, 5.4
34.6, 5.6
34.6, 5.8
34.6, 6
34.6, 6.2
34.6, 6.4
34.6, 6.6
34.6, 6.8
34.6, 7
34.6, 7.2
34.6, 7.4
34.6, 7.6
34.6, 7.8
34.6, 8
34.6, 8.2
34.6, 8.4
34.6, 8.6
34.6, 8.8
34.6, 9
34.6, 9.2
34.6, 9.4
34.6, 9.6
34.6, 9.8
34.6, 10
34.6, 10.2
34.6, 10.4
34.6, 10.6
34.6, 10.8
34.6, 11
34.6, 11.2
34.6, 11.4
34.6, 11.6
34.6, 11.8
34.6, 12
34.6, 12.2
34.6, 12.4
34.6, 12.6
34.6, 12.8
34.6, 13
34.6, 13.2
34.6, 13.4
34.6, 13.6
34.6, 13.8
34.6, 14
34.6, 14.2
34.6, 14.4
34.6, 14.6
34.6, 14.8
34.6, 15
34.6, 15.2
34.6, 15.4
34.6, 15.6
34.6, 15.8
34.6, 16
34.6, 16.2
34.6, 16.4
34.6, 16.6
34.6, 16.8
34.6, 17
34.6, 17.2
34.6, 17.4
34.6, 17.6
34.6, 17.8
34.6, 18
34.6, 18.2
34.6, 18.4
34.6, 18.6
34.6, 18.8
34.6, 19
34.6, 19.2
34.6, 19.4
34.6, 19.6
34.6, 19.8
34.6, 20
34.6, 20.2
34.6, 20.4
34.6, 20.6
34.6, 20.8
34.6, 21
34.6, 21.2
34.6, 21.4
34.6, 21.6
34.6, 21.8
34.6, 22
34.6, 22.2
34.6, 22.4
34.6, 22.6
34.6, 22.8
34.6, 23
34.6, 23.2
34.6, 23.4
34.6, 23.6
34.6, 23.8
34.6, 24
34.6, 24.2
34.6, 24.4
34.6, 24.6
34.6, 24.8
34.6, 25
34.6, 25.2
34.6, 25.4
34.6, 25.6
34.6, 25.8
34.6, 26
34.6, 26.2
34.6, 26.4
34.6, 26.6
34.6, 26.8
34.6, 27
34.6, 27.2
34.6, 27.4
34.6, 27.6
34.6, 27.8
34.6, 28
34.6, 28.2
34.6, 28.4
34.6, 28.6
34.6, 28.8
34.6, 29
34.6, 29.2
34.6, 29.4
34.6, 29.6
34.6, 29.8
34.6, 30
34.6, 30.2
34.6, 30.4
34.6, 30.6
34.6, 30.8
34.6, 31
34.6, 31.2
34.6, 31.4
34.6, 31.6
34.6, 31.8
34.6, 32
34.6, 32.2
34.6, 32.4
34.6, 32.6
34.6, 32.8
34.6, 33
34.6, 33.2
34.6, 33.4
34.6, 33.6
34.6, 33.8
34.6, 34
34.6, 34.2
34.6, 34.4
34.6, 34.6
34.6, 34.8
34.6, 35
34.6, 35.2
34.6, 35.4
34.6, 35.6
34.6, 35.8
34.6, 36
34.6, 36.2
34.6, 36.4
34.6, 36.6
34.6, 36.8
34.6, 37
34.6, 37.2
34.6, 37.4
34.6, 37.6
34.6, 37.8
34.6, 38
34.6, 38.2
34.6, 38.4
34.6, 38.6
34.6, 38.8
34.6, 39
34.6, 39.2
34.6, 39.4
34.6, 39.6
34.6, 39.8
34.6, 40
34.6, 40.2
34.6, 40.4
34.6, 40.6
34.6, 40.8
34.6, 41
34.6, 41.2
34.6, 41.4
34.6, 41.6
34.6, 41.8
34.6, 42
34.6, 42.2
34.6, 42.4
34.6, 42.6
34.6, 42.8
34.6, 43
34.6, 43.2
34.6, 43.4
34.6, 43.6
34.6, 43.8
34.6, 44
34.6, 44.2
34.6, 44.4
34.6, 44.6
34.6, 44.8
34.6, 45
34.6, 45.2
34.6, 45.4
34.6, 45.6
34.6, 45.8
34.6, 46
34.6, 46.2
34.6, 46.4
34.6, 46.6
34.6, 46.8
34.6, 47
34.6, 47.2
34.6, 47.4
34.6, 47.6
34.6, 47.8
34.6, 48
34.6, 48.2
34.6, 48.4
34.6, 48.6
34.6, 48.8
34.6, 49
34.6, 49.2
34.6, 49.4
34.6, 49.6
34.6, 49.8
34.6, 50
34.8, 0.2
34.8, 0.4
34.8, 0.6
34.8, 0.8
34.8, 1
34.8, 1.2
34.8, 1.4
34.8, 1.6
34.8, 1.8
34.8, 2
34.8, 2.2
34.8, 2.4
34.8, 2.6
34.8, 2.8
34.8, 3
34.8, 3.2
34.8, 3.4
34.8, 3.6
34.8, 3.8
34.8, 4
34.8, 4.2
34.8, 4.4
34.8, 4.6
34.8, 4.8
34.8, 5
34.8, 5.2
34.8, 5.4
34.8, 5.6
34.8, 5.8
34.8, 6
34.8, 6.2
34.8, 6.4
34.8, 6.6
34.8, 6.8
34.8, 7
34.8, 7.2
34.8, 7.4
34.8, 7.6
34.8, 7.8
34.8, 8
34.8, 8.2
34.8, 8.4
34.8, 8.6
34.8, 8.8
34.8, 9
34.8, 9.2
34.8, 9.4
34.8, 9.6
34.8, 9.8
34.8, 10
34.8, 10.2
34.8, 10.4
34.8, 10.6
34.8, 10.8
34.8, 11
34.8, 11.2
34.8, 11.4
34.8, 11.6
34.8, 11.8
34.8, 12
34.8, 12.2
34.8, 12.4
34.8, 12.6
34.8, 12.8
34.8, 13
34.8, 13.2
34.8, 13.4
34.8, 13.6
34.8, 13.8
34.8, 14
34.8, 14.2
34.8, 14.4
34.8, 14.6
34.8, 14.8
34.8, 15
34.8, 15.2
34.8, 15.4
34.8, 15.6
34.8, 15.8
34.8, 16
34.8, 16.2
34.8, 16.4
34.8, 16.6
34.8, 16.8
34.8, 17
34.8, 17.2
34.8, 17.4
34.8, 17.6
34.8, 17.8
34.8, 18
34.8, 18.2
34.8, 18.4
34.8, 18.6
34.8, 18.8
34.8, 19
34.8, 19.2
34.8, 19.4
34.8, 19.6
34.8, 19.8
34.8, 20
34.8, 20.2
34.8, 20.4
34.8, 20.6
34.8, 20.8
34.8, 21
34.8, 21.2
34.8, 21.4
34.8, 21.6
34.8, 21.8
34.8, 22
34.8, 22.2
34.8, 22.4
34.8, 22.6
34.8, 22.8
34.8, 23
34.8, 23.2
34.8, 23.4
34.8, 23.6
34.8, 23.8
34.8, 24
34.8, 24.2
34.8, 24.4
34.8, 24.6
34.8, 24.8
34.8, 25
34.8, 25.2
34.8, 25.4
34.8, 25.6
34.8, 25.8
34.8, 26
34.8, 26.2
34.8, 26.4
34.8, 26.6
34.8, 26.8
34.8, 27
34.8, 27.2
34.8, 27.4
34.8, 27.6
34.8, 27.8
34.8, 28
34.8, 28.2
34.8, 28.4
34.8, 28.6
34.8, 28.8
34.8, 29
34.8, 29.2
34.8, 29.4
34.8, 29.6
34.8, 29.8
34.8, 30
34.8, 30.2
34.8, 30.4
34.8, 30.6
34.8, 30.8
34.8, 31
34.8, 31.2
34.8, 31.4
34.8, 31.6
34.8, 31.8
34.8, 32
34.8, 32.2
34.8, 32.4
34.8, 32.6
34.8, 32.8
34.8, 33
34.8, 33.2
34.8, 33.4
34.8, 33.6
34.8, 33.8
34.8, 34
34.8, 34.2
34.8, 34.4
34.8, 34.6
34.8, 34.8
34.8, 35
34.8, 35.2
34.8, 35.4
34.8, 35.6
34.8, 35.8
34.8, 36
34.8, 36.2
34.8, 36.4
34.8, 36.6
34.8, 36.8
34.8, 37
34.8, 37.2
34.8, 37.4
34.8, 37.6
34.8, 37.8
34.8, 38
34.8, 38.2
34.8, 38.4
34.8, 38.6
34.8, 38.8
34.8, 39
34.8, 39.2
34.8, 39.4
34.8, 39.6
34.8, 39.8
34.8, 40
34.8, 40.2
34.8, 40.4
34.8, 40.6
34.8, 40.8
34.8, 41
34.8, 41.2
34.8, 41.4
34.8, 41.6
34.8, 41.8
34.8, 42
34.8, 42.2
34.8, 42.4
34.8, 42.6
34.8, 42.8
34.8, 43
34.8, 43.2
34.8, 43.4
34.8, 43.6
34.8, 43.8
34.8, 44
34.8, 44.2
34.8, 44.4
34.8, 44.6
34.8, 44.8
34.8, 45
34.8, 45.2
34.8, 45.4
34.8, 45.6
34.8, 45.8
34.8, 46
34.8, 46.2
34.8, 46.4
34.8, 46.6
34.8, 46.8
34.8, 47
34.8, 47.2
34.8, 47.4
34.8, 47.6
34.8, 47.8
34.8, 48
34.8, 48.2
34.8, 48.4
34.8, 48.6
34.8, 48.8
34.8, 49
34.8, 49.2
34.8, 49.4
34.8, 49.6
34.8, 49.8
34.8, 50
35, 0.2
35, 0.4
35, 0.6
35, 0.8
35, 1
35, 1.2
35, 1.4
35, 1.6
35, 1.8
35, 2
35, 2.2
35, 2.4
35, 2.6
35, 2.8
35, 3
35, 3.2
35, 3.4
35, 3.6
35, 3.8
35, 4
35, 4.2
35, 4.4
35, 4.6
35, 4.8
35, 5
35, 5.2
35, 5.4
35, 5.6
35, 5.8
35, 6
35, 6.2
35, 6.4
35, 6.6
35, 6.8
35, 7
35, 7.2
35, 7.4
35, 7.6
35, 7.8
35, 8
35, 8.2
35, 8.4
35, 8.6
35, 8.8
35, 9
35, 9.2
35, 9.4
35, 9.6
35, 9.8
35, 10
35, 10.2
35, 10.4
35, 10.6
35, 10.8
35, 11
35, 11.2
35, 11.4
35, 11.6
35, 11.8
35, 12
35, 12.2
35, 12.4
35, 12.6
35, 12.8
35, 13
35, 13.2
35, 13.4
35, 13.6
35, 13.8
35, 14
35, 14.2
35, 14.4
35, 14.6
35, 14.8
35, 15
35, 15.2
35, 15.4
35, 15.6
35, 15.8
35, 16
35, 16.2
35, 16.4
35, 16.6
35, 16.8
35, 17
35, 17.2
35, 17.4
35, 17.6
35, 17.8
35, 18
35, 18.2
35, 18.4
35, 18.6
35, 18.8
35, 19
35, 19.2
35, 19.4
35, 19.6
35, 19.8
35, 20
35, 20.2
35, 20.4
35, 20.6
35, 20.8
35, 21
35, 21.2
35, 21.4
35, 21.6
35, 21.8
35, 22
35, 22.2
35, 22.4
35, 22.6
35, 22.8
35, 23
35, 23.2
35, 23.4
35, 23.6
35, 23.8
35, 24
35, 24.2
35, 24.4
35, 24.6
35, 24.8
35, 25
35, 25.2
35, 25.4
35, 25.6
35, 25.8
35, 26
35, 26.2
35, 26.4
35, 26.6
35, 26.8
35, 27
35, 27.2
35, 27.4
35, 27.6
35, 27.8
35, 28
35, 28.2
35, 28.4
35, 28.6
35, 28.8
35, 29
35, 29.2
35, 29.4
35, 29.6
35, 29.8
35, 30
35, 30.2
35, 30.4
35, 30.6
35, 30.8
35, 31
35, 31.2
35, 31.4
35, 31.6
35, 31.8
35, 32
35, 32.2
35, 32.4
35, 32.6
35, 32.8
35, 33
35, 33.2
35, 33.4
35, 33.6
35, 33.8
35, 34
35, 34.2
35, 34.4
35, 34.6
35, 34.8
35, 35
35, 35.2
35, 35.4
35, 35.6
35, 35.8
35, 36
35, 36.2
35, 36.4
35, 36.6
35, 36.8
35, 37
35, 37.2
35, 37.4
35, 37.6
35, 37.8
35, 38
35, 38.2
35, 38.4
35, 38.6
35, 38.8
35, 39
35, 39.2
35, 39.4
35, 39.6
35, 39.8
35, 40
35, 40.2
35, 40.4
35, 40.6
35, 40.8
35, 41
35, 41.2
35, 41.4
35, 41.6
35, 41.8
35, 42
35, 42.2
35, 42.4
35, 42.6
35, 42.8
35, 43
35, 43.2
35, 43.4
35, 43.6
35, 43.8
35, 44
35, 44.2
35, 44.4
35, 44.6
35, 44.8
35, 45
35, 45.2
35, 45.4
35, 45.6
35, 45.8
35, 46
35, 46.2
35, 46.4
35, 46.6
35, 46.8
35, 47
35, 47.2
35, 47.4
35, 47.6
35, 47.8
35, 48
35, 48.2
35, 48.4
35, 48.6
35, 48.8
35, 49
35, 49.2
35, 49.4
35, 49.6
35, 49.8
35, 50
35.2, 0.2
35.2, 0.4
35.2, 0.6
35.2, 0.8
35.2, 1
35.2, 1.2
35.2, 1.4
35.2, 1.6
35.2, 1.8
35.2, 2
35.2, 2.2
35.2, 2.4
35.2, 2.6
35.2, 2.8
35.2, 3
35.2, 3.2
35.2, 3.4
35.2, 3.6
35.2, 3.8
35.2, 4
35.2, 4.2
35.2, 4.4
35.2, 4.6
35.2, 4.8
35.2, 5
35.2, 5.2
35.2, 5.4
35.2, 5.6
35.2, 5.8
35.2, 6
35.2, 6.2
35.2, 6.4
35.2, 6.6
35.2, 6.8
35.2, 7
35.2, 7.2
35.2, 7.4
35.2, 7.6
35.2, 7.8
35.2, 8
35.2, 8.2
35.2, 8.4
35.2, 8.6
35.2, 8.8
35.2, 9
35.2, 9.2
35.2, 9.4
35.2, 9.6
35.2, 9.8
35.2, 10
35.2, 10.2
35.2, 10.4
35.2, 10.6
35.2, 10.8
35.2, 11
35.2, 11.2
35.2, 11.4
35.2, 11.6
35.2, 11.8
35.2, 12
35.2, 12.2
35.2, 12.4
35.2, 12.6
35.2, 12.8
35.2, 13
35.2, 13.2
35.2, 13.4
35.2, 13.6
35.2, 13.8
35.2, 14
35.2, 14.2
35.2, 14.4
35.2, 14.6
35.2, 14.8
35.2, 15
35.2, 15.2
35.2, 15.4
35.2, 15.6
35.2, 15.8
35.2, 16
35.2, 16.2
35.2, 16.4
35.2, 16.6
35.2, 16.8
35.2, 17
35.2, 17.2
35.2, 17.4
35.2, 17.6
35.2, 17.8
35.2, 18
35.2, 18.2
35.2, 18.4
35.2, 18.6
35.2, 18.8
35.2, 19
35.2, 19.2
35.2, 19.4
35.2, 19.6
35.2, 19.8
35.2, 20
35.2, 20.2
35.2, 20.4
35.2, 20.6
35.2, 20.8
35.2, 21
35.2, 21.2
35.2, 21.4
35.2, 21.6
35.2, 21.8
35.2, 22
35.2, 22.2
35.2, 22.4
35.2, 22.6
35.2, 22.8
35.2, 23
35.2, 23.2
35.2, 23.4
35.2, 23.6
35.2, 23.8
35.2, 24
35.2, 24.2
35.2, 24.4
35.2, 24.6
35.2, 24.8
35.2, 25
35.2, 25.2
35.2, 25.4
35.2, 25.6
35.2, 25.8
35.2, 26
35.2, 26.2
35.2, 26.4
35.2, 26.6
35.2, 26.8
35.2, 27
35.2, 27.2
35.2, 27.4
35.2, 27.6
35.2, 27.8
35.2, 28
35.2, 28.2
35.2, 28.4
35.2, 28.6
35.2, 28.8
35.2, 29
35.2, 29.2
35.2, 29.4
35.2, 29.6
35.2, 29.8
35.2, 30
35.2, 30.2
35.2, 30.4
35.2, 30.6
35.2, 30.8
35.2, 31
35.2, 31.2
35.2, 31.4
35.2, 31.6
35.2, 31.8
35.2, 32
35.2, 32.2
35.2, 32.4
35.2, 32.6
35.2, 32.8
35.2, 33
35.2, 33.2
35.2, 33.4
35.2, 33.6
35.2, 33.8
35.2, 34
35.2, 34.2
35.2, 34.4
35.2, 34.6
35.2, 34.8
35.2, 35
35.2, 35.2
35.2, 35.4
35.2, 35.6
35.2, 35.8
35.2, 36
35.2, 36.2
35.2, 36.4
35.2, 36.6
35.2, 36.8
35.2, 37
35.2, 37.2
35.2, 37.4
35.2, 37.6
35.2, 37.8
35.2, 38
35.2, 38.2
35.2, 38.4
35.2, 38.6
35.2, 38.8
35.2, 39
35.2, 39.2
35.2, 39.4
35.2, 39.6
35.2, 39.8
35.2, 40
35.2, 40.2
35.2, 40.4
35.2, 40.6
35.2, 40.8
35.2, 41
35.2, 41.2
35.2, 41.4
35.2, 41.6
35.2, 41.8
35.2, 42
35.2, 42.2
35.2, 42.4
35.2, 42.6
35.2, 42.8
35.2, 43
35.2, 43.2
35.2, 43.4
35.2, 43.6
35.2, 43.8
35.2, 44
35.2, 44.2
35.2, 44.4
35.2, 44.6
35.2, 44.8
35.2, 45
35.2, 45.2
35.2, 45.4
35.2, 45.6
35.2, 45.8
35.2, 46
35.2, 46.2
35.2, 46.4
35.2, 46.6
35.2, 46.8
35.2, 47
35.2, 47.2
35.2, 47.4
35.2, 47.6
35.2, 47.8
35.2, 48
35.2, 48.2
35.2, 48.4
35.2, 48.6
35.2, 48.8
35.2, 49
35.2, 49.2
35.2, 49.4
35.2, 49.6
35.2, 49.8
35.2, 50
35.4, 0.2
35.4, 0.4
35.4, 0.6
35.4, 0.8
35.4, 1
35.4, 1.2
35.4, 1.4
35.4, 1.6
35.4, 1.8
35.4, 2
35.4, 2.2
35.4, 2.4
35.4, 2.6
35.4, 2.8
35.4, 3
35.4, 3.2
35.4, 3.4
35.4, 3.6
35.4, 3.8
35.4, 4
35.4, 4.2
35.4, 4.4
35.4, 4.6
35.4, 4.8
35.4, 5
35.4, 5.2
35.4, 5.4
35.4, 5.6
35.4, 5.8
35.4, 6
35.4, 6.2
35.4, 6.4
35.4, 6.6
35.4, 6.8
35.4, 7
35.4, 7.2
35.4, 7.4
35.4, 7.6
35.4, 7.8
35.4, 8
35.4, 8.2
35.4, 8.4
35.4, 8.6
35.4, 8.8
35.4, 9
35.4, 9.2
35.4, 9.4
35.4, 9.6
35.4, 9.8
35.4, 10
35.4, 10.2
35.4, 10.4
35.4, 10.6
35.4, 10.8
35.4, 11
35.4, 11.2
35.4, 11.4
35.4, 11.6
35.4, 11.8
35.4, 12
35.4, 12.2
35.4, 12.4
35.4, 12.6
35.4, 12.8
35.4, 13
35.4, 13.2
35.4, 13.4
35.4, 13.6
35.4, 13.8
35.4, 14
35.4, 14.2
35.4, 14.4
35.4, 14.6
35.4, 14.8
35.4, 15
35.4, 15.2
35.4, 15.4
35.4, 15.6
35.4, 15.8
35.4, 16
35.4, 16.2
35.4, 16.4
35.4, 16.6
35.4, 16.8
35.4, 17
35.4, 17.2
35.4, 17.4
35.4, 17.6
35.4, 17.8
35.4, 18
35.4, 18.2
35.4, 18.4
35.4, 18.6
35.4, 18.8
35.4, 19
35.4, 19.2
35.4, 19.4
35.4, 19.6
35.4, 19.8
35.4, 20
35.4, 20.2
35.4, 20.4
35.4, 20.6
35.4, 20.8
35.4, 21
35.4, 21.2
35.4, 21.4
35.4, 21.6
35.4, 21.8
35.4, 22
35.4, 22.2
35.4, 22.4
35.4, 22.6
35.4, 22.8
35.4, 23
35.4, 23.2
35.4, 23.4
35.4, 23.6
35.4, 23.8
35.4, 24
35.4, 24.2
35.4, 24.4
35.4, 24.6
35.4, 24.8
35.4, 25
35.4, 25.2
35.4, 25.4
35.4, 25.6
35.4, 25.8
35.4, 26
35.4, 26.2
35.4, 26.4
35.4, 26.6
35.4, 26.8
35.4, 27
35.4, 27.2
35.4, 27.4
35.4, 27.6
35.4, 27.8
35.4, 28
35.4, 28.2
35.4, 28.4
35.4, 28.6
35.4, 28.8
35.4, 29
35.4, 29.2
35.4, 29.4
35.4, 29.6
35.4, 29.8
35.4, 30
35.4, 30.2
35.4, 30.4
35.4, 30.6
35.4, 30.8
35.4, 31
35.4, 31.2
35.4, 31.4
35.4, 31.6
35.4, 31.8
35.4, 32
35.4, 32.2
35.4, 32.4
35.4, 32.6
35.4, 32.8
35.4, 33
35.4, 33.2
35.4, 33.4
35.4, 33.6
35.4, 33.8
35.4, 34
35.4, 34.2
35.4, 34.4
35.4, 34.6
35.4, 34.8
35.4, 35
35.4, 35.2
35.4, 35.4
35.4, 35.6
35.4, 35.8
35.4, 36
35.4, 36.2
35.4, 36.4
35.4, 36.6
35.4, 36.8
35.4, 37
35.4, 37.2
35.4, 37.4
35.4, 37.6
35.4, 37.8
35.4, 38
35.4, 38.2
35.4, 38.4
35.4, 38.6
35.4, 38.8
35.4, 39
35.4, 39.2
35.4, 39.4
35.4, 39.6
35.4, 39.8
35.4, 40
35.4, 40.2
35.4, 40.4
35.4, 40.6
35.4, 40.8
35.4, 41
35.4, 41.2
35.4, 41.4
35.4, 41.6
35.4, 41.8
35.4, 42
35.4, 42.2
35.4, 42.4
35.4, 42.6
35.4, 42.8
35.4, 43
35.4, 43.2
35.4, 43.4
35.4, 43.6
35.4, 43.8
35.4, 44
35.4, 44.2
35.4, 44.4
35.4, 44.6
35.4, 44.8
35.4, 45
35.4, 45.2
35.4, 45.4
35.4, 45.6
35.4, 45.8
35.4, 46
35.4, 46.2
35.4, 46.4
35.4, 46.6
35.4, 46.8
35.4, 47
35.4, 47.2
35.4, 47.4
35.4, 47.6
35.4, 47.8
35.4, 48
35.4, 48.2
35.4, 48.4
35.4, 48.6
35.4, 48.8
35.4, 49
35.4, 49.2
35.4, 49.4
35.4, 49.6
35.4, 49.8
35.4, 50
35.6, 0.2
35.6, 0.4
35.6, 0.6
35.6, 0.8
35.6, 1
35.6, 1.2
35.6, 1.4
35.6, 1.6
35.6, 1.8
35.6, 2
35.6, 2.2
35.6, 2.4
35.6, 2.6
35.6, 2.8
35.6, 3
35.6, 3.2
35.6, 3.4
35.6, 3.6
35.6, 3.8
35.6, 4
35.6, 4.2
35.6, 4.4
35.6, 4.6
35.6, 4.8
35.6, 5
35.6, 5.2
35.6, 5.4
35.6, 5.6
35.6, 5.8
35.6, 6
35.6, 6.2
35.6, 6.4
35.6, 6.6
35.6, 6.8
35.6, 7
35.6, 7.2
35.6, 7.4
35.6, 7.6
35.6, 7.8
35.6, 8
35.6, 8.2
35.6, 8.4
35.6, 8.6
35.6, 8.8
35.6, 9
35.6, 9.2
35.6, 9.4
35.6, 9.6
35.6, 9.8
35.6, 10
35.6, 10.2
35.6, 10.4
35.6, 10.6
35.6, 10.8
35.6, 11
35.6, 11.2
35.6, 11.4
35.6, 11.6
35.6, 11.8
35.6, 12
35.6, 12.2
35.6, 12.4
35.6, 12.6
35.6, 12.8
35.6, 13
35.6, 13.2
35.6, 13.4
35.6, 13.6
35.6, 13.8
35.6, 14
35.6, 14.2
35.6, 14.4
35.6, 14.6
35.6, 14.8
35.6, 15
35.6, 15.2
35.6, 15.4
35.6, 15.6
35.6, 15.8
35.6, 16
35.6, 16.2
35.6, 16.4
35.6, 16.6
35.6, 16.8
35.6, 17
35.6, 17.2
35.6, 17.4
35.6, 17.6
35.6, 17.8
35.6, 18
35.6, 18.2
35.6, 18.4
35.6, 18.6
35.6, 18.8
35.6, 19
35.6, 19.2
35.6, 19.4
35.6, 19.6
35.6, 19.8
35.6, 20
35.6, 20.2
35.6, 20.4
35.6, 20.6
35.6, 20.8
35.6, 21
35.6, 21.2
35.6, 21.4
35.6, 21.6
35.6, 21.8
35.6, 22
35.6, 22.2
35.6, 22.4
35.6, 22.6
35.6, 22.8
35.6, 23
35.6, 23.2
35.6, 23.4
35.6, 23.6
35.6, 23.8
35.6, 24
35.6, 24.2
35.6, 24.4
35.6, 24.6
35.6, 24.8
35.6, 25
35.6, 25.2
35.6, 25.4
35.6, 25.6
35.6, 25.8
35.6, 26
35.6, 26.2
35.6, 26.4
35.6, 26.6
35.6, 26.8
35.6, 27
35.6, 27.2
35.6, 27.4
35.6, 27.6
35.6, 27.8
35.6, 28
35.6, 28.2
35.6, 28.4
35.6, 28.6
35.6, 28.8
35.6, 29
35.6, 29.2
35.6, 29.4
35.6, 29.6
35.6, 29.8
35.6, 30
35.6, 30.2
35.6, 30.4
35.6, 30.6
35.6, 30.8
35.6, 31
35.6, 31.2
35.6, 31.4
35.6, 31.6
35.6, 31.8
35.6, 32
35.6, 32.2
35.6, 32.4
35.6, 32.6
35.6, 32.8
35.6, 33
35.6, 33.2
35.6, 33.4
35.6, 33.6
35.6, 33.8
35.6, 34
35.6, 34.2
35.6, 34.4
35.6, 34.6
35.6, 34.8
35.6, 35
35.6, 35.2
35.6, 35.4
35.6, 35.6
35.6, 35.8
35.6, 36
35.6, 36.2
35.6, 36.4
35.6, 36.6
35.6, 36.8
35.6, 37
35.6, 37.2
35.6, 37.4
35.6, 37.6
35.6, 37.8
35.6, 38
35.6, 38.2
35.6, 38.4
35.6, 38.6
35.6, 38.8
35.6, 39
35.6, 39.2
35.6, 39.4
35.6, 39.6
35.6, 39.8
35.6, 40
35.6, 40.2
35.6, 40.4
35.6, 40.6
35.6, 40.8
35.6, 41
35.6, 41.2
35.6, 41.4
35.6, 41.6
35.6, 41.8
35.6, 42
35.6, 42.2
35.6, 42.4
35.6, 42.6
35.6, 42.8
35.6, 43
35.6, 43.2
35.6, 43.4
35.6, 43.6
35.6, 43.8
35.6, 44
35.6, 44.2
35.6, 44.4
35.6, 44.6
35.6, 44.8
35.6, 45
35.6, 45.2
35.6, 45.4
35.6, 45.6
35.6, 45.8
35.6, 46
35.6, 46.2
35.6, 46.4
35.6, 46.6
35.6, 46.8
35.6, 47
35.6, 47.2
35.6, 47.4
35.6, 47.6
35.6, 47.8
35.6, 48
35.6, 48.2
35.6, 48.4
35.6, 48.6
35.6, 48.8
35.6, 49
35.6, 49.2
35.6, 49.4
35.6, 49.6
35.6, 49.8
35.6, 50
35.8, 0.2
35.8, 0.4
35.8, 0.6
35.8, 0.8
35.8, 1
35.8, 1.2
35.8, 1.4
35.8, 1.6
35.8, 1.8
35.8, 2
35.8, 2.2
35.8, 2.4
35.8, 2.6
35.8, 2.8
35.8, 3
35.8, 3.2
35.8, 3.4
35.8, 3.6
35.8, 3.8
35.8, 4
35.8, 4.2
35.8, 4.4
35.8, 4.6
35.8, 4.8
35.8, 5
35.8, 5.2
35.8, 5.4
35.8, 5.6
35.8, 5.8
35.8, 6
35.8, 6.2
35.8, 6.4
35.8, 6.6
35.8, 6.8
35.8, 7
35.8, 7.2
35.8, 7.4
35.8, 7.6
35.8, 7.8
35.8, 8
35.8, 8.2
35.8, 8.4
35.8, 8.6
35.8, 8.8
35.8, 9
35.8, 9.2
35.8, 9.4
35.8, 9.6
35.8, 9.8
35.8, 10
35.8, 10.2
35.8, 10.4
35.8, 10.6
35.8, 10.8
35.8, 11
35.8, 11.2
35.8, 11.4
35.8, 11.6
35.8, 11.8
35.8, 12
35.8, 12.2
35.8, 12.4
35.8, 12.6
35.8, 12.8
35.8, 13
35.8, 13.2
35.8, 13.4
35.8, 13.6
35.8, 13.8
35.8, 14
35.8, 14.2
35.8, 14.4
35.8, 14.6
35.8, 14.8
35.8, 15
35.8, 15.2
35.8, 15.4
35.8, 15.6
35.8, 15.8
35.8, 16
35.8, 16.2
35.8, 16.4
35.8, 16.6
35.8, 16.8
35.8, 17
35.8, 17.2
35.8, 17.4
35.8, 17.6
35.8, 17.8
35.8, 18
35.8, 18.2
35.8, 18.4
35.8, 18.6
35.8, 18.8
35.8, 19
35.8, 19.2
35.8, 19.4
35.8, 19.6
35.8, 19.8
35.8, 20
35.8, 20.2
35.8, 20.4
35.8, 20.6
35.8, 20.8
35.8, 21
35.8, 21.2
35.8, 21.4
35.8, 21.6
35.8, 21.8
35.8, 22
35.8, 22.2
35.8, 22.4
35.8, 22.6
35.8, 22.8
35.8, 23
35.8, 23.2
35.8, 23.4
35.8, 23.6
35.8, 23.8
35.8, 24
35.8, 24.2
35.8, 24.4
35.8, 24.6
35.8, 24.8
35.8, 25
35.8, 25.2
35.8, 25.4
35.8, 25.6
35.8, 25.8
35.8, 26
35.8, 26.2
35.8, 26.4
35.8, 26.6
35.8, 26.8
35.8, 27
35.8, 27.2
35.8, 27.4
35.8, 27.6
35.8, 27.8
35.8, 28
35.8, 28.2
35.8, 28.4
35.8, 28.6
35.8, 28.8
35.8, 29
35.8, 29.2
35.8, 29.4
35.8, 29.6
35.8, 29.8
35.8, 30
35.8, 30.2
35.8, 30.4
35.8, 30.6
35.8, 30.8
35.8, 31
35.8, 31.2
35.8, 31.4
35.8, 31.6
35.8, 31.8
35.8, 32
35.8, 32.2
35.8, 32.4
35.8, 32.6
35.8, 32.8
35.8, 33
35.8, 33.2
35.8, 33.4
35.8, 33.6
35.8, 33.8
35.8, 34
35.8, 34.2
35.8, 34.4
35.8, 34.6
35.8, 34.8
35.8, 35
35.8, 35.2
35.8, 35.4
35.8, 35.6
35.8, 35.8
35.8, 36
35.8, 36.2
35.8, 36.4
35.8, 36.6
35.8, 36.8
35.8, 37
35.8, 37.2
35.8, 37.4
35.8, 37.6
35.8, 37.8
35.8, 38
35.8, 38.2
35.8, 38.4
35.8, 38.6
35.8, 38.8
35.8, 39
35.8, 39.2
35.8, 39.4
35.8, 39.6
35.8, 39.8
35.8, 40
35.8, 40.2
35.8, 40.4
35.8, 40.6
35.8, 40.8
35.8, 41
35.8, 41.2
35.8, 41.4
35.8, 41.6
35.8, 41.8
35.8, 42
35.8, 42.2
35.8, 42.4
35.8, 42.6
35.8, 42.8
35.8, 43
35.8, 43.2
35.8, 43.4
35.8, 43.6
35.8, 43.8
35.8, 44
35.8, 44.2
35.8, 44.4
35.8, 44.6
35.8, 44.8
35.8, 45
35.8, 45.2
35.8, 45.4
35.8, 45.6
35.8, 45.8
35.8, 46
35.8, 46.2
35.8, 46.4
35.8, 46.6
35.8, 46.8
35.8, 47
35.8, 47.2
35.8, 47.4
35.8, 47.6
35.8, 47.8
35.8, 48
35.8, 48.2
35.8, 48.4
35.8, 48.6
35.8, 48.8
35.8, 49
35.8, 49.2
35.8, 49.4
35.8, 49.6
35.8, 49.8
35.8, 50
36, 0.2
36, 0.4
36, 0.6
36, 0.8
36, 1
36, 1.2
36, 1.4
36, 1.6
36, 1.8
36, 2
36, 2.2
36, 2.4
36, 2.6
36, 2.8
36, 3
36, 3.2
36, 3.4
36, 3.6
36, 3.8
36, 4
36, 4.2
36, 4.4
36, 4.6
36, 4.8
36, 5
36, 5.2
36, 5.4
36, 5.6
36, 5.8
36, 6
36, 6.2
36, 6.4
36, 6.6
36, 6.8
36, 7
36, 7.2
36, 7.4
36, 7.6
36, 7.8
36, 8
36, 8.2
36, 8.4
36, 8.6
36, 8.8
36, 9
36, 9.2
36, 9.4
36, 9.6
36, 9.8
36, 10
36, 10.2
36, 10.4
36, 10.6
36, 10.8
36, 11
36, 11.2
36, 11.4
36, 11.6
36, 11.8
36, 12
36, 12.2
36, 12.4
36, 12.6
36, 12.8
36, 13
36, 13.2
36, 13.4
36, 13.6
36, 13.8
36, 14
36, 14.2
36, 14.4
36, 14.6
36, 14.8
36, 15
36, 15.2
36, 15.4
36, 15.6
36, 15.8
36, 16
36, 16.2
36, 16.4
36, 16.6
36, 16.8
36, 17
36, 17.2
36, 17.4
36, 17.6
36, 17.8
36, 18
36, 18.2
36, 18.4
36, 18.6
36, 18.8
36, 19
36, 19.2
36, 19.4
36, 19.6
36, 19.8
36, 20
36, 20.2
36, 20.4
36, 20.6
36, 20.8
36, 21
36, 21.2
36, 21.4
36, 21.6
36, 21.8
36, 22
36, 22.2
36, 22.4
36, 22.6
36, 22.8
36, 23
36, 23.2
36, 23.4
36, 23.6
36, 23.8
36, 24
36, 24.2
36, 24.4
36, 24.6
36, 24.8
36, 25
36, 25.2
36, 25.4
36, 25.6
36, 25.8
36, 26
36, 26.2
36, 26.4
36, 26.6
36, 26.8
36, 27
36, 27.2
36, 27.4
36, 27.6
36, 27.8
36, 28
36, 28.2
36, 28.4
36, 28.6
36, 28.8
36, 29
36, 29.2
36, 29.4
36, 29.6
36, 29.8
36, 30
36, 30.2
36, 30.4
36, 30.6
36, 30.8
36, 31
36, 31.2
36, 31.4
36, 31.6
36, 31.8
36, 32
36, 32.2
36, 32.4
36, 32.6
36, 32.8
36, 33
36, 33.2
36, 33.4
36, 33.6
36, 33.8
36, 34
36, 34.2
36, 34.4
36, 34.6
36, 34.8
36, 35
36, 35.2
36, 35.4
36, 35.6
36, 35.8
36, 36
36, 36.2
36, 36.4
36, 36.6
36, 36.8
36, 37
36, 37.2
36, 37.4
36, 37.6
36, 37.8
36, 38
36, 38.2
36, 38.4
36, 38.6
36, 38.8
36, 39
36, 39.2
36, 39.4
36, 39.6
36, 39.8
36, 40
36, 40.2
36, 40.4
36, 40.6
36, 40.8
36, 41
36, 41.2
36, 41.4
36, 41.6
36, 41.8
36, 42
36, 42.2
36, 42.4
36, 42.6
36, 42.8
36, 43
36, 43.2
36, 43.4
36, 43.6
36, 43.8
36, 44
36, 44.2
36, 44.4
36, 44.6
36, 44.8
36, 45
36, 45.2
36, 45.4
36, 45.6
36, 45.8
36, 46
36, 46.2
36, 46.4
36, 46.6
36, 46.8
36, 47
36, 47.2
36, 47.4
36, 47.6
36, 47.8
36, 48
36, 48.2
36, 48.4
36, 48.6
36, 48.8
36, 49
36, 49.2
36, 49.4
36, 49.6
36, 49.8
36, 50
36.2, 0.2
36.2, 0.4
36.2, 0.6
36.2, 0.8
36.2, 1
36.2, 1.2
36.2, 1.4
36.2, 1.6
36.2, 1.8
36.2, 2
36.2, 2.2
36.2, 2.4
36.2, 2.6
36.2, 2.8
36.2, 3
36.2, 3.2
36.2, 3.4
36.2, 3.6
36.2, 3.8
36.2, 4
36.2, 4.2
36.2, 4.4
36.2, 4.6
36.2, 4.8
36.2, 5
36.2, 5.2
36.2, 5.4
36.2, 5.6
36.2, 5.8
36.2, 6
36.2, 6.2
36.2, 6.4
36.2, 6.6
36.2, 6.8
36.2, 7
36.2, 7.2
36.2, 7.4
36.2, 7.6
36.2, 7.8
36.2, 8
36.2, 8.2
36.2, 8.4
36.2, 8.6
36.2, 8.8
36.2, 9
36.2, 9.2
36.2, 9.4
36.2, 9.6
36.2, 9.8
36.2, 10
36.2, 10.2
36.2, 10.4
36.2, 10.6
36.2, 10.8
36.2, 11
36.2, 11.2
36.2, 11.4
36.2, 11.6
36.2, 11.8
36.2, 12
36.2, 12.2
36.2, 12.4
36.2, 12.6
36.2, 12.8
36.2, 13
36.2, 13.2
36.2, 13.4
36.2, 13.6
36.2, 13.8
36.2, 14
36.2, 14.2
36.2, 14.4
36.2, 14.6
36.2, 14.8
36.2, 15
36.2, 15.2
36.2, 15.4
36.2, 15.6
36.2, 15.8
36.2, 16
36.2, 16.2
36.2, 16.4
36.2, 16.6
36.2, 16.8
36.2, 17
36.2, 17.2
36.2, 17.4
36.2, 17.6
36.2, 17.8
36.2, 18
36.2, 18.2
36.2, 18.4
36.2, 18.6
36.2, 18.8
36.2, 19
36.2, 19.2
36.2, 19.4
36.2, 19.6
36.2, 19.8
36.2, 20
36.2, 20.2
36.2, 20.4
36.2, 20.6
36.2, 20.8
36.2, 21
36.2, 21.2
36.2, 21.4
36.2, 21.6
36.2, 21.8
36.2, 22
36.2, 22.2
36.2, 22.4
36.2, 22.6
36.2, 22.8
36.2, 23
36.2, 23.2
36.2, 23.4
36.2, 23.6
36.2, 23.8
36.2, 24
36.2, 24.2
36.2, 24.4
36.2, 24.6
36.2, 24.8
36.2, 25
36.2, 25.2
36.2, 25.4
36.2, 25.6
36.2, 25.8
36.2, 26
36.2, 26.2
36.2, 26.4
36.2, 26.6
36.2, 26.8
36.2, 27
36.2, 27.2
36.2, 27.4
36.2, 27.6
36.2, 27.8
36.2, 28
36.2, 28.2
36.2, 28.4
36.2, 28.6
36.2, 28.8
36.2, 29
36.2, 29.2
36.2, 29.4
36.2, 29.6
36.2, 29.8
36.2, 30
36.2, 30.2
36.2, 30.4
36.2, 30.6
36.2, 30.8
36.2, 31
36.2, 31.2
36.2, 31.4
36.2, 31.6
36.2, 31.8
36.2, 32
36.2, 32.2
36.2, 32.4
36.2, 32.6
36.2, 32.8
36.2, 33
36.2, 33.2
36.2, 33.4
36.2, 33.6
36.2, 33.8
36.2, 34
36.2, 34.2
36.2, 34.4
36.2, 34.6
36.2, 34.8
36.2, 35
36.2, 35.2
36.2, 35.4
36.2, 35.6
36.2, 35.8
36.2, 36
36.2, 36.2
36.2, 36.4
36.2, 36.6
36.2, 36.8
36.2, 37
36.2, 37.2
36.2, 37.4
36.2, 37.6
36.2, 37.8
36.2, 38
36.2, 38.2
36.2, 38.4
36.2, 38.6
36.2, 38.8
36.2, 39
36.2, 39.2
36.2, 39.4
36.2, 39.6
36.2, 39.8
36.2, 40
36.2, 40.2
36.2, 40.4
36.2, 40.6
36.2, 40.8
36.2, 41
36.2, 41.2
36.2, 41.4
36.2, 41.6
36.2, 41.8
36.2, 42
36.2, 42.2
36.2, 42.4
36.2, 42.6
36.2, 42.8
36.2, 43
36.2, 43.2
36.2, 43.4
36.2, 43.6
36.2, 43.8
36.2, 44
36.2, 44.2
36.2, 44.4
36.2, 44.6
36.2, 44.8
36.2, 45
36.2, 45.2
36.2, 45.4
36.2, 45.6
36.2, 45.8
36.2, 46
36.2, 46.2
36.2, 46.4
36.2, 46.6
36.2, 46.8
36.2, 47
36.2, 47.2
36.2, 47.4
36.2, 47.6
36.2, 47.8
36.2, 48
36.2, 48.2
36.2, 48.4
36.2, 48.6
36.2, 48.8
36.2, 49
36.2, 49.2
36.2, 49.4
36.2, 49.6
36.2, 49.8
36.2, 50
36.4, 0.2
36.4, 0.4
36.4, 0.6
36.4, 0.8
36.4, 1
36.4, 1.2
36.4, 1.4
36.4, 1.6
36.4, 1.8
36.4, 2
36.4, 2.2
36.4, 2.4
36.4, 2.6
36.4, 2.8
36.4, 3
36.4, 3.2
36.4, 3.4
36.4, 3.6
36.4, 3.8
36.4, 4
36.4, 4.2
36.4, 4.4
36.4, 4.6
36.4, 4.8
36.4, 5
36.4, 5.2
36.4, 5.4
36.4, 5.6
36.4, 5.8
36.4, 6
36.4, 6.2
36.4, 6.4
36.4, 6.6
36.4, 6.8
36.4, 7
36.4, 7.2
36.4, 7.4
36.4, 7.6
36.4, 7.8
36.4, 8
36.4, 8.2
36.4, 8.4
36.4, 8.6
36.4, 8.8
36.4, 9
36.4, 9.2
36.4, 9.4
36.4, 9.6
36.4, 9.8
36.4, 10
36.4, 10.2
36.4, 10.4
36.4, 10.6
36.4, 10.8
36.4, 11
36.4, 11.2
36.4, 11.4
36.4, 11.6
36.4, 11.8
36.4, 12
36.4, 12.2
36.4, 12.4
36.4, 12.6
36.4, 12.8
36.4, 13
36.4, 13.2
36.4, 13.4
36.4, 13.6
36.4, 13.8
36.4, 14
36.4, 14.2
36.4, 14.4
36.4, 14.6
36.4, 14.8
36.4, 15
36.4, 15.2
36.4, 15.4
36.4, 15.6
36.4, 15.8
36.4, 16
36.4, 16.2
36.4, 16.4
36.4, 16.6
36.4, 16.8
36.4, 17
36.4, 17.2
36.4, 17.4
36.4, 17.6
36.4, 17.8
36.4, 18
36.4, 18.2
36.4, 18.4
36.4, 18.6
36.4, 18.8
36.4, 19
36.4, 19.2
36.4, 19.4
36.4, 19.6
36.4, 19.8
36.4, 20
36.4, 20.2
36.4, 20.4
36.4, 20.6
36.4, 20.8
36.4, 21
36.4, 21.2
36.4, 21.4
36.4, 21.6
36.4, 21.8
36.4, 22
36.4, 22.2
36.4, 22.4
36.4, 22.6
36.4, 22.8
36.4, 23
36.4, 23.2
36.4, 23.4
36.4, 23.6
36.4, 23.8
36.4, 24
36.4, 24.2
36.4, 24.4
36.4, 24.6
36.4, 24.8
36.4, 25
36.4, 25.2
36.4, 25.4
36.4, 25.6
36.4, 25.8
36.4, 26
36.4, 26.2
36.4, 26.4
36.4, 26.6
36.4, 26.8
36.4, 27
36.4, 27.2
36.4, 27.4
36.4, 27.6
36.4, 27.8
36.4, 28
36.4, 28.2
36.4, 28.4
36.4, 28.6
36.4, 28.8
36.4, 29
36.4, 29.2
36.4, 29.4
36.4, 29.6
36.4, 29.8
36.4, 30
36.4, 30.2
36.4, 30.4
36.4, 30.6
36.4, 30.8
36.4, 31
36.4, 31.2
36.4, 31.4
36.4, 31.6
36.4, 31.8
36.4, 32
36.4, 32.2
36.4, 32.4
36.4, 32.6
36.4, 32.8
36.4, 33
36.4, 33.2
36.4, 33.4
36.4, 33.6
36.4, 33.8
36.4, 34
36.4, 34.2
36.4, 34.4
36.4, 34.6
36.4, 34.8
36.4, 35
36.4, 35.2
36.4, 35.4
36.4, 35.6
36.4, 35.8
36.4, 36
36.4, 36.2
36.4, 36.4
36.4, 36.6
36.4, 36.8
36.4, 37
36.4, 37.2
36.4, 37.4
36.4, 37.6
36.4, 37.8
36.4, 38
36.4, 38.2
36.4, 38.4
36.4, 38.6
36.4, 38.8
36.4, 39
36.4, 39.2
36.4, 39.4
36.4, 39.6
36.4, 39.8
36.4, 40
36.4, 40.2
36.4, 40.4
36.4, 40.6
36.4, 40.8
36.4, 41
36.4, 41.2
36.4, 41.4
36.4, 41.6
36.4, 41.8
36.4, 42
36.4, 42.2
36.4, 42.4
36.4, 42.6
36.4, 42.8
36.4, 43
36.4, 43.2
36.4, 43.4
36.4, 43.6
36.4, 43.8
36.4, 44
36.4, 44.2
36.4, 44.4
36.4, 44.6
36.4, 44.8
36.4, 45
36.4, 45.2
36.4, 45.4
36.4, 45.6
36.4, 45.8
36.4, 46
36.4, 46.2
36.4, 46.4
36.4, 46.6
36.4, 46.8
36.4, 47
36.4, 47.2
36.4, 47.4
36.4, 47.6
36.4, 47.8
36.4, 48
36.4, 48.2
36.4, 48.4
36.4, 48.6
36.4, 48.8
36.4, 49
36.4, 49.2
36.4, 49.4
36.4, 49.6
36.4, 49.8
36.4, 50
36.6, 0.2
36.6, 0.4
36.6, 0.6
36.6, 0.8
36.6, 1
36.6, 1.2
36.6, 1.4
36.6, 1.6
36.6, 1.8
36.6, 2
36.6, 2.2
36.6, 2.4
36.6, 2.6
36.6, 2.8
36.6, 3
36.6, 3.2
36.6, 3.4
36.6, 3.6
36.6, 3.8
36.6, 4
36.6, 4.2
36.6, 4.4
36.6, 4.6
36.6, 4.8
36.6, 5
36.6, 5.2
36.6, 5.4
36.6, 5.6
36.6, 5.8
36.6, 6
36.6, 6.2
36.6, 6.4
36.6, 6.6
36.6, 6.8
36.6, 7
36.6, 7.2
36.6, 7.4
36.6, 7.6
36.6, 7.8
36.6, 8
36.6, 8.2
36.6, 8.4
36.6, 8.6
36.6, 8.8
36.6, 9
36.6, 9.2
36.6, 9.4
36.6, 9.6
36.6, 9.8
36.6, 10
36.6, 10.2
36.6, 10.4
36.6, 10.6
36.6, 10.8
36.6, 11
36.6, 11.2
36.6, 11.4
36.6, 11.6
36.6, 11.8
36.6, 12
36.6, 12.2
36.6, 12.4
36.6, 12.6
36.6, 12.8
36.6, 13
36.6, 13.2
36.6, 13.4
36.6, 13.6
36.6, 13.8
36.6, 14
36.6, 14.2
36.6, 14.4
36.6, 14.6
36.6, 14.8
36.6, 15
36.6, 15.2
36.6, 15.4
36.6, 15.6
36.6, 15.8
36.6, 16
36.6, 16.2
36.6, 16.4
36.6, 16.6
36.6, 16.8
36.6, 17
36.6, 17.2
36.6, 17.4
36.6, 17.6
36.6, 17.8
36.6, 18
36.6, 18.2
36.6, 18.4
36.6, 18.6
36.6, 18.8
36.6, 19
36.6, 19.2
36.6, 19.4
36.6, 19.6
36.6, 19.8
36.6, 20
36.6, 20.2
36.6, 20.4
36.6, 20.6
36.6, 20.8
36.6, 21
36.6, 21.2
36.6, 21.4
36.6, 21.6
36.6, 21.8
36.6, 22
36.6, 22.2
36.6, 22.4
36.6, 22.6
36.6, 22.8
36.6, 23
36.6, 23.2
36.6, 23.4
36.6, 23.6
36.6, 23.8
36.6, 24
36.6, 24.2
36.6, 24.4
36.6, 24.6
36.6, 24.8
36.6, 25
36.6, 25.2
36.6, 25.4
36.6, 25.6
36.6, 25.8
36.6, 26
36.6, 26.2
36.6, 26.4
36.6, 26.6
36.6, 26.8
36.6, 27
36.6, 27.2
36.6, 27.4
36.6, 27.6
36.6, 27.8
36.6, 28
36.6, 28.2
36.6, 28.4
36.6, 28.6
36.6, 28.8
36.6, 29
36.6, 29.2
36.6, 29.4
36.6, 29.6
36.6, 29.8
36.6, 30
36.6, 30.2
36.6, 30.4
36.6, 30.6
36.6, 30.8
36.6, 31
36.6, 31.2
36.6, 31.4
36.6, 31.6
36.6, 31.8
36.6, 32
36.6, 32.2
36.6, 32.4
36.6, 32.6
36.6, 32.8
36.6, 33
36.6, 33.2
36.6, 33.4
36.6, 33.6
36.6, 33.8
36.6, 34
36.6, 34.2
36.6, 34.4
36.6, 34.6
36.6, 34.8
36.6, 35
36.6, 35.2
36.6, 35.4
36.6, 35.6
36.6, 35.8
36.6, 36
36.6, 36.2
36.6, 36.4
36.6, 36.6
36.6, 36.8
36.6, 37
36.6, 37.2
36.6, 37.4
36.6, 37.6
36.6, 37.8
36.6, 38
36.6, 38.2
36.6, 38.4
36.6, 38.6
36.6, 38.8
36.6, 39
36.6, 39.2
36.6, 39.4
36.6, 39.6
36.6, 39.8
36.6, 40
36.6, 40.2
36.6, 40.4
36.6, 40.6
36.6, 40.8
36.6, 41
36.6, 41.2
36.6, 41.4
36.6, 41.6
36.6, 41.8
36.6, 42
36.6, 42.2
36.6, 42.4
36.6, 42.6
36.6, 42.8
36.6, 43
36.6, 43.2
36.6, 43.4
36.6, 43.6
36.6, 43.8
36.6, 44
36.6, 44.2
36.6, 44.4
36.6, 44.6
36.6, 44.8
36.6, 45
36.6, 45.2
36.6, 45.4
36.6, 45.6
36.6, 45.8
36.6, 46
36.6, 46.2
36.6, 46.4
36.6, 46.6
36.6, 46.8
36.6, 47
36.6, 47.2
36.6, 47.4
36.6, 47.6
36.6, 47.8
36.6, 48
36.6, 48.2
36.6, 48.4
36.6, 48.6
36.6, 48.8
36.6, 49
36.6, 49.2
36.6, 49.4
36.6, 49.6
36.6, 49.8
36.6, 50
36.8, 0.2
36.8, 0.4
36.8, 0.6
36.8, 0.8
36.8, 1
36.8, 1.2
36.8, 1.4
36.8, 1.6
36.8, 1.8
36.8, 2
36.8, 2.2
36.8, 2.4
36.8, 2.6
36.8, 2.8
36.8, 3
36.8, 3.2
36.8, 3.4
36.8, 3.6
36.8, 3.8
36.8, 4
36.8, 4.2
36.8, 4.4
36.8, 4.6
36.8, 4.8
36.8, 5
36.8, 5.2
36.8, 5.4
36.8, 5.6
36.8, 5.8
36.8, 6
36.8, 6.2
36.8, 6.4
36.8, 6.6
36.8, 6.8
36.8, 7
36.8, 7.2
36.8, 7.4
36.8, 7.6
36.8, 7.8
36.8, 8
36.8, 8.2
36.8, 8.4
36.8, 8.6
36.8, 8.8
36.8, 9
36.8, 9.2
36.8, 9.4
36.8, 9.6
36.8, 9.8
36.8, 10
36.8, 10.2
36.8, 10.4
36.8, 10.6
36.8, 10.8
36.8, 11
36.8, 11.2
36.8, 11.4
36.8, 11.6
36.8, 11.8
36.8, 12
36.8, 12.2
36.8, 12.4
36.8, 12.6
36.8, 12.8
36.8, 13
36.8, 13.2
36.8, 13.4
36.8, 13.6
36.8, 13.8
36.8, 14
36.8, 14.2
36.8, 14.4
36.8, 14.6
36.8, 14.8
36.8, 15
36.8, 15.2
36.8, 15.4
36.8, 15.6
36.8, 15.8
36.8, 16
36.8, 16.2
36.8, 16.4
36.8, 16.6
36.8, 16.8
36.8, 17
36.8, 17.2
36.8, 17.4
36.8, 17.6
36.8, 17.8
36.8, 18
36.8, 18.2
36.8, 18.4
36.8, 18.6
36.8, 18.8
36.8, 19
36.8, 19.2
36.8, 19.4
36.8, 19.6
36.8, 19.8
36.8, 20
36.8, 20.2
36.8, 20.4
36.8, 20.6
36.8, 20.8
36.8, 21
36.8, 21.2
36.8, 21.4
36.8, 21.6
36.8, 21.8
36.8, 22
36.8, 22.2
36.8, 22.4
36.8, 22.6
36.8, 22.8
36.8, 23
36.8, 23.2
36.8, 23.4
36.8, 23.6
36.8, 23.8
36.8, 24
36.8, 24.2
36.8, 24.4
36.8, 24.6
36.8, 24.8
36.8, 25
36.8, 25.2
36.8, 25.4
36.8, 25.6
36.8, 25.8
36.8, 26
36.8, 26.2
36.8, 26.4
36.8, 26.6
36.8, 26.8
36.8, 27
36.8, 27.2
36.8, 27.4
36.8, 27.6
36.8, 27.8
36.8, 28
36.8, 28.2
36.8, 28.4
36.8, 28.6
36.8, 28.8
36.8, 29
36.8, 29.2
36.8, 29.4
36.8, 29.6
36.8, 29.8
36.8, 30
36.8, 30.2
36.8, 30.4
36.8, 30.6
36.8, 30.8
36.8, 31
36.8, 31.2
36.8, 31.4
36.8, 31.6
36.8, 31.8
36.8, 32
36.8, 32.2
36.8, 32.4
36.8, 32.6
36.8, 32.8
36.8, 33
36.8, 33.2
36.8, 33.4
36.8, 33.6
36.8, 33.8
36.8, 34
36.8, 34.2
36.8, 34.4
36.8, 34.6
36.8, 34.8
36.8, 35
36.8, 35.2
36.8, 35.4
36.8, 35.6
36.8, 35.8
36.8, 36
36.8, 36.2
36.8, 36.4
36.8, 36.6
36.8, 36.8
36.8, 37
36.8, 37.2
36.8, 37.4
36.8, 37.6
36.8, 37.8
36.8, 38
36.8, 38.2
36.8, 38.4
36.8, 38.6
36.8, 38.8
36.8, 39
36.8, 39.2
36.8, 39.4
36.8, 39.6
36.8, 39.8
36.8, 40
36.8, 40.2
36.8, 40.4
36.8, 40.6
36.8, 40.8
36.8, 41
36.8, 41.2
36.8, 41.4
36.8, 41.6
36.8, 41.8
36.8, 42
36.8, 42.2
36.8, 42.4
36.8, 42.6
36.8, 42.8
36.8, 43
36.8, 43.2
36.8, 43.4
36.8, 43.6
36.8, 43.8
36.8, 44
36.8, 44.2
36.8, 44.4
36.8, 44.6
36.8, 44.8
36.8, 45
36.8, 45.2
36.8, 45.4
36.8, 45.6
36.8, 45.8
36.8, 46
36.8, 46.2
36.8, 46.4
36.8, 46.6
36.8, 46.8
36.8, 47
36.8, 47.2
36.8, 47.4
36.8, 47.6
36.8, 47.8
36.8, 48
36.8, 48.2
36.8, 48.4
36.8, 48.6
36.8, 48.8
36.8, 49
36.8, 49.2
36.8, 49.4
36.8, 49.6
36.8, 49.8
36.8, 50
37, 0.2
37, 0.4
37, 0.6
37, 0.8
37, 1
37, 1.2
37, 1.4
37, 1.6
37, 1.8
37, 2
37, 2.2
37, 2.4
37, 2.6
37, 2.8
37, 3
37, 3.2
37, 3.4
37, 3.6
37, 3.8
37, 4
37, 4.2
37, 4.4
37, 4.6
37, 4.8
37, 5
37, 5.2
37, 5.4
37, 5.6
37, 5.8
37, 6
37, 6.2
37, 6.4
37, 6.6
37, 6.8
37, 7
37, 7.2
37, 7.4
37, 7.6
37, 7.8
37, 8
37, 8.2
37, 8.4
37, 8.6
37, 8.8
37, 9
37, 9.2
37, 9.4
37, 9.6
37, 9.8
37, 10
37, 10.2
37, 10.4
37, 10.6
37, 10.8
37, 11
37, 11.2
37, 11.4
37, 11.6
37, 11.8
37, 12
37, 12.2
37, 12.4
37, 12.6
37, 12.8
37, 13
37, 13.2
37, 13.4
37, 13.6
37, 13.8
37, 14
37, 14.2
37, 14.4
37, 14.6
37, 14.8
37, 15
37, 15.2
37, 15.4
37, 15.6
37, 15.8
37, 16
37, 16.2
37, 16.4
37, 16.6
37, 16.8
37, 17
37, 17.2
37, 17.4
37, 17.6
37, 17.8
37, 18
37, 18.2
37, 18.4
37, 18.6
37, 18.8
37, 19
37, 19.2
37, 19.4
37, 19.6
37, 19.8
37, 20
37, 20.2
37, 20.4
37, 20.6
37, 20.8
37, 21
37, 21.2
37, 21.4
37, 21.6
37, 21.8
37, 22
37, 22.2
37, 22.4
37, 22.6
37, 22.8
37, 23
37, 23.2
37, 23.4
37, 23.6
37, 23.8
37, 24
37, 24.2
37, 24.4
37, 24.6
37, 24.8
37, 25
37, 25.2
37, 25.4
37, 25.6
37, 25.8
37, 26
37, 26.2
37, 26.4
37, 26.6
37, 26.8
37, 27
37, 27.2
37, 27.4
37, 27.6
37, 27.8
37, 28
37, 28.2
37, 28.4
37, 28.6
37, 28.8
37, 29
37, 29.2
37, 29.4
37, 29.6
37, 29.8
37, 30
37, 30.2
37, 30.4
37, 30.6
37, 30.8
37, 31
37, 31.2
37, 31.4
37, 31.6
37, 31.8
37, 32
37, 32.2
37, 32.4
37, 32.6
37, 32.8
37, 33
37, 33.2
37, 33.4
37, 33.6
37, 33.8
37, 34
37, 34.2
37, 34.4
37, 34.6
37, 34.8
37, 35
37, 35.2
37, 35.4
37, 35.6
37, 35.8
37, 36
37, 36.2
37, 36.4
37, 36.6
37, 36.8
37, 37
37, 37.2
37, 37.4
37, 37.6
37, 37.8
37, 38
37, 38.2
37, 38.4
37, 38.6
37, 38.8
37, 39
37, 39.2
37, 39.4
37, 39.6
37, 39.8
37, 40
37, 40.2
37, 40.4
37, 40.6
37, 40.8
37, 41
37, 41.2
37, 41.4
37, 41.6
37, 41.8
37, 42
37, 42.2
37, 42.4
37, 42.6
37, 42.8
37, 43
37, 43.2
37, 43.4
37, 43.6
37, 43.8
37, 44
37, 44.2
37, 44.4
37, 44.6
37, 44.8
37, 45
37, 45.2
37, 45.4
37, 45.6
37, 45.8
37, 46
37, 46.2
37, 46.4
37, 46.6
37, 46.8
37, 47
37, 47.2
37, 47.4
37, 47.6
37, 47.8
37, 48
37, 48.2
37, 48.4
37, 48.6
37, 48.8
37, 49
37, 49.2
37, 49.4
37, 49.6
37, 49.8
37, 50
37.2, 0.2
37.2, 0.4
37.2, 0.6
37.2, 0.8
37.2, 1
37.2, 1.2
37.2, 1.4
37.2, 1.6
37.2, 1.8
37.2, 2
37.2, 2.2
37.2, 2.4
37.2, 2.6
37.2, 2.8
37.2, 3
37.2, 3.2
37.2, 3.4
37.2, 3.6
37.2, 3.8
37.2, 4
37.2, 4.2
37.2, 4.4
37.2, 4.6
37.2, 4.8
37.2, 5
37.2, 5.2
37.2, 5.4
37.2, 5.6
37.2, 5.8
37.2, 6
37.2, 6.2
37.2, 6.4
37.2, 6.6
37.2, 6.8
37.2, 7
37.2, 7.2
37.2, 7.4
37.2, 7.6
37.2, 7.8
37.2, 8
37.2, 8.2
37.2, 8.4
37.2, 8.6
37.2, 8.8
37.2, 9
37.2, 9.2
37.2, 9.4
37.2, 9.6
37.2, 9.8
37.2, 10
37.2, 10.2
37.2, 10.4
37.2, 10.6
37.2, 10.8
37.2, 11
37.2, 11.2
37.2, 11.4
37.2, 11.6
37.2, 11.8
37.2, 12
37.2, 12.2
37.2, 12.4
37.2, 12.6
37.2, 12.8
37.2, 13
37.2, 13.2
37.2, 13.4
37.2, 13.6
37.2, 13.8
37.2, 14
37.2, 14.2
37.2, 14.4
37.2, 14.6
37.2, 14.8
37.2, 15
37.2, 15.2
37.2, 15.4
37.2, 15.6
37.2, 15.8
37.2, 16
37.2, 16.2
37.2, 16.4
37.2, 16.6
37.2, 16.8
37.2, 17
37.2, 17.2
37.2, 17.4
37.2, 17.6
37.2, 17.8
37.2, 18
37.2, 18.2
37.2, 18.4
37.2, 18.6
37.2, 18.8
37.2, 19
37.2, 19.2
37.2, 19.4
37.2, 19.6
37.2, 19.8
37.2, 20
37.2, 20.2
37.2, 20.4
37.2, 20.6
37.2, 20.8
37.2, 21
37.2, 21.2
37.2, 21.4
37.2, 21.6
37.2, 21.8
37.2, 22
37.2, 22.2
37.2, 22.4
37.2, 22.6
37.2, 22.8
37.2, 23
37.2, 23.2
37.2, 23.4
37.2, 23.6
37.2, 23.8
37.2, 24
37.2, 24.2
37.2, 24.4
37.2, 24.6
37.2, 24.8
37.2, 25
37.2, 25.2
37.2, 25.4
37.2, 25.6
37.2, 25.8
37.2, 26
37.2, 26.2
37.2, 26.4
37.2, 26.6
37.2, 26.8
37.2, 27
37.2, 27.2
37.2, 27.4
37.2, 27.6
37.2, 27.8
37.2, 28
37.2, 28.2
37.2, 28.4
37.2, 28.6
37.2, 28.8
37.2, 29
37.2, 29.2
37.2, 29.4
37.2, 29.6
37.2, 29.8
37.2, 30
37.2, 30.2
37.2, 30.4
37.2, 30.6
37.2, 30.8
37.2, 31
37.2, 31.2
37.2, 31.4
37.2, 31.6
37.2, 31.8
37.2, 32
37.2, 32.2
37.2, 32.4
37.2, 32.6
37.2, 32.8
37.2, 33
37.2, 33.2
37.2, 33.4
37.2, 33.6
37.2, 33.8
37.2, 34
37.2, 34.2
37.2, 34.4
37.2, 34.6
37.2, 34.8
37.2, 35
37.2, 35.2
37.2, 35.4
37.2, 35.6
37.2, 35.8
37.2, 36
37.2, 36.2
37.2, 36.4
37.2, 36.6
37.2, 36.8
37.2, 37
37.2, 37.2
37.2, 37.4
37.2, 37.6
37.2, 37.8
37.2, 38
37.2, 38.2
37.2, 38.4
37.2, 38.6
37.2, 38.8
37.2, 39
37.2, 39.2
37.2, 39.4
37.2, 39.6
37.2, 39.8
37.2, 40
37.2, 40.2
37.2, 40.4
37.2, 40.6
37.2, 40.8
37.2, 41
37.2, 41.2
37.2, 41.4
37.2, 41.6
37.2, 41.8
37.2, 42
37.2, 42.2
37.2, 42.4
37.2, 42.6
37.2, 42.8
37.2, 43
37.2, 43.2
37.2, 43.4
37.2, 43.6
37.2, 43.8
37.2, 44
37.2, 44.2
37.2, 44.4
37.2, 44.6
37.2, 44.8
37.2, 45
37.2, 45.2
37.2, 45.4
37.2, 45.6
37.2, 45.8
37.2, 46
37.2, 46.2
37.2, 46.4
37.2, 46.6
37.2, 46.8
37.2, 47
37.2, 47.2
37.2, 47.4
37.2, 47.6
37.2, 47.8
37.2, 48
37.2, 48.2
37.2, 48.4
37.2, 48.6
37.2, 48.8
37.2, 49
37.2, 49.2
37.2, 49.4
37.2, 49.6
37.2, 49.8
37.2, 50
37.4, 0.2
37.4, 0.4
37.4, 0.6
37.4, 0.8
37.4, 1
37.4, 1.2
37.4, 1.4
37.4, 1.6
37.4, 1.8
37.4, 2
37.4, 2.2
37.4, 2.4
37.4, 2.6
37.4, 2.8
37.4, 3
37.4, 3.2
37.4, 3.4
37.4, 3.6
37.4, 3.8
37.4, 4
37.4, 4.2
37.4, 4.4
37.4, 4.6
37.4, 4.8
37.4, 5
37.4, 5.2
37.4, 5.4
37.4, 5.6
37.4, 5.8
37.4, 6
37.4, 6.2
37.4, 6.4
37.4, 6.6
37.4, 6.8
37.4, 7
37.4, 7.2
37.4, 7.4
37.4, 7.6
37.4, 7.8
37.4, 8
37.4, 8.2
37.4, 8.4
37.4, 8.6
37.4, 8.8
37.4, 9
37.4, 9.2
37.4, 9.4
37.4, 9.6
37.4, 9.8
37.4, 10
37.4, 10.2
37.4, 10.4
37.4, 10.6
37.4, 10.8
37.4, 11
37.4, 11.2
37.4, 11.4
37.4, 11.6
37.4, 11.8
37.4, 12
37.4, 12.2
37.4, 12.4
37.4, 12.6
37.4, 12.8
37.4, 13
37.4, 13.2
37.4, 13.4
37.4, 13.6
37.4, 13.8
37.4, 14
37.4, 14.2
37.4, 14.4
37.4, 14.6
37.4, 14.8
37.4, 15
37.4, 15.2
37.4, 15.4
37.4, 15.6
37.4, 15.8
37.4, 16
37.4, 16.2
37.4, 16.4
37.4, 16.6
37.4, 16.8
37.4, 17
37.4, 17.2
37.4, 17.4
37.4, 17.6
37.4, 17.8
37.4, 18
37.4, 18.2
37.4, 18.4
37.4, 18.6
37.4, 18.8
37.4, 19
37.4, 19.2
37.4, 19.4
37.4, 19.6
37.4, 19.8
37.4, 20
37.4, 20.2
37.4, 20.4
37.4, 20.6
37.4, 20.8
37.4, 21
37.4, 21.2
37.4, 21.4
37.4, 21.6
37.4, 21.8
37.4, 22
37.4, 22.2
37.4, 22.4
37.4, 22.6
37.4, 22.8
37.4, 23
37.4, 23.2
37.4, 23.4
37.4, 23.6
37.4, 23.8
37.4, 24
37.4, 24.2
37.4, 24.4
37.4, 24.6
37.4, 24.8
37.4, 25
37.4, 25.2
37.4, 25.4
37.4, 25.6
37.4, 25.8
37.4, 26
37.4, 26.2
37.4, 26.4
37.4, 26.6
37.4, 26.8
37.4, 27
37.4, 27.2
37.4, 27.4
37.4, 27.6
37.4, 27.8
37.4, 28
37.4, 28.2
37.4, 28.4
37.4, 28.6
37.4, 28.8
37.4, 29
37.4, 29.2
37.4, 29.4
37.4, 29.6
37.4, 29.8
37.4, 30
37.4, 30.2
37.4, 30.4
37.4, 30.6
37.4, 30.8
37.4, 31
37.4, 31.2
37.4, 31.4
37.4, 31.6
37.4, 31.8
37.4, 32
37.4, 32.2
37.4, 32.4
37.4, 32.6
37.4, 32.8
37.4, 33
37.4, 33.2
37.4, 33.4
37.4, 33.6
37.4, 33.8
37.4, 34
37.4, 34.2
37.4, 34.4
37.4, 34.6
37.4, 34.8
37.4, 35
37.4, 35.2
37.4, 35.4
37.4, 35.6
37.4, 35.8
37.4, 36
37.4, 36.2
37.4, 36.4
37.4, 36.6
37.4, 36.8
37.4, 37
37.4, 37.2
37.4, 37.4
37.4, 37.6
37.4, 37.8
37.4, 38
37.4, 38.2
37.4, 38.4
37.4, 38.6
37.4, 38.8
37.4, 39
37.4, 39.2
37.4, 39.4
37.4, 39.6
37.4, 39.8
37.4, 40
37.4, 40.2
37.4, 40.4
37.4, 40.6
37.4, 40.8
37.4, 41
37.4, 41.2
37.4, 41.4
37.4, 41.6
37.4, 41.8
37.4, 42
37.4, 42.2
37.4, 42.4
37.4, 42.6
37.4, 42.8
37.4, 43
37.4, 43.2
37.4, 43.4
37.4, 43.6
37.4, 43.8
37.4, 44
37.4, 44.2
37.4, 44.4
37.4, 44.6
37.4, 44.8
37.4, 45
37.4, 45.2
37.4, 45.4
37.4, 45.6
37.4, 45.8
37.4, 46
37.4, 46.2
37.4, 46.4
37.4, 46.6
37.4, 46.8
37.4, 47
37.4, 47.2
37.4, 47.4
37.4, 47.6
37.4, 47.8
37.4, 48
37.4, 48.2
37.4, 48.4
37.4, 48.6
37.4, 48.8
37.4, 49
37.4, 49.2
37.4, 49.4
37.4, 49.6
37.4, 49.8
37.4, 50
37.6, 0.2
37.6, 0.4
37.6, 0.6
37.6, 0.8
37.6, 1
37.6, 1.2
37.6, 1.4
37.6, 1.6
37.6, 1.8
37.6, 2
37.6, 2.2
37.6, 2.4
37.6, 2.6
37.6, 2.8
37.6, 3
37.6, 3.2
37.6, 3.4
37.6, 3.6
37.6, 3.8
37.6, 4
37.6, 4.2
37.6, 4.4
37.6, 4.6
37.6, 4.8
37.6, 5
37.6, 5.2
37.6, 5.4
37.6, 5.6
37.6, 5.8
37.6, 6
37.6, 6.2
37.6, 6.4
37.6, 6.6
37.6, 6.8
37.6, 7
37.6, 7.2
37.6, 7.4
37.6, 7.6
37.6, 7.8
37.6, 8
37.6, 8.2
37.6, 8.4
37.6, 8.6
37.6, 8.8
37.6, 9
37.6, 9.2
37.6, 9.4
37.6, 9.6
37.6, 9.8
37.6, 10
37.6, 10.2
37.6, 10.4
37.6, 10.6
37.6, 10.8
37.6, 11
37.6, 11.2
37.6, 11.4
37.6, 11.6
37.6, 11.8
37.6, 12
37.6, 12.2
37.6, 12.4
37.6, 12.6
37.6, 12.8
37.6, 13
37.6, 13.2
37.6, 13.4
37.6, 13.6
37.6, 13.8
37.6, 14
37.6, 14.2
37.6, 14.4
37.6, 14.6
37.6, 14.8
37.6, 15
37.6, 15.2
37.6, 15.4
37.6, 15.6
37.6, 15.8
37.6, 16
37.6, 16.2
37.6, 16.4
37.6, 16.6
37.6, 16.8
37.6, 17
37.6, 17.2
37.6, 17.4
37.6, 17.6
37.6, 17.8
37.6, 18
37.6, 18.2
37.6, 18.4
37.6, 18.6
37.6, 18.8
37.6, 19
37.6, 19.2
37.6, 19.4
37.6, 19.6
37.6, 19.8
37.6, 20
37.6, 20.2
37.6, 20.4
37.6, 20.6
37.6, 20.8
37.6, 21
37.6, 21.2
37.6, 21.4
37.6, 21.6
37.6, 21.8
37.6, 22
37.6, 22.2
37.6, 22.4
37.6, 22.6
37.6, 22.8
37.6, 23
37.6, 23.2
37.6, 23.4
37.6, 23.6
37.6, 23.8
37.6, 24
37.6, 24.2
37.6, 24.4
37.6, 24.6
37.6, 24.8
37.6, 25
37.6, 25.2
37.6, 25.4
37.6, 25.6
37.6, 25.8
37.6, 26
37.6, 26.2
37.6, 26.4
37.6, 26.6
37.6, 26.8
37.6, 27
37.6, 27.2
37.6, 27.4
37.6, 27.6
37.6, 27.8
37.6, 28
37.6, 28.2
37.6, 28.4
37.6, 28.6
37.6, 28.8
37.6, 29
37.6, 29.2
37.6, 29.4
37.6, 29.6
37.6, 29.8
37.6, 30
37.6, 30.2
37.6, 30.4
37.6, 30.6
37.6, 30.8
37.6, 31
37.6, 31.2
37.6, 31.4
37.6, 31.6
37.6, 31.8
37.6, 32
37.6, 32.2
37.6, 32.4
37.6, 32.6
37.6, 32.8
37.6, 33
37.6, 33.2
37.6, 33.4
37.6, 33.6
37.6, 33.8
37.6, 34
37.6, 34.2
37.6, 34.4
37.6, 34.6
37.6, 34.8
37.6, 35
37.6, 35.2
37.6, 35.4
37.6, 35.6
37.6, 35.8
37.6, 36
37.6, 36.2
37.6, 36.4
37.6, 36.6
37.6, 36.8
37.6, 37
37.6, 37.2
37.6, 37.4
37.6, 37.6
37.6, 37.8
37.6, 38
37.6, 38.2
37.6, 38.4
37.6, 38.6
37.6, 38.8
37.6, 39
37.6, 39.2
37.6, 39.4
37.6, 39.6
37.6, 39.8
37.6, 40
37.6, 40.2
37.6, 40.4
37.6, 40.6
37.6, 40.8
37.6, 41
37.6, 41.2
37.6, 41.4
37.6, 41.6
37.6, 41.8
37.6, 42
37.6, 42.2
37.6, 42.4
37.6, 42.6
37.6, 42.8
37.6, 43
37.6, 43.2
37.6, 43.4
37.6, 43.6
37.6, 43.8
37.6, 44
37.6, 44.2
37.6, 44.4
37.6, 44.6
37.6, 44.8
37.6, 45
37.6, 45.2
37.6, 45.4
37.6, 45.6
37.6, 45.8
37.6, 46
37.6, 46.2
37.6, 46.4
37.6, 46.6
37.6, 46.8
37.6, 47
37.6, 47.2
37.6, 47.4
37.6, 47.6
37.6, 47.8
37.6, 48
37.6, 48.2
37.6, 48.4
37.6, 48.6
37.6, 48.8
37.6, 49
37.6, 49.2
37.6, 49.4
37.6, 49.6
37.6, 49.8
37.6, 50
37.8, 0.2
37.8, 0.4
37.8, 0.6
37.8, 0.8
37.8, 1
37.8, 1.2
37.8, 1.4
37.8, 1.6
37.8, 1.8
37.8, 2
37.8, 2.2
37.8, 2.4
37.8, 2.6
37.8, 2.8
37.8, 3
37.8, 3.2
37.8, 3.4
37.8, 3.6
37.8, 3.8
37.8, 4
37.8, 4.2
37.8, 4.4
37.8, 4.6
37.8, 4.8
37.8, 5
37.8, 5.2
37.8, 5.4
37.8, 5.6
37.8, 5.8
37.8, 6
37.8, 6.2
37.8, 6.4
37.8, 6.6
37.8, 6.8
37.8, 7
37.8, 7.2
37.8, 7.4
37.8, 7.6
37.8, 7.8
37.8, 8
37.8, 8.2
37.8, 8.4
37.8, 8.6
37.8, 8.8
37.8, 9
37.8, 9.2
37.8, 9.4
37.8, 9.6
37.8, 9.8
37.8, 10
37.8, 10.2
37.8, 10.4
37.8, 10.6
37.8, 10.8
37.8, 11
37.8, 11.2
37.8, 11.4
37.8, 11.6
37.8, 11.8
37.8, 12
37.8, 12.2
37.8, 12.4
37.8, 12.6
37.8, 12.8
37.8, 13
37.8, 13.2
37.8, 13.4
37.8, 13.6
37.8, 13.8
37.8, 14
37.8, 14.2
37.8, 14.4
37.8, 14.6
37.8, 14.8
37.8, 15
37.8, 15.2
37.8, 15.4
37.8, 15.6
37.8, 15.8
37.8, 16
37.8, 16.2
37.8, 16.4
37.8, 16.6
37.8, 16.8
37.8, 17
37.8, 17.2
37.8, 17.4
37.8, 17.6
37.8, 17.8
37.8, 18
37.8, 18.2
37.8, 18.4
37.8, 18.6
37.8, 18.8
37.8, 19
37.8, 19.2
37.8, 19.4
37.8, 19.6
37.8, 19.8
37.8, 20
37.8, 20.2
37.8, 20.4
37.8, 20.6
37.8, 20.8
37.8, 21
37.8, 21.2
37.8, 21.4
37.8, 21.6
37.8, 21.8
37.8, 22
37.8, 22.2
37.8, 22.4
37.8, 22.6
37.8, 22.8
37.8, 23
37.8, 23.2
37.8, 23.4
37.8, 23.6
37.8, 23.8
37.8, 24
37.8, 24.2
37.8, 24.4
37.8, 24.6
37.8, 24.8
37.8, 25
37.8, 25.2
37.8, 25.4
37.8, 25.6
37.8, 25.8
37.8, 26
37.8, 26.2
37.8, 26.4
37.8, 26.6
37.8, 26.8
37.8, 27
37.8, 27.2
37.8, 27.4
37.8, 27.6
37.8, 27.8
37.8, 28
37.8, 28.2
37.8, 28.4
37.8, 28.6
37.8, 28.8
37.8, 29
37.8, 29.2
37.8, 29.4
37.8, 29.6
37.8, 29.8
37.8, 30
37.8, 30.2
37.8, 30.4
37.8, 30.6
37.8, 30.8
37.8, 31
37.8, 31.2
37.8, 31.4
37.8, 31.6
37.8, 31.8
37.8, 32
37.8, 32.2
37.8, 32.4
37.8, 32.6
37.8, 32.8
37.8, 33
37.8, 33.2
37.8, 33.4
37.8, 33.6
37.8, 33.8
37.8, 34
37.8, 34.2
37.8, 34.4
37.8, 34.6
37.8, 34.8
37.8, 35
37.8, 35.2
37.8, 35.4
37.8, 35.6
37.8, 35.8
37.8, 36
37.8, 36.2
37.8, 36.4
37.8, 36.6
37.8, 36.8
37.8, 37
37.8, 37.2
37.8, 37.4
37.8, 37.6
37.8, 37.8
37.8, 38
37.8, 38.2
37.8, 38.4
37.8, 38.6
37.8, 38.8
37.8, 39
37.8, 39.2
37.8, 39.4
37.8, 39.6
37.8, 39.8
37.8, 40
37.8, 40.2
37.8, 40.4
37.8, 40.6
37.8, 40.8
37.8, 41
37.8, 41.2
37.8, 41.4
37.8, 41.6
37.8, 41.8
37.8, 42
37.8, 42.2
37.8, 42.4
37.8, 42.6
37.8, 42.8
37.8, 43
37.8, 43.2
37.8, 43.4
37.8, 43.6
37.8, 43.8
37.8, 44
37.8, 44.2
37.8, 44.4
37.8, 44.6
37.8, 44.8
37.8, 45
37.8, 45.2
37.8, 45.4
37.8, 45.6
37.8, 45.8
37.8, 46
37.8, 46.2
37.8, 46.4
37.8, 46.6
37.8, 46.8
37.8, 47
37.8, 47.2
37.8, 47.4
37.8, 47.6
37.8, 47.8
37.8, 48
37.8, 48.2
37.8, 48.4
37.8, 48.6
37.8, 48.8
37.8, 49
37.8, 49.2
37.8, 49.4
37.8, 49.6
37.8, 49.8
37.8, 50
38, 0.2
38, 0.4
38, 0.6
38, 0.8
38, 1
38, 1.2
38, 1.4
38, 1.6
38, 1.8
38, 2
38, 2.2
38, 2.4
38, 2.6
38, 2.8
38, 3
38, 3.2
38, 3.4
38, 3.6
38, 3.8
38, 4
38, 4.2
38, 4.4
38, 4.6
38, 4.8
38, 5
38, 5.2
38, 5.4
38, 5.6
38, 5.8
38, 6
38, 6.2
38, 6.4
38, 6.6
38, 6.8
38, 7
38, 7.2
38, 7.4
38, 7.6
38, 7.8
38, 8
38, 8.2
38, 8.4
38, 8.6
38, 8.8
38, 9
38, 9.2
38, 9.4
38, 9.6
38, 9.8
38, 10
38, 10.2
38, 10.4
38, 10.6
38, 10.8
38, 11
38, 11.2
38, 11.4
38, 11.6
38, 11.8
38, 12
38, 12.2
38, 12.4
38, 12.6
38, 12.8
38, 13
38, 13.2
38, 13.4
38, 13.6
38, 13.8
38, 14
38, 14.2
38, 14.4
38, 14.6
38, 14.8
38, 15
38, 15.2
38, 15.4
38, 15.6
38, 15.8
38, 16
38, 16.2
38, 16.4
38, 16.6
38, 16.8
38, 17
38, 17.2
38, 17.4
38, 17.6
38, 17.8
38, 18
38, 18.2
38, 18.4
38, 18.6
38, 18.8
38, 19
38, 19.2
38, 19.4
38, 19.6
38, 19.8
38, 20
38, 20.2
38, 20.4
38, 20.6
38, 20.8
38, 21
38, 21.2
38, 21.4
38, 21.6
38, 21.8
38, 22
38, 22.2
38, 22.4
38, 22.6
38, 22.8
38, 23
38, 23.2
38, 23.4
38, 23.6
38, 23.8
38, 24
38, 24.2
38, 24.4
38, 24.6
38, 24.8
38, 25
38, 25.2
38, 25.4
38, 25.6
38, 25.8
38, 26
38, 26.2
38, 26.4
38, 26.6
38, 26.8
38, 27
38, 27.2
38, 27.4
38, 27.6
38, 27.8
38, 28
38, 28.2
38, 28.4
38, 28.6
38, 28.8
38, 29
38, 29.2
38, 29.4
38, 29.6
38, 29.8
38, 30
38, 30.2
38, 30.4
38, 30.6
38, 30.8
38, 31
38, 31.2
38, 31.4
38, 31.6
38, 31.8
38, 32
38, 32.2
38, 32.4
38, 32.6
38, 32.8
38, 33
38, 33.2
38, 33.4
38, 33.6
38, 33.8
38, 34
38, 34.2
38, 34.4
38, 34.6
38, 34.8
38, 35
38, 35.2
38, 35.4
38, 35.6
38, 35.8
38, 36
38, 36.2
38, 36.4
38, 36.6
38, 36.8
38, 37
38, 37.2
38, 37.4
38, 37.6
38, 37.8
38, 38
38, 38.2
38, 38.4
38, 38.6
38, 38.8
38, 39
38, 39.2
38, 39.4
38, 39.6
38, 39.8
38, 40
38, 40.2
38, 40.4
38, 40.6
38, 40.8
38, 41
38, 41.2
38, 41.4
38, 41.6
38, 41.8
38, 42
38, 42.2
38, 42.4
38, 42.6
38, 42.8
38, 43
38, 43.2
38, 43.4
38, 43.6
38, 43.8
38, 44
38, 44.2
38, 44.4
38, 44.6
38, 44.8
38, 45
38, 45.2
38, 45.4
38, 45.6
38, 45.8
38, 46
38, 46.2
38, 46.4
38, 46.6
38, 46.8
38, 47
38, 47.2
38, 47.4
38, 47.6
38, 47.8
38, 48
38, 48.2
38, 48.4
38, 48.6
38, 48.8
38, 49
38, 49.2
38, 49.4
38, 49.6
38, 49.8
38, 50
38.2, 0.2
38.2, 0.4
38.2, 0.6
38.2, 0.8
38.2, 1
38.2, 1.2
38.2, 1.4
38.2, 1.6
38.2, 1.8
38.2, 2
38.2, 2.2
38.2, 2.4
38.2, 2.6
38.2, 2.8
38.2, 3
38.2, 3.2
38.2, 3.4
38.2, 3.6
38.2, 3.8
38.2, 4
38.2, 4.2
38.2, 4.4
38.2, 4.6
38.2, 4.8
38.2, 5
38.2, 5.2
38.2, 5.4
38.2, 5.6
38.2, 5.8
38.2, 6
38.2, 6.2
38.2, 6.4
38.2, 6.6
38.2, 6.8
38.2, 7
38.2, 7.2
38.2, 7.4
38.2, 7.6
38.2, 7.8
38.2, 8
38.2, 8.2
38.2, 8.4
38.2, 8.6
38.2, 8.8
38.2, 9
38.2, 9.2
38.2, 9.4
38.2, 9.6
38.2, 9.8
38.2, 10
38.2, 10.2
38.2, 10.4
38.2, 10.6
38.2, 10.8
38.2, 11
38.2, 11.2
38.2, 11.4
38.2, 11.6
38.2, 11.8
38.2, 12
38.2, 12.2
38.2, 12.4
38.2, 12.6
38.2, 12.8
38.2, 13
38.2, 13.2
38.2, 13.4
38.2, 13.6
38.2, 13.8
38.2, 14
38.2, 14.2
38.2, 14.4
38.2, 14.6
38.2, 14.8
38.2, 15
38.2, 15.2
38.2, 15.4
38.2, 15.6
38.2, 15.8
38.2, 16
38.2, 16.2
38.2, 16.4
38.2, 16.6
38.2, 16.8
38.2, 17
38.2, 17.2
38.2, 17.4
38.2, 17.6
38.2, 17.8
38.2, 18
38.2, 18.2
38.2, 18.4
38.2, 18.6
38.2, 18.8
38.2, 19
38.2, 19.2
38.2, 19.4
38.2, 19.6
38.2, 19.8
38.2, 20
38.2, 20.2
38.2, 20.4
38.2, 20.6
38.2, 20.8
38.2, 21
38.2, 21.2
38.2, 21.4
38.2, 21.6
38.2, 21.8
38.2, 22
38.2, 22.2
38.2, 22.4
38.2, 22.6
38.2, 22.8
38.2, 23
38.2, 23.2
38.2, 23.4
38.2, 23.6
38.2, 23.8
38.2, 24
38.2, 24.2
38.2, 24.4
38.2, 24.6
38.2, 24.8
38.2, 25
38.2, 25.2
38.2, 25.4
38.2, 25.6
38.2, 25.8
38.2, 26
38.2, 26.2
38.2, 26.4
38.2, 26.6
38.2, 26.8
38.2, 27
38.2, 27.2
38.2, 27.4
38.2, 27.6
38.2, 27.8
38.2, 28
38.2, 28.2
38.2, 28.4
38.2, 28.6
38.2, 28.8
38.2, 29
38.2, 29.2
38.2, 29.4
38.2, 29.6
38.2, 29.8
38.2, 30
38.2, 30.2
38.2, 30.4
38.2, 30.6
38.2, 30.8
38.2, 31
38.2, 31.2
38.2, 31.4
38.2, 31.6
38.2, 31.8
38.2, 32
38.2, 32.2
38.2, 32.4
38.2, 32.6
38.2, 32.8
38.2, 33
38.2, 33.2
38.2, 33.4
38.2, 33.6
38.2, 33.8
38.2, 34
38.2, 34.2
38.2, 34.4
38.2, 34.6
38.2, 34.8
38.2, 35
38.2, 35.2
38.2, 35.4
38.2, 35.6
38.2, 35.8
38.2, 36
38.2, 36.2
38.2, 36.4
38.2, 36.6
38.2, 36.8
38.2, 37
38.2, 37.2
38.2, 37.4
38.2, 37.6
38.2, 37.8
38.2, 38
38.2, 38.2
38.2, 38.4
38.2, 38.6
38.2, 38.8
38.2, 39
38.2, 39.2
38.2, 39.4
38.2, 39.6
38.2, 39.8
38.2, 40
38.2, 40.2
38.2, 40.4
38.2, 40.6
38.2, 40.8
38.2, 41
38.2, 41.2
38.2, 41.4
38.2, 41.6
38.2, 41.8
38.2, 42
38.2, 42.2
38.2, 42.4
38.2, 42.6
38.2, 42.8
38.2, 43
38.2, 43.2
38.2, 43.4
38.2, 43.6
38.2, 43.8
38.2, 44
38.2, 44.2
38.2, 44.4
38.2, 44.6
38.2, 44.8
38.2, 45
38.2, 45.2
38.2, 45.4
38.2, 45.6
38.2, 45.8
38.2, 46
38.2, 46.2
38.2, 46.4
38.2, 46.6
38.2, 46.8
38.2, 47
38.2, 47.2
38.2, 47.4
38.2, 47.6
38.2, 47.8
38.2, 48
38.2, 48.2
38.2, 48.4
38.2, 48.6
38.2, 48.8
38.2, 49
38.2, 49.2
38.2, 49.4
38.2, 49.6
38.2, 49.8
38.2, 50
38.4, 0.2
38.4, 0.4
38.4, 0.6
38.4, 0.8
38.4, 1
38.4, 1.2
38.4, 1.4
38.4, 1.6
38.4, 1.8
38.4, 2
38.4, 2.2
38.4, 2.4
38.4, 2.6
38.4, 2.8
38.4, 3
38.4, 3.2
38.4, 3.4
38.4, 3.6
38.4, 3.8
38.4, 4
38.4, 4.2
38.4, 4.4
38.4, 4.6
38.4, 4.8
38.4, 5
38.4, 5.2
38.4, 5.4
38.4, 5.6
38.4, 5.8
38.4, 6
38.4, 6.2
38.4, 6.4
38.4, 6.6
38.4, 6.8
38.4, 7
38.4, 7.2
38.4, 7.4
38.4, 7.6
38.4, 7.8
38.4, 8
38.4, 8.2
38.4, 8.4
38.4, 8.6
38.4, 8.8
38.4, 9
38.4, 9.2
38.4, 9.4
38.4, 9.6
38.4, 9.8
38.4, 10
38.4, 10.2
38.4, 10.4
38.4, 10.6
38.4, 10.8
38.4, 11
38.4, 11.2
38.4, 11.4
38.4, 11.6
38.4, 11.8
38.4, 12
38.4, 12.2
38.4, 12.4
38.4, 12.6
38.4, 12.8
38.4, 13
38.4, 13.2
38.4, 13.4
38.4, 13.6
38.4, 13.8
38.4, 14
38.4, 14.2
38.4, 14.4
38.4, 14.6
38.4, 14.8
38.4, 15
38.4, 15.2
38.4, 15.4
38.4, 15.6
38.4, 15.8
38.4, 16
38.4, 16.2
38.4, 16.4
38.4, 16.6
38.4, 16.8
38.4, 17
38.4, 17.2
38.4, 17.4
38.4, 17.6
38.4, 17.8
38.4, 18
38.4, 18.2
38.4, 18.4
38.4, 18.6
38.4, 18.8
38.4, 19
38.4, 19.2
38.4, 19.4
38.4, 19.6
38.4, 19.8
38.4, 20
38.4, 20.2
38.4, 20.4
38.4, 20.6
38.4, 20.8
38.4, 21
38.4, 21.2
38.4, 21.4
38.4, 21.6
38.4, 21.8
38.4, 22
38.4, 22.2
38.4, 22.4
38.4, 22.6
38.4, 22.8
38.4, 23
38.4, 23.2
38.4, 23.4
38.4, 23.6
38.4, 23.8
38.4, 24
38.4, 24.2
38.4, 24.4
38.4, 24.6
38.4, 24.8
38.4, 25
38.4, 25.2
38.4, 25.4
38.4, 25.6
38.4, 25.8
38.4, 26
38.4, 26.2
38.4, 26.4
38.4, 26.6
38.4, 26.8
38.4, 27
38.4, 27.2
38.4, 27.4
38.4, 27.6
38.4, 27.8
38.4, 28
38.4, 28.2
38.4, 28.4
38.4, 28.6
38.4, 28.8
38.4, 29
38.4, 29.2
38.4, 29.4
38.4, 29.6
38.4, 29.8
38.4, 30
38.4, 30.2
38.4, 30.4
38.4, 30.6
38.4, 30.8
38.4, 31
38.4, 31.2
38.4, 31.4
38.4, 31.6
38.4, 31.8
38.4, 32
38.4, 32.2
38.4, 32.4
38.4, 32.6
38.4, 32.8
38.4, 33
38.4, 33.2
38.4, 33.4
38.4, 33.6
38.4, 33.8
38.4, 34
38.4, 34.2
38.4, 34.4
38.4, 34.6
38.4, 34.8
38.4, 35
38.4, 35.2
38.4, 35.4
38.4, 35.6
38.4, 35.8
38.4, 36
38.4, 36.2
38.4, 36.4
38.4, 36.6
38.4, 36.8
38.4, 37
38.4, 37.2
38.4, 37.4
38.4, 37.6
38.4, 37.8
38.4, 38
38.4, 38.2
38.4, 38.4
38.4, 38.6
38.4, 38.8
38.4, 39
38.4, 39.2
38.4, 39.4
38.4, 39.6
38.4, 39.8
38.4, 40
38.4, 40.2
38.4, 40.4
38.4, 40.6
38.4, 40.8
38.4, 41
38.4, 41.2
38.4, 41.4
38.4, 41.6
38.4, 41.8
38.4, 42
38.4, 42.2
38.4, 42.4
38.4, 42.6
38.4, 42.8
38.4, 43
38.4, 43.2
38.4, 43.4
38.4, 43.6
38.4, 43.8
38.4, 44
38.4, 44.2
38.4, 44.4
38.4, 44.6
38.4, 44.8
38.4, 45
38.4, 45.2
38.4, 45.4
38.4, 45.6
38.4, 45.8
38.4, 46
38.4, 46.2
38.4, 46.4
38.4, 46.6
38.4, 46.8
38.4, 47
38.4, 47.2
38.4, 47.4
38.4, 47.6
38.4, 47.8
38.4, 48
38.4, 48.2
38.4, 48.4
38.4, 48.6
38.4, 48.8
38.4, 49
38.4, 49.2
38.4, 49.4
38.4, 49.6
38.4, 49.8
38.4, 50
38.6, 0.2
38.6, 0.4
38.6, 0.6
38.6, 0.8
38.6, 1
38.6, 1.2
38.6, 1.4
38.6, 1.6
38.6, 1.8
38.6, 2
38.6, 2.2
38.6, 2.4
38.6, 2.6
38.6, 2.8
38.6, 3
38.6, 3.2
38.6, 3.4
38.6, 3.6
38.6, 3.8
38.6, 4
38.6, 4.2
38.6, 4.4
38.6, 4.6
38.6, 4.8
38.6, 5
38.6, 5.2
38.6, 5.4
38.6, 5.6
38.6, 5.8
38.6, 6
38.6, 6.2
38.6, 6.4
38.6, 6.6
38.6, 6.8
38.6, 7
38.6, 7.2
38.6, 7.4
38.6, 7.6
38.6, 7.8
38.6, 8
38.6, 8.2
38.6, 8.4
38.6, 8.6
38.6, 8.8
38.6, 9
38.6, 9.2
38.6, 9.4
38.6, 9.6
38.6, 9.8
38.6, 10
38.6, 10.2
38.6, 10.4
38.6, 10.6
38.6, 10.8
38.6, 11
38.6, 11.2
38.6, 11.4
38.6, 11.6
38.6, 11.8
38.6, 12
38.6, 12.2
38.6, 12.4
38.6, 12.6
38.6, 12.8
38.6, 13
38.6, 13.2
38.6, 13.4
38.6, 13.6
38.6, 13.8
38.6, 14
38.6, 14.2
38.6, 14.4
38.6, 14.6
38.6, 14.8
38.6, 15
38.6, 15.2
38.6, 15.4
38.6, 15.6
38.6, 15.8
38.6, 16
38.6, 16.2
38.6, 16.4
38.6, 16.6
38.6, 16.8
38.6, 17
38.6, 17.2
38.6, 17.4
38.6, 17.6
38.6, 17.8
38.6, 18
38.6, 18.2
38.6, 18.4
38.6, 18.6
38.6, 18.8
38.6, 19
38.6, 19.2
38.6, 19.4
38.6, 19.6
38.6, 19.8
38.6, 20
38.6, 20.2
38.6, 20.4
38.6, 20.6
38.6, 20.8
38.6, 21
38.6, 21.2
38.6, 21.4
38.6, 21.6
38.6, 21.8
38.6, 22
38.6, 22.2
38.6, 22.4
38.6, 22.6
38.6, 22.8
38.6, 23
38.6, 23.2
38.6, 23.4
38.6, 23.6
38.6, 23.8
38.6, 24
38.6, 24.2
38.6, 24.4
38.6, 24.6
38.6, 24.8
38.6, 25
38.6, 25.2
38.6, 25.4
38.6, 25.6
38.6, 25.8
38.6, 26
38.6, 26.2
38.6, 26.4
38.6, 26.6
38.6, 26.8
38.6, 27
38.6, 27.2
38.6, 27.4
38.6, 27.6
38.6, 27.8
38.6, 28
38.6, 28.2
38.6, 28.4
38.6, 28.6
38.6, 28.8
38.6, 29
38.6, 29.2
38.6, 29.4
38.6, 29.6
38.6, 29.8
38.6, 30
38.6, 30.2
38.6, 30.4
38.6, 30.6
38.6, 30.8
38.6, 31
38.6, 31.2
38.6, 31.4
38.6, 31.6
38.6, 31.8
38.6, 32
38.6, 32.2
38.6, 32.4
38.6, 32.6
38.6, 32.8
38.6, 33
38.6, 33.2
38.6, 33.4
38.6, 33.6
38.6, 33.8
38.6, 34
38.6, 34.2
38.6, 34.4
38.6, 34.6
38.6, 34.8
38.6, 35
38.6, 35.2
38.6, 35.4
38.6, 35.6
38.6, 35.8
38.6, 36
38.6, 36.2
38.6, 36.4
38.6, 36.6
38.6, 36.8
38.6, 37
38.6, 37.2
38.6, 37.4
38.6, 37.6
38.6, 37.8
38.6, 38
38.6, 38.2
38.6, 38.4
38.6, 38.6
38.6, 38.8
38.6, 39
38.6, 39.2
38.6, 39.4
38.6, 39.6
38.6, 39.8
38.6, 40
38.6, 40.2
38.6, 40.4
38.6, 40.6
38.6, 40.8
38.6, 41
38.6, 41.2
38.6, 41.4
38.6, 41.6
38.6, 41.8
38.6, 42
38.6, 42.2
38.6, 42.4
38.6, 42.6
38.6, 42.8
38.6, 43
38.6, 43.2
38.6, 43.4
38.6, 43.6
38.6, 43.8
38.6, 44
38.6, 44.2
38.6, 44.4
38.6, 44.6
38.6, 44.8
38.6, 45
38.6, 45.2
38.6, 45.4
38.6, 45.6
38.6, 45.8
38.6, 46
38.6, 46.2
38.6, 46.4
38.6, 46.6
38.6, 46.8
38.6, 47
38.6, 47.2
38.6, 47.4
38.6, 47.6
38.6, 47.8
38.6, 48
38.6, 48.2
38.6, 48.4
38.6, 48.6
38.6, 48.8
38.6, 49
38.6, 49.2
38.6, 49.4
38.6, 49.6
38.6, 49.8
38.6, 50
38.8, 0.2
38.8, 0.4
38.8, 0.6
38.8, 0.8
38.8, 1
38.8, 1.2
38.8, 1.4
38.8, 1.6
38.8, 1.8
38.8, 2
38.8, 2.2
38.8, 2.4
38.8, 2.6
38.8, 2.8
38.8, 3
38.8, 3.2
38.8, 3.4
38.8, 3.6
38.8, 3.8
38.8, 4
38.8, 4.2
38.8, 4.4
38.8, 4.6
38.8, 4.8
38.8, 5
38.8, 5.2
38.8, 5.4
38.8, 5.6
38.8, 5.8
38.8, 6
38.8, 6.2
38.8, 6.4
38.8, 6.6
38.8, 6.8
38.8, 7
38.8, 7.2
38.8, 7.4
38.8, 7.6
38.8, 7.8
38.8, 8
38.8, 8.2
38.8, 8.4
38.8, 8.6
38.8, 8.8
38.8, 9
38.8, 9.2
38.8, 9.4
38.8, 9.6
38.8, 9.8
38.8, 10
38.8, 10.2
38.8, 10.4
38.8, 10.6
38.8, 10.8
38.8, 11
38.8, 11.2
38.8, 11.4
38.8, 11.6
38.8, 11.8
38.8, 12
38.8, 12.2
38.8, 12.4
38.8, 12.6
38.8, 12.8
38.8, 13
38.8, 13.2
38.8, 13.4
38.8, 13.6
38.8, 13.8
38.8, 14
38.8, 14.2
38.8, 14.4
38.8, 14.6
38.8, 14.8
38.8, 15
38.8, 15.2
38.8, 15.4
38.8, 15.6
38.8, 15.8
38.8, 16
38.8, 16.2
38.8, 16.4
38.8, 16.6
38.8, 16.8
38.8, 17
38.8, 17.2
38.8, 17.4
38.8, 17.6
38.8, 17.8
38.8, 18
38.8, 18.2
38.8, 18.4
38.8, 18.6
38.8, 18.8
38.8, 19
38.8, 19.2
38.8, 19.4
38.8, 19.6
38.8, 19.8
38.8, 20
38.8, 20.2
38.8, 20.4
38.8, 20.6
38.8, 20.8
38.8, 21
38.8, 21.2
38.8, 21.4
38.8, 21.6
38.8, 21.8
38.8, 22
38.8, 22.2
38.8, 22.4
38.8, 22.6
38.8, 22.8
38.8, 23
38.8, 23.2
38.8, 23.4
38.8, 23.6
38.8, 23.8
38.8, 24
38.8, 24.2
38.8, 24.4
38.8, 24.6
38.8, 24.8
38.8, 25
38.8, 25.2
38.8, 25.4
38.8, 25.6
38.8, 25.8
38.8, 26
38.8, 26.2
38.8, 26.4
38.8, 26.6
38.8, 26.8
38.8, 27
38.8, 27.2
38.8, 27.4
38.8, 27.6
38.8, 27.8
38.8, 28
38.8, 28.2
38.8, 28.4
38.8, 28.6
38.8, 28.8
38.8, 29
38.8, 29.2
38.8, 29.4
38.8, 29.6
38.8, 29.8
38.8, 30
38.8, 30.2
38.8, 30.4
38.8, 30.6
38.8, 30.8
38.8, 31
38.8, 31.2
38.8, 31.4
38.8, 31.6
38.8, 31.8
38.8, 32
38.8, 32.2
38.8, 32.4
38.8, 32.6
38.8, 32.8
38.8, 33
38.8, 33.2
38.8, 33.4
38.8, 33.6
38.8, 33.8
38.8, 34
38.8, 34.2
38.8, 34.4
38.8, 34.6
38.8, 34.8
38.8, 35
38.8, 35.2
38.8, 35.4
38.8, 35.6
38.8, 35.8
38.8, 36
38.8, 36.2
38.8, 36.4
38.8, 36.6
38.8, 36.8
38.8, 37
38.8, 37.2
38.8, 37.4
38.8, 37.6
38.8, 37.8
38.8, 38
38.8, 38.2
38.8, 38.4
38.8, 38.6
38.8, 38.8
38.8, 39
38.8, 39.2
38.8, 39.4
38.8, 39.6
38.8, 39.8
38.8, 40
38.8, 40.2
38.8, 40.4
38.8, 40.6
38.8, 40.8
38.8, 41
38.8, 41.2
38.8, 41.4
38.8, 41.6
38.8, 41.8
38.8, 42
38.8, 42.2
38.8, 42.4
38.8, 42.6
38.8, 42.8
38.8, 43
38.8, 43.2
38.8, 43.4
38.8, 43.6
38.8, 43.8
38.8, 44
38.8, 44.2
38.8, 44.4
38.8, 44.6
38.8, 44.8
38.8, 45
38.8, 45.2
38.8, 45.4
38.8, 45.6
38.8, 45.8
38.8, 46
38.8, 46.2
38.8, 46.4
38.8, 46.6
38.8, 46.8
38.8, 47
38.8, 47.2
38.8, 47.4
38.8, 47.6
38.8, 47.8
38.8, 48
38.8, 48.2
38.8, 48.4
38.8, 48.6
38.8, 48.8
38.8, 49
38.8, 49.2
38.8, 49.4
38.8, 49.6
38.8, 49.8
38.8, 50
39, 0.2
39, 0.4
39, 0.6
39, 0.8
39, 1
39, 1.2
39, 1.4
39, 1.6
39, 1.8
39, 2
39, 2.2
39, 2.4
39, 2.6
39, 2.8
39, 3
39, 3.2
39, 3.4
39, 3.6
39, 3.8
39, 4
39, 4.2
39, 4.4
39, 4.6
39, 4.8
39, 5
39, 5.2
39, 5.4
39, 5.6
39, 5.8
39, 6
39, 6.2
39, 6.4
39, 6.6
39, 6.8
39, 7
39, 7.2
39, 7.4
39, 7.6
39, 7.8
39, 8
39, 8.2
39, 8.4
39, 8.6
39, 8.8
39, 9
39, 9.2
39, 9.4
39, 9.6
39, 9.8
39, 10
39, 10.2
39, 10.4
39, 10.6
39, 10.8
39, 11
39, 11.2
39, 11.4
39, 11.6
39, 11.8
39, 12
39, 12.2
39, 12.4
39, 12.6
39, 12.8
39, 13
39, 13.2
39, 13.4
39, 13.6
39, 13.8
39, 14
39, 14.2
39, 14.4
39, 14.6
39, 14.8
39, 15
39, 15.2
39, 15.4
39, 15.6
39, 15.8
39, 16
39, 16.2
39, 16.4
39, 16.6
39, 16.8
39, 17
39, 17.2
39, 17.4
39, 17.6
39, 17.8
39, 18
39, 18.2
39, 18.4
39, 18.6
39, 18.8
39, 19
39, 19.2
39, 19.4
39, 19.6
39, 19.8
39, 20
39, 20.2
39, 20.4
39, 20.6
39, 20.8
39, 21
39, 21.2
39, 21.4
39, 21.6
39, 21.8
39, 22
39, 22.2
39, 22.4
39, 22.6
39, 22.8
39, 23
39, 23.2
39, 23.4
39, 23.6
39, 23.8
39, 24
39, 24.2
39, 24.4
39, 24.6
39, 24.8
39, 25
39, 25.2
39, 25.4
39, 25.6
39, 25.8
39, 26
39, 26.2
39, 26.4
39, 26.6
39, 26.8
39, 27
39, 27.2
39, 27.4
39, 27.6
39, 27.8
39, 28
39, 28.2
39, 28.4
39, 28.6
39, 28.8
39, 29
39, 29.2
39, 29.4
39, 29.6
39, 29.8
39, 30
39, 30.2
39, 30.4
39, 30.6
39, 30.8
39, 31
39, 31.2
39, 31.4
39, 31.6
39, 31.8
39, 32
39, 32.2
39, 32.4
39, 32.6
39, 32.8
39, 33
39, 33.2
39, 33.4
39, 33.6
39, 33.8
39, 34
39, 34.2
39, 34.4
39, 34.6
39, 34.8
39, 35
39, 35.2
39, 35.4
39, 35.6
39, 35.8
39, 36
39, 36.2
39, 36.4
39, 36.6
39, 36.8
39, 37
39, 37.2
39, 37.4
39, 37.6
39, 37.8
39, 38
39, 38.2
39, 38.4
39, 38.6
39, 38.8
39, 39
39, 39.2
39, 39.4
39, 39.6
39, 39.8
39, 40
39, 40.2
39, 40.4
39, 40.6
39, 40.8
39, 41
39, 41.2
39, 41.4
39, 41.6
39, 41.8
39, 42
39, 42.2
39, 42.4
39, 42.6
39, 42.8
39, 43
39, 43.2
39, 43.4
39, 43.6
39, 43.8
39, 44
39, 44.2
39, 44.4
39, 44.6
39, 44.8
39, 45
39, 45.2
39, 45.4
39, 45.6
39, 45.8
39, 46
39, 46.2
39, 46.4
39, 46.6
39, 46.8
39, 47
39, 47.2
39, 47.4
39, 47.6
39, 47.8
39, 48
39, 48.2
39, 48.4
39, 48.6
39, 48.8
39, 49
39, 49.2
39, 49.4
39, 49.6
39, 49.8
39, 50
39.2, 0.2
39.2, 0.4
39.2, 0.6
39.2, 0.8
39.2, 1
39.2, 1.2
39.2, 1.4
39.2, 1.6
39.2, 1.8
39.2, 2
39.2, 2.2
39.2, 2.4
39.2, 2.6
39.2, 2.8
39.2, 3
39.2, 3.2
39.2, 3.4
39.2, 3.6
39.2, 3.8
39.2, 4
39.2, 4.2
39.2, 4.4
39.2, 4.6
39.2, 4.8
39.2, 5
39.2, 5.2
39.2, 5.4
39.2, 5.6
39.2, 5.8
39.2, 6
39.2, 6.2
39.2, 6.4
39.2, 6.6
39.2, 6.8
39.2, 7
39.2, 7.2
39.2, 7.4
39.2, 7.6
39.2, 7.8
39.2, 8
39.2, 8.2
39.2, 8.4
39.2, 8.6
39.2, 8.8
39.2, 9
39.2, 9.2
39.2, 9.4
39.2, 9.6
39.2, 9.8
39.2, 10
39.2, 10.2
39.2, 10.4
39.2, 10.6
39.2, 10.8
39.2, 11
39.2, 11.2
39.2, 11.4
39.2, 11.6
39.2, 11.8
39.2, 12
39.2, 12.2
39.2, 12.4
39.2, 12.6
39.2, 12.8
39.2, 13
39.2, 13.2
39.2, 13.4
39.2, 13.6
39.2, 13.8
39.2, 14
39.2, 14.2
39.2, 14.4
39.2, 14.6
39.2, 14.8
39.2, 15
39.2, 15.2
39.2, 15.4
39.2, 15.6
39.2, 15.8
39.2, 16
39.2, 16.2
39.2, 16.4
39.2, 16.6
39.2, 16.8
39.2, 17
39.2, 17.2
39.2, 17.4
39.2, 17.6
39.2, 17.8
39.2, 18
39.2, 18.2
39.2, 18.4
39.2, 18.6
39.2, 18.8
39.2, 19
39.2, 19.2
39.2, 19.4
39.2, 19.6
39.2, 19.8
39.2, 20
39.2, 20.2
39.2, 20.4
39.2, 20.6
39.2, 20.8
39.2, 21
39.2, 21.2
39.2, 21.4
39.2, 21.6
39.2, 21.8
39.2, 22
39.2, 22.2
39.2, 22.4
39.2, 22.6
39.2, 22.8
39.2, 23
39.2, 23.2
39.2, 23.4
39.2, 23.6
39.2, 23.8
39.2, 24
39.2, 24.2
39.2, 24.4
39.2, 24.6
39.2, 24.8
39.2, 25
39.2, 25.2
39.2, 25.4
39.2, 25.6
39.2, 25.8
39.2, 26
39.2, 26.2
39.2, 26.4
39.2, 26.6
39.2, 26.8
39.2, 27
39.2, 27.2
39.2, 27.4
39.2, 27.6
39.2, 27.8
39.2, 28
39.2, 28.2
39.2, 28.4
39.2, 28.6
39.2, 28.8
39.2, 29
39.2, 29.2
39.2, 29.4
39.2, 29.6
39.2, 29.8
39.2, 30
39.2, 30.2
39.2, 30.4
39.2, 30.6
39.2, 30.8
39.2, 31
39.2, 31.2
39.2, 31.4
39.2, 31.6
39.2, 31.8
39.2, 32
39.2, 32.2
39.2, 32.4
39.2, 32.6
39.2, 32.8
39.2, 33
39.2, 33.2
39.2, 33.4
39.2, 33.6
39.2, 33.8
39.2, 34
39.2, 34.2
39.2, 34.4
39.2, 34.6
39.2, 34.8
39.2, 35
39.2, 35.2
39.2, 35.4
39.2, 35.6
39.2, 35.8
39.2, 36
39.2, 36.2
39.2, 36.4
39.2, 36.6
39.2, 36.8
39.2, 37
39.2, 37.2
39.2, 37.4
39.2, 37.6
39.2, 37.8
39.2, 38
39.2, 38.2
39.2, 38.4
39.2, 38.6
39.2, 38.8
39.2, 39
39.2, 39.2
39.2, 39.4
39.2, 39.6
39.2, 39.8
39.2, 40
39.2, 40.2
39.2, 40.4
39.2, 40.6
39.2, 40.8
39.2, 41
39.2, 41.2
39.2, 41.4
39.2, 41.6
39.2, 41.8
39.2, 42
39.2, 42.2
39.2, 42.4
39.2, 42.6
39.2, 42.8
39.2, 43
39.2, 43.2
39.2, 43.4
39.2, 43.6
39.2, 43.8
39.2, 44
39.2, 44.2
39.2, 44.4
39.2, 44.6
39.2, 44.8
39.2, 45
39.2, 45.2
39.2, 45.4
39.2, 45.6
39.2, 45.8
39.2, 46
39.2, 46.2
39.2, 46.4
39.2, 46.6
39.2, 46.8
39.2, 47
39.2, 47.2
39.2, 47.4
39.2, 47.6
39.2, 47.8
39.2, 48
39.2, 48.2
39.2, 48.4
39.2, 48.6
39.2, 48.8
39.2, 49
39.2, 49.2
39.2, 49.4
39.2, 49.6
39.2, 49.8
39.2, 50
39.4, 0.2
39.4, 0.4
39.4, 0.6
39.4, 0.8
39.4, 1
39.4, 1.2
39.4, 1.4
39.4, 1.6
39.4, 1.8
39.4, 2
39.4, 2.2
39.4, 2.4
39.4, 2.6
39.4, 2.8
39.4, 3
39.4, 3.2
39.4, 3.4
39.4, 3.6
39.4, 3.8
39.4, 4
39.4, 4.2
39.4, 4.4
39.4, 4.6
39.4, 4.8
39.4, 5
39.4, 5.2
39.4, 5.4
39.4, 5.6
39.4, 5.8
39.4, 6
39.4, 6.2
39.4, 6.4
39.4, 6.6
39.4, 6.8
39.4, 7
39.4, 7.2
39.4, 7.4
39.4, 7.6
39.4, 7.8
39.4, 8
39.4, 8.2
39.4, 8.4
39.4, 8.6
39.4, 8.8
39.4, 9
39.4, 9.2
39.4, 9.4
39.4, 9.6
39.4, 9.8
39.4, 10
39.4, 10.2
39.4, 10.4
39.4, 10.6
39.4, 10.8
39.4, 11
39.4, 11.2
39.4, 11.4
39.4, 11.6
39.4, 11.8
39.4, 12
39.4, 12.2
39.4, 12.4
39.4, 12.6
39.4, 12.8
39.4, 13
39.4, 13.2
39.4, 13.4
39.4, 13.6
39.4, 13.8
39.4, 14
39.4, 14.2
39.4, 14.4
39.4, 14.6
39.4, 14.8
39.4, 15
39.4, 15.2
39.4, 15.4
39.4, 15.6
39.4, 15.8
39.4, 16
39.4, 16.2
39.4, 16.4
39.4, 16.6
39.4, 16.8
39.4, 17
39.4, 17.2
39.4, 17.4
39.4, 17.6
39.4, 17.8
39.4, 18
39.4, 18.2
39.4, 18.4
39.4, 18.6
39.4, 18.8
39.4, 19
39.4, 19.2
39.4, 19.4
39.4, 19.6
39.4, 19.8
39.4, 20
39.4, 20.2
39.4, 20.4
39.4, 20.6
39.4, 20.8
39.4, 21
39.4, 21.2
39.4, 21.4
39.4, 21.6
39.4, 21.8
39.4, 22
39.4, 22.2
39.4, 22.4
39.4, 22.6
39.4, 22.8
39.4, 23
39.4, 23.2
39.4, 23.4
39.4, 23.6
39.4, 23.8
39.4, 24
39.4, 24.2
39.4, 24.4
39.4, 24.6
39.4, 24.8
39.4, 25
39.4, 25.2
39.4, 25.4
39.4, 25.6
39.4, 25.8
39.4, 26
39.4, 26.2
39.4, 26.4
39.4, 26.6
39.4, 26.8
39.4, 27
39.4, 27.2
39.4, 27.4
39.4, 27.6
39.4, 27.8
39.4, 28
39.4, 28.2
39.4, 28.4
39.4, 28.6
39.4, 28.8
39.4, 29
39.4, 29.2
39.4, 29.4
39.4, 29.6
39.4, 29.8
39.4, 30
39.4, 30.2
39.4, 30.4
39.4, 30.6
39.4, 30.8
39.4, 31
39.4, 31.2
39.4, 31.4
39.4, 31.6
39.4, 31.8
39.4, 32
39.4, 32.2
39.4, 32.4
39.4, 32.6
39.4, 32.8
39.4, 33
39.4, 33.2
39.4, 33.4
39.4, 33.6
39.4, 33.8
39.4, 34
39.4, 34.2
39.4, 34.4
39.4, 34.6
39.4, 34.8
39.4, 35
39.4, 35.2
39.4, 35.4
39.4, 35.6
39.4, 35.8
39.4, 36
39.4, 36.2
39.4, 36.4
39.4, 36.6
39.4, 36.8
39.4, 37
39.4, 37.2
39.4, 37.4
39.4, 37.6
39.4, 37.8
39.4, 38
39.4, 38.2
39.4, 38.4
39.4, 38.6
39.4, 38.8
39.4, 39
39.4, 39.2
39.4, 39.4
39.4, 39.6
39.4, 39.8
39.4, 40
39.4, 40.2
39.4, 40.4
39.4, 40.6
39.4, 40.8
39.4, 41
39.4, 41.2
39.4, 41.4
39.4, 41.6
39.4, 41.8
39.4, 42
39.4, 42.2
39.4, 42.4
39.4, 42.6
39.4, 42.8
39.4, 43
39.4, 43.2
39.4, 43.4
39.4, 43.6
39.4, 43.8
39.4, 44
39.4, 44.2
39.4, 44.4
39.4, 44.6
39.4, 44.8
39.4, 45
39.4, 45.2
39.4, 45.4
39.4, 45.6
39.4, 45.8
39.4, 46
39.4, 46.2
39.4, 46.4
39.4, 46.6
39.4, 46.8
39.4, 47
39.4, 47.2
39.4, 47.4
39.4, 47.6
39.4, 47.8
39.4, 48
39.4, 48.2
39.4, 48.4
39.4, 48.6
39.4, 48.8
39.4, 49
39.4, 49.2
39.4, 49.4
39.4, 49.6
39.4, 49.8
39.4, 50
39.6, 0.2
39.6, 0.4
39.6, 0.6
39.6, 0.8
39.6, 1
39.6, 1.2
39.6, 1.4
39.6, 1.6
39.6, 1.8
39.6, 2
39.6, 2.2
39.6, 2.4
39.6, 2.6
39.6, 2.8
39.6, 3
39.6, 3.2
39.6, 3.4
39.6, 3.6
39.6, 3.8
39.6, 4
39.6, 4.2
39.6, 4.4
39.6, 4.6
39.6, 4.8
39.6, 5
39.6, 5.2
39.6, 5.4
39.6, 5.6
39.6, 5.8
39.6, 6
39.6, 6.2
39.6, 6.4
39.6, 6.6
39.6, 6.8
39.6, 7
39.6, 7.2
39.6, 7.4
39.6, 7.6
39.6, 7.8
39.6, 8
39.6, 8.2
39.6, 8.4
39.6, 8.6
39.6, 8.8
39.6, 9
39.6, 9.2
39.6, 9.4
39.6, 9.6
39.6, 9.8
39.6, 10
39.6, 10.2
39.6, 10.4
39.6, 10.6
39.6, 10.8
39.6, 11
39.6, 11.2
39.6, 11.4
39.6, 11.6
39.6, 11.8
39.6, 12
39.6, 12.2
39.6, 12.4
39.6, 12.6
39.6, 12.8
39.6, 13
39.6, 13.2
39.6, 13.4
39.6, 13.6
39.6, 13.8
39.6, 14
39.6, 14.2
39.6, 14.4
39.6, 14.6
39.6, 14.8
39.6, 15
39.6, 15.2
39.6, 15.4
39.6, 15.6
39.6, 15.8
39.6, 16
39.6, 16.2
39.6, 16.4
39.6, 16.6
39.6, 16.8
39.6, 17
39.6, 17.2
39.6, 17.4
39.6, 17.6
39.6, 17.8
39.6, 18
39.6, 18.2
39.6, 18.4
39.6, 18.6
39.6, 18.8
39.6, 19
39.6, 19.2
39.6, 19.4
39.6, 19.6
39.6, 19.8
39.6, 20
39.6, 20.2
39.6, 20.4
39.6, 20.6
39.6, 20.8
39.6, 21
39.6, 21.2
39.6, 21.4
39.6, 21.6
39.6, 21.8
39.6, 22
39.6, 22.2
39.6, 22.4
39.6, 22.6
39.6, 22.8
39.6, 23
39.6, 23.2
39.6, 23.4
39.6, 23.6
39.6, 23.8
39.6, 24
39.6, 24.2
39.6, 24.4
39.6, 24.6
39.6, 24.8
39.6, 25
39.6, 25.2
39.6, 25.4
39.6, 25.6
39.6, 25.8
39.6, 26
39.6, 26.2
39.6, 26.4
39.6, 26.6
39.6, 26.8
39.6, 27
39.6, 27.2
39.6, 27.4
39.6, 27.6
39.6, 27.8
39.6, 28
39.6, 28.2
39.6, 28.4
39.6, 28.6
39.6, 28.8
39.6, 29
39.6, 29.2
39.6, 29.4
39.6, 29.6
39.6, 29.8
39.6, 30
39.6, 30.2
39.6, 30.4
39.6, 30.6
39.6, 30.8
39.6, 31
39.6, 31.2
39.6, 31.4
39.6, 31.6
39.6, 31.8
39.6, 32
39.6, 32.2
39.6, 32.4
39.6, 32.6
39.6, 32.8
39.6, 33
39.6, 33.2
39.6, 33.4
39.6, 33.6
39.6, 33.8
39.6, 34
39.6, 34.2
39.6, 34.4
39.6, 34.6
39.6, 34.8
39.6, 35
39.6, 35.2
39.6, 35.4
39.6, 35.6
39.6, 35.8
39.6, 36
39.6, 36.2
39.6, 36.4
39.6, 36.6
39.6, 36.8
39.6, 37
39.6, 37.2
39.6, 37.4
39.6, 37.6
39.6, 37.8
39.6, 38
39.6, 38.2
39.6, 38.4
39.6, 38.6
39.6, 38.8
39.6, 39
39.6, 39.2
39.6, 39.4
39.6, 39.6
39.6, 39.8
39.6, 40
39.6, 40.2
39.6, 40.4
39.6, 40.6
39.6, 40.8
39.6, 41
39.6, 41.2
39.6, 41.4
39.6, 41.6
39.6, 41.8
39.6, 42
39.6, 42.2
39.6, 42.4
39.6, 42.6
39.6, 42.8
39.6, 43
39.6, 43.2
39.6, 43.4
39.6, 43.6
39.6, 43.8
39.6, 44
39.6, 44.2
39.6, 44.4
39.6, 44.6
39.6, 44.8
39.6, 45
39.6, 45.2
39.6, 45.4
39.6, 45.6
39.6, 45.8
39.6, 46
39.6, 46.2
39.6, 46.4
39.6, 46.6
39.6, 46.8
39.6, 47
39.6, 47.2
39.6, 47.4
39.6, 47.6
39.6, 47.8
39.6, 48
39.6, 48.2
39.6, 48.4
39.6, 48.6
39.6, 48.8
39.6, 49
39.6, 49.2
39.6, 49.4
39.6, 49.6
39.6, 49.8
39.6, 50
39.8, 0.2
39.8, 0.4
39.8, 0.6
39.8, 0.8
39.8, 1
39.8, 1.2
39.8, 1.4
39.8, 1.6
39.8, 1.8
39.8, 2
39.8, 2.2
39.8, 2.4
39.8, 2.6
39.8, 2.8
39.8, 3
39.8, 3.2
39.8, 3.4
39.8, 3.6
39.8, 3.8
39.8, 4
39.8, 4.2
39.8, 4.4
39.8, 4.6
39.8, 4.8
39.8, 5
39.8, 5.2
39.8, 5.4
39.8, 5.6
39.8, 5.8
39.8, 6
39.8, 6.2
39.8, 6.4
39.8, 6.6
39.8, 6.8
39.8, 7
39.8, 7.2
39.8, 7.4
39.8, 7.6
39.8, 7.8
39.8, 8
39.8, 8.2
39.8, 8.4
39.8, 8.6
39.8, 8.8
39.8, 9
39.8, 9.2
39.8, 9.4
39.8, 9.6
39.8, 9.8
39.8, 10
39.8, 10.2
39.8, 10.4
39.8, 10.6
39.8, 10.8
39.8, 11
39.8, 11.2
39.8, 11.4
39.8, 11.6
39.8, 11.8
39.8, 12
39.8, 12.2
39.8, 12.4
39.8, 12.6
39.8, 12.8
39.8, 13
39.8, 13.2
39.8, 13.4
39.8, 13.6
39.8, 13.8
39.8, 14
39.8, 14.2
39.8, 14.4
39.8, 14.6
39.8, 14.8
39.8, 15
39.8, 15.2
39.8, 15.4
39.8, 15.6
39.8, 15.8
39.8, 16
39.8, 16.2
39.8, 16.4
39.8, 16.6
39.8, 16.8
39.8, 17
39.8, 17.2
39.8, 17.4
39.8, 17.6
39.8, 17.8
39.8, 18
39.8, 18.2
39.8, 18.4
39.8, 18.6
39.8, 18.8
39.8, 19
39.8, 19.2
39.8, 19.4
39.8, 19.6
39.8, 19.8
39.8, 20
39.8, 20.2
39.8, 20.4
39.8, 20.6
39.8, 20.8
39.8, 21
39.8, 21.2
39.8, 21.4
39.8, 21.6
39.8, 21.8
39.8, 22
39.8, 22.2
39.8, 22.4
39.8, 22.6
39.8, 22.8
39.8, 23
39.8, 23.2
39.8, 23.4
39.8, 23.6
39.8, 23.8
39.8, 24
39.8, 24.2
39.8, 24.4
39.8, 24.6
39.8, 24.8
39.8, 25
39.8, 25.2
39.8, 25.4
39.8, 25.6
39.8, 25.8
39.8, 26
39.8, 26.2
39.8, 26.4
39.8, 26.6
39.8, 26.8
39.8, 27
39.8, 27.2
39.8, 27.4
39.8, 27.6
39.8, 27.8
39.8, 28
39.8, 28.2
39.8, 28.4
39.8, 28.6
39.8, 28.8
39.8, 29
39.8, 29.2
39.8, 29.4
39.8, 29.6
39.8, 29.8
39.8, 30
39.8, 30.2
39.8, 30.4
39.8, 30.6
39.8, 30.8
39.8, 31
39.8, 31.2
39.8, 31.4
39.8, 31.6
39.8, 31.8
39.8, 32
39.8, 32.2
39.8, 32.4
39.8, 32.6
39.8, 32.8
39.8, 33
39.8, 33.2
39.8, 33.4
39.8, 33.6
39.8, 33.8
39.8, 34
39.8, 34.2
39.8, 34.4
39.8, 34.6
39.8, 34.8
39.8, 35
39.8, 35.2
39.8, 35.4
39.8, 35.6
39.8, 35.8
39.8, 36
39.8, 36.2
39.8, 36.4
39.8, 36.6
39.8, 36.8
39.8, 37
39.8, 37.2
39.8, 37.4
39.8, 37.6
39.8, 37.8
39.8, 38
39.8, 38.2
39.8, 38.4
39.8, 38.6
39.8, 38.8
39.8, 39
39.8, 39.2
39.8, 39.4
39.8, 39.6
39.8, 39.8
39.8, 40
39.8, 40.2
39.8, 40.4
39.8, 40.6
39.8, 40.8
39.8, 41
39.8, 41.2
39.8, 41.4
39.8, 41.6
39.8, 41.8
39.8, 42
39.8, 42.2
39.8, 42.4
39.8, 42.6
39.8, 42.8
39.8, 43
39.8, 43.2
39.8, 43.4
39.8, 43.6
39.8, 43.8
39.8, 44
39.8, 44.2
39.8, 44.4
39.8, 44.6
39.8, 44.8
39.8, 45
39.8, 45.2
39.8, 45.4
39.8, 45.6
39.8, 45.8
39.8, 46
39.8, 46.2
39.8, 46.4
39.8, 46.6
39.8, 46.8
39.8, 47
39.8, 47.2
39.8, 47.4
39.8, 47.6
39.8, 47.8
39.8, 48
39.8, 48.2
39.8, 48.4
39.8, 48.6
39.8, 48.8
39.8, 49
39.8, 49.2
39.8, 49.4
39.8, 49.6
39.8, 49.8
39.8, 50
40, 0.2
40, 0.4
40, 0.6
40, 0.8
40, 1
40, 1.2
40, 1.4
40, 1.6
40, 1.8
40, 2
40, 2.2
40, 2.4
40, 2.6
40, 2.8
40, 3
40, 3.2
40, 3.4
40, 3.6
40, 3.8
40, 4
40, 4.2
40, 4.4
40, 4.6
40, 4.8
40, 5
40, 5.2
40, 5.4
40, 5.6
40, 5.8
40, 6
40, 6.2
40, 6.4
40, 6.6
40, 6.8
40, 7
40, 7.2
40, 7.4
40, 7.6
40, 7.8
40, 8
40, 8.2
40, 8.4
40, 8.6
40, 8.8
40, 9
40, 9.2
40, 9.4
40, 9.6
40, 9.8
40, 10
40, 10.2
40, 10.4
40, 10.6
40, 10.8
40, 11
40, 11.2
40, 11.4
40, 11.6
40, 11.8
40, 12
40, 12.2
40, 12.4
40, 12.6
40, 12.8
40, 13
40, 13.2
40, 13.4
40, 13.6
40, 13.8
40, 14
40, 14.2
40, 14.4
40, 14.6
40, 14.8
40, 15
40, 15.2
40, 15.4
40, 15.6
40, 15.8
40, 16
40, 16.2
40, 16.4
40, 16.6
40, 16.8
40, 17
40, 17.2
40, 17.4
40, 17.6
40, 17.8
40, 18
40, 18.2
40, 18.4
40, 18.6
40, 18.8
40, 19
40, 19.2
40, 19.4
40, 19.6
40, 19.8
40, 20
40, 20.2
40, 20.4
40, 20.6
40, 20.8
40, 21
40, 21.2
40, 21.4
40, 21.6
40, 21.8
40, 22
40, 22.2
40, 22.4
40, 22.6
40, 22.8
40, 23
40, 23.2
40, 23.4
40, 23.6
40, 23.8
40, 24
40, 24.2
40, 24.4
40, 24.6
40, 24.8
40, 25
40, 25.2
40, 25.4
40, 25.6
40, 25.8
40, 26
40, 26.2
40, 26.4
40, 26.6
40, 26.8
40, 27
40, 27.2
40, 27.4
40, 27.6
40, 27.8
40, 28
40, 28.2
40, 28.4
40, 28.6
40, 28.8
40, 29
40, 29.2
40, 29.4
40, 29.6
40, 29.8
40, 30
40, 30.2
40, 30.4
40, 30.6
40, 30.8
40, 31
40, 31.2
40, 31.4
40, 31.6
40, 31.8
40, 32
40, 32.2
40, 32.4
40, 32.6
40, 32.8
40, 33
40, 33.2
40, 33.4
40, 33.6
40, 33.8
40, 34
40, 34.2
40, 34.4
40, 34.6
40, 34.8
40, 35
40, 35.2
40, 35.4
40, 35.6
40, 35.8
40, 36
40, 36.2
40, 36.4
40, 36.6
40, 36.8
40, 37
40, 37.2
40, 37.4
40, 37.6
40, 37.8
40, 38
40, 38.2
40, 38.4
40, 38.6
40, 38.8
40, 39
40, 39.2
40, 39.4
40, 39.6
40, 39.8
40, 40
40, 40.2
40, 40.4
40, 40.6
40, 40.8
40, 41
40, 41.2
40, 41.4
40, 41.6
40, 41.8
40, 42
40, 42.2
40, 42.4
40, 42.6
40, 42.8
40, 43
40, 43.2
40, 43.4
40, 43.6
40, 43.8
40, 44
40, 44.2
40, 44.4
40, 44.6
40, 44.8
40, 45
40, 45.2
40, 45.4
40, 45.6
40, 45.8
40, 46
40, 46.2
40, 46.4
40, 46.6
40, 46.8
40, 47
40, 47.2
40, 47.4
40, 47.6
40, 47.8
40, 48
40, 48.2
40, 48.4
40, 48.6
40, 48.8
40, 49
40, 49.2
40, 49.4
40, 49.6
40, 49.8
40, 50
40.2, 0.2
40.2, 0.4
40.2, 0.6
40.2, 0.8
40.2, 1
40.2, 1.2
40.2, 1.4
40.2, 1.6
40.2, 1.8
40.2, 2
40.2, 2.2
40.2, 2.4
40.2, 2.6
40.2, 2.8
40.2, 3
40.2, 3.2
40.2, 3.4
40.2, 3.6
40.2, 3.8
40.2, 4
40.2, 4.2
40.2, 4.4
40.2, 4.6
40.2, 4.8
40.2, 5
40.2, 5.2
40.2, 5.4
40.2, 5.6
40.2, 5.8
40.2, 6
40.2, 6.2
40.2, 6.4
40.2, 6.6
40.2, 6.8
40.2, 7
40.2, 7.2
40.2, 7.4
40.2, 7.6
40.2, 7.8
40.2, 8
40.2, 8.2
40.2, 8.4
40.2, 8.6
40.2, 8.8
40.2, 9
40.2, 9.2
40.2, 9.4
40.2, 9.6
40.2, 9.8
40.2, 10
40.2, 10.2
40.2, 10.4
40.2, 10.6
40.2, 10.8
40.2, 11
40.2, 11.2
40.2, 11.4
40.2, 11.6
40.2, 11.8
40.2, 12
40.2, 12.2
40.2, 12.4
40.2, 12.6
40.2, 12.8
40.2, 13
40.2, 13.2
40.2, 13.4
40.2, 13.6
40.2, 13.8
40.2, 14
40.2, 14.2
40.2, 14.4
40.2, 14.6
40.2, 14.8
40.2, 15
40.2, 15.2
40.2, 15.4
40.2, 15.6
40.2, 15.8
40.2, 16
40.2, 16.2
40.2, 16.4
40.2, 16.6
40.2, 16.8
40.2, 17
40.2, 17.2
40.2, 17.4
40.2, 17.6
40.2, 17.8
40.2, 18
40.2, 18.2
40.2, 18.4
40.2, 18.6
40.2, 18.8
40.2, 19
40.2, 19.2
40.2, 19.4
40.2, 19.6
40.2, 19.8
40.2, 20
40.2, 20.2
40.2, 20.4
40.2, 20.6
40.2, 20.8
40.2, 21
40.2, 21.2
40.2, 21.4
40.2, 21.6
40.2, 21.8
40.2, 22
40.2, 22.2
40.2, 22.4
40.2, 22.6
40.2, 22.8
40.2, 23
40.2, 23.2
40.2, 23.4
40.2, 23.6
40.2, 23.8
40.2, 24
40.2, 24.2
40.2, 24.4
40.2, 24.6
40.2, 24.8
40.2, 25
40.2, 25.2
40.2, 25.4
40.2, 25.6
40.2, 25.8
40.2, 26
40.2, 26.2
40.2, 26.4
40.2, 26.6
40.2, 26.8
40.2, 27
40.2, 27.2
40.2, 27.4
40.2, 27.6
40.2, 27.8
40.2, 28
40.2, 28.2
40.2, 28.4
40.2, 28.6
40.2, 28.8
40.2, 29
40.2, 29.2
40.2, 29.4
40.2, 29.6
40.2, 29.8
40.2, 30
40.2, 30.2
40.2, 30.4
40.2, 30.6
40.2, 30.8
40.2, 31
40.2, 31.2
40.2, 31.4
40.2, 31.6
40.2, 31.8
40.2, 32
40.2, 32.2
40.2, 32.4
40.2, 32.6
40.2, 32.8
40.2, 33
40.2, 33.2
40.2, 33.4
40.2, 33.6
40.2, 33.8
40.2, 34
40.2, 34.2
40.2, 34.4
40.2, 34.6
40.2, 34.8
40.2, 35
40.2, 35.2
40.2, 35.4
40.2, 35.6
40.2, 35.8
40.2, 36
40.2, 36.2
40.2, 36.4
40.2, 36.6
40.2, 36.8
40.2, 37
40.2, 37.2
40.2, 37.4
40.2, 37.6
40.2, 37.8
40.2, 38
40.2, 38.2
40.2, 38.4
40.2, 38.6
40.2, 38.8
40.2, 39
40.2, 39.2
40.2, 39.4
40.2, 39.6
40.2, 39.8
40.2, 40
40.2, 40.2
40.2, 40.4
40.2, 40.6
40.2, 40.8
40.2, 41
40.2, 41.2
40.2, 41.4
40.2, 41.6
40.2, 41.8
40.2, 42
40.2, 42.2
40.2, 42.4
40.2, 42.6
40.2, 42.8
40.2, 43
40.2, 43.2
40.2, 43.4
40.2, 43.6
40.2, 43.8
40.2, 44
40.2, 44.2
40.2, 44.4
40.2, 44.6
40.2, 44.8
40.2, 45
40.2, 45.2
40.2, 45.4
40.2, 45.6
40.2, 45.8
40.2, 46
40.2, 46.2
40.2, 46.4
40.2, 46.6
40.2, 46.8
40.2, 47
40.2, 47.2
40.2, 47.4
40.2, 47.6
40.2, 47.8
40.2, 48
40.2, 48.2
40.2, 48.4
40.2, 48.6
40.2, 48.8
40.2, 49
40.2, 49.2
40.2, 49.4
40.2, 49.6
40.2, 49.8
40.2, 50
40.4, 0.2
40.4, 0.4
40.4, 0.6
40.4, 0.8
40.4, 1
40.4, 1.2
40.4, 1.4
40.4, 1.6
40.4, 1.8
40.4, 2
40.4, 2.2
40.4, 2.4
40.4, 2.6
40.4, 2.8
40.4, 3
40.4, 3.2
40.4, 3.4
40.4, 3.6
40.4, 3.8
40.4, 4
40.4, 4.2
40.4, 4.4
40.4, 4.6
40.4, 4.8
40.4, 5
40.4, 5.2
40.4, 5.4
40.4, 5.6
40.4, 5.8
40.4, 6
40.4, 6.2
40.4, 6.4
40.4, 6.6
40.4, 6.8
40.4, 7
40.4, 7.2
40.4, 7.4
40.4, 7.6
40.4, 7.8
40.4, 8
40.4, 8.2
40.4, 8.4
40.4, 8.6
40.4, 8.8
40.4, 9
40.4, 9.2
40.4, 9.4
40.4, 9.6
40.4, 9.8
40.4, 10
40.4, 10.2
40.4, 10.4
40.4, 10.6
40.4, 10.8
40.4, 11
40.4, 11.2
40.4, 11.4
40.4, 11.6
40.4, 11.8
40.4, 12
40.4, 12.2
40.4, 12.4
40.4, 12.6
40.4, 12.8
40.4, 13
40.4, 13.2
40.4, 13.4
40.4, 13.6
40.4, 13.8
40.4, 14
40.4, 14.2
40.4, 14.4
40.4, 14.6
40.4, 14.8
40.4, 15
40.4, 15.2
40.4, 15.4
40.4, 15.6
40.4, 15.8
40.4, 16
40.4, 16.2
40.4, 16.4
40.4, 16.6
40.4, 16.8
40.4, 17
40.4, 17.2
40.4, 17.4
40.4, 17.6
40.4, 17.8
40.4, 18
40.4, 18.2
40.4, 18.4
40.4, 18.6
40.4, 18.8
40.4, 19
40.4, 19.2
40.4, 19.4
40.4, 19.6
40.4, 19.8
40.4, 20
40.4, 20.2
40.4, 20.4
40.4, 20.6
40.4, 20.8
40.4, 21
40.4, 21.2
40.4, 21.4
40.4, 21.6
40.4, 21.8
40.4, 22
40.4, 22.2
40.4, 22.4
40.4, 22.6
40.4, 22.8
40.4, 23
40.4, 23.2
40.4, 23.4
40.4, 23.6
40.4, 23.8
40.4, 24
40.4, 24.2
40.4, 24.4
40.4, 24.6
40.4, 24.8
40.4, 25
40.4, 25.2
40.4, 25.4
40.4, 25.6
40.4, 25.8
40.4, 26
40.4, 26.2
40.4, 26.4
40.4, 26.6
40.4, 26.8
40.4, 27
40.4, 27.2
40.4, 27.4
40.4, 27.6
40.4, 27.8
40.4, 28
40.4, 28.2
40.4, 28.4
40.4, 28.6
40.4, 28.8
40.4, 29
40.4, 29.2
40.4, 29.4
40.4, 29.6
40.4, 29.8
40.4, 30
40.4, 30.2
40.4, 30.4
40.4, 30.6
40.4, 30.8
40.4, 31
40.4, 31.2
40.4, 31.4
40.4, 31.6
40.4, 31.8
40.4, 32
40.4, 32.2
40.4, 32.4
40.4, 32.6
40.4, 32.8
40.4, 33
40.4, 33.2
40.4, 33.4
40.4, 33.6
40.4, 33.8
40.4, 34
40.4, 34.2
40.4, 34.4
40.4, 34.6
40.4, 34.8
40.4, 35
40.4, 35.2
40.4, 35.4
40.4, 35.6
40.4, 35.8
40.4, 36
40.4, 36.2
40.4, 36.4
40.4, 36.6
40.4, 36.8
40.4, 37
40.4, 37.2
40.4, 37.4
40.4, 37.6
40.4, 37.8
40.4, 38
40.4, 38.2
40.4, 38.4
40.4, 38.6
40.4, 38.8
40.4, 39
40.4, 39.2
40.4, 39.4
40.4, 39.6
40.4, 39.8
40.4, 40
40.4, 40.2
40.4, 40.4
40.4, 40.6
40.4, 40.8
40.4, 41
40.4, 41.2
40.4, 41.4
40.4, 41.6
40.4, 41.8
40.4, 42
40.4, 42.2
40.4, 42.4
40.4, 42.6
40.4, 42.8
40.4, 43
40.4, 43.2
40.4, 43.4
40.4, 43.6
40.4, 43.8
40.4, 44
40.4, 44.2
40.4, 44.4
40.4, 44.6
40.4, 44.8
40.4, 45
40.4, 45.2
40.4, 45.4
40.4, 45.6
40.4, 45.8
40.4, 46
40.4, 46.2
40.4, 46.4
40.4, 46.6
40.4, 46.8
40.4, 47
40.4, 47.2
40.4, 47.4
40.4, 47.6
40.4, 47.8
40.4, 48
40.4, 48.2
40.4, 48.4
40.4, 48.6
40.4, 48.8
40.4, 49
40.4, 49.2
40.4, 49.4
40.4, 49.6
40.4, 49.8
40.4, 50
40.6, 0.2
40.6, 0.4
40.6, 0.6
40.6, 0.8
40.6, 1
40.6, 1.2
40.6, 1.4
40.6, 1.6
40.6, 1.8
40.6, 2
40.6, 2.2
40.6, 2.4
40.6, 2.6
40.6, 2.8
40.6, 3
40.6, 3.2
40.6, 3.4
40.6, 3.6
40.6, 3.8
40.6, 4
40.6, 4.2
40.6, 4.4
40.6, 4.6
40.6, 4.8
40.6, 5
40.6, 5.2
40.6, 5.4
40.6, 5.6
40.6, 5.8
40.6, 6
40.6, 6.2
40.6, 6.4
40.6, 6.6
40.6, 6.8
40.6, 7
40.6, 7.2
40.6, 7.4
40.6, 7.6
40.6, 7.8
40.6, 8
40.6, 8.2
40.6, 8.4
40.6, 8.6
40.6, 8.8
40.6, 9
40.6, 9.2
40.6, 9.4
40.6, 9.6
40.6, 9.8
40.6, 10
40.6, 10.2
40.6, 10.4
40.6, 10.6
40.6, 10.8
40.6, 11
40.6, 11.2
40.6, 11.4
40.6, 11.6
40.6, 11.8
40.6, 12
40.6, 12.2
40.6, 12.4
40.6, 12.6
40.6, 12.8
40.6, 13
40.6, 13.2
40.6, 13.4
40.6, 13.6
40.6, 13.8
40.6, 14
40.6, 14.2
40.6, 14.4
40.6, 14.6
40.6, 14.8
40.6, 15
40.6, 15.2
40.6, 15.4
40.6, 15.6
40.6, 15.8
40.6, 16
40.6, 16.2
40.6, 16.4
40.6, 16.6
40.6, 16.8
40.6, 17
40.6, 17.2
40.6, 17.4
40.6, 17.6
40.6, 17.8
40.6, 18
40.6, 18.2
40.6, 18.4
40.6, 18.6
40.6, 18.8
40.6, 19
40.6, 19.2
40.6, 19.4
40.6, 19.6
40.6, 19.8
40.6, 20
40.6, 20.2
40.6, 20.4
40.6, 20.6
40.6, 20.8
40.6, 21
40.6, 21.2
40.6, 21.4
40.6, 21.6
40.6, 21.8
40.6, 22
40.6, 22.2
40.6, 22.4
40.6, 22.6
40.6, 22.8
40.6, 23
40.6, 23.2
40.6, 23.4
40.6, 23.6
40.6, 23.8
40.6, 24
40.6, 24.2
40.6, 24.4
40.6, 24.6
40.6, 24.8
40.6, 25
40.6, 25.2
40.6, 25.4
40.6, 25.6
40.6, 25.8
40.6, 26
40.6, 26.2
40.6, 26.4
40.6, 26.6
40.6, 26.8
40.6, 27
40.6, 27.2
40.6, 27.4
40.6, 27.6
40.6, 27.8
40.6, 28
40.6, 28.2
40.6, 28.4
40.6, 28.6
40.6, 28.8
40.6, 29
40.6, 29.2
40.6, 29.4
40.6, 29.6
40.6, 29.8
40.6, 30
40.6, 30.2
40.6, 30.4
40.6, 30.6
40.6, 30.8
40.6, 31
40.6, 31.2
40.6, 31.4
40.6, 31.6
40.6, 31.8
40.6, 32
40.6, 32.2
40.6, 32.4
40.6, 32.6
40.6, 32.8
40.6, 33
40.6, 33.2
40.6, 33.4
40.6, 33.6
40.6, 33.8
40.6, 34
40.6, 34.2
40.6, 34.4
40.6, 34.6
40.6, 34.8
40.6, 35
40.6, 35.2
40.6, 35.4
40.6, 35.6
40.6, 35.8
40.6, 36
40.6, 36.2
40.6, 36.4
40.6, 36.6
40.6, 36.8
40.6, 37
40.6, 37.2
40.6, 37.4
40.6, 37.6
40.6, 37.8
40.6, 38
40.6, 38.2
40.6, 38.4
40.6, 38.6
40.6, 38.8
40.6, 39
40.6, 39.2
40.6, 39.4
40.6, 39.6
40.6, 39.8
40.6, 40
40.6, 40.2
40.6, 40.4
40.6, 40.6
40.6, 40.8
40.6, 41
40.6, 41.2
40.6, 41.4
40.6, 41.6
40.6, 41.8
40.6, 42
40.6, 42.2
40.6, 42.4
40.6, 42.6
40.6, 42.8
40.6, 43
40.6, 43.2
40.6, 43.4
40.6, 43.6
40.6, 43.8
40.6, 44
40.6, 44.2
40.6, 44.4
40.6, 44.6
40.6, 44.8
40.6, 45
40.6, 45.2
40.6, 45.4
40.6, 45.6
40.6, 45.8
40.6, 46
40.6, 46.2
40.6, 46.4
40.6, 46.6
40.6, 46.8
40.6, 47
40.6, 47.2
40.6, 47.4
40.6, 47.6
40.6, 47.8
40.6, 48
40.6, 48.2
40.6, 48.4
40.6, 48.6
40.6, 48.8
40.6, 49
40.6, 49.2
40.6, 49.4
40.6, 49.6
40.6, 49.8
40.6, 50
40.8, 0.2
40.8, 0.4
40.8, 0.6
40.8, 0.8
40.8, 1
40.8, 1.2
40.8, 1.4
40.8, 1.6
40.8, 1.8
40.8, 2
40.8, 2.2
40.8, 2.4
40.8, 2.6
40.8, 2.8
40.8, 3
40.8, 3.2
40.8, 3.4
40.8, 3.6
40.8, 3.8
40.8, 4
40.8, 4.2
40.8, 4.4
40.8, 4.6
40.8, 4.8
40.8, 5
40.8, 5.2
40.8, 5.4
40.8, 5.6
40.8, 5.8
40.8, 6
40.8, 6.2
40.8, 6.4
40.8, 6.6
40.8, 6.8
40.8, 7
40.8, 7.2
40.8, 7.4
40.8, 7.6
40.8, 7.8
40.8, 8
40.8, 8.2
40.8, 8.4
40.8, 8.6
40.8, 8.8
40.8, 9
40.8, 9.2
40.8, 9.4
40.8, 9.6
40.8, 9.8
40.8, 10
40.8, 10.2
40.8, 10.4
40.8, 10.6
40.8, 10.8
40.8, 11
40.8, 11.2
40.8, 11.4
40.8, 11.6
40.8, 11.8
40.8, 12
40.8, 12.2
40.8, 12.4
40.8, 12.6
40.8, 12.8
40.8, 13
40.8, 13.2
40.8, 13.4
40.8, 13.6
40.8, 13.8
40.8, 14
40.8, 14.2
40.8, 14.4
40.8, 14.6
40.8, 14.8
40.8, 15
40.8, 15.2
40.8, 15.4
40.8, 15.6
40.8, 15.8
40.8, 16
40.8, 16.2
40.8, 16.4
40.8, 16.6
40.8, 16.8
40.8, 17
40.8, 17.2
40.8, 17.4
40.8, 17.6
40.8, 17.8
40.8, 18
40.8, 18.2
40.8, 18.4
40.8, 18.6
40.8, 18.8
40.8, 19
40.8, 19.2
40.8, 19.4
40.8, 19.6
40.8, 19.8
40.8, 20
40.8, 20.2
40.8, 20.4
40.8, 20.6
40.8, 20.8
40.8, 21
40.8, 21.2
40.8, 21.4
40.8, 21.6
40.8, 21.8
40.8, 22
40.8, 22.2
40.8, 22.4
40.8, 22.6
40.8, 22.8
40.8, 23
40.8, 23.2
40.8, 23.4
40.8, 23.6
40.8, 23.8
40.8, 24
40.8, 24.2
40.8, 24.4
40.8, 24.6
40.8, 24.8
40.8, 25
40.8, 25.2
40.8, 25.4
40.8, 25.6
40.8, 25.8
40.8, 26
40.8, 26.2
40.8, 26.4
40.8, 26.6
40.8, 26.8
40.8, 27
40.8, 27.2
40.8, 27.4
40.8, 27.6
40.8, 27.8
40.8, 28
40.8, 28.2
40.8, 28.4
40.8, 28.6
40.8, 28.8
40.8, 29
40.8, 29.2
40.8, 29.4
40.8, 29.6
40.8, 29.8
40.8, 30
40.8, 30.2
40.8, 30.4
40.8, 30.6
40.8, 30.8
40.8, 31
40.8, 31.2
40.8, 31.4
40.8, 31.6
40.8, 31.8
40.8, 32
40.8, 32.2
40.8, 32.4
40.8, 32.6
40.8, 32.8
40.8, 33
40.8, 33.2
40.8, 33.4
40.8, 33.6
40.8, 33.8
40.8, 34
40.8, 34.2
40.8, 34.4
40.8, 34.6
40.8, 34.8
40.8, 35
40.8, 35.2
40.8, 35.4
40.8, 35.6
40.8, 35.8
40.8, 36
40.8, 36.2
40.8, 36.4
40.8, 36.6
40.8, 36.8
40.8, 37
40.8, 37.2
40.8, 37.4
40.8, 37.6
40.8, 37.8
40.8, 38
40.8, 38.2
40.8, 38.4
40.8, 38.6
40.8, 38.8
40.8, 39
40.8, 39.2
40.8, 39.4
40.8, 39.6
40.8, 39.8
40.8, 40
40.8, 40.2
40.8, 40.4
40.8, 40.6
40.8, 40.8
40.8, 41
40.8, 41.2
40.8, 41.4
40.8, 41.6
40.8, 41.8
40.8, 42
40.8, 42.2
40.8, 42.4
40.8, 42.6
40.8, 42.8
40.8, 43
40.8, 43.2
40.8, 43.4
40.8, 43.6
40.8, 43.8
40.8, 44
40.8, 44.2
40.8, 44.4
40.8, 44.6
40.8, 44.8
40.8, 45
40.8, 45.2
40.8, 45.4
40.8, 45.6
40.8, 45.8
40.8, 46
40.8, 46.2
40.8, 46.4
40.8, 46.6
40.8, 46.8
40.8, 47
40.8, 47.2
40.8, 47.4
40.8, 47.6
40.8, 47.8
40.8, 48
40.8, 48.2
40.8, 48.4
40.8, 48.6
40.8, 48.8
40.8, 49
40.8, 49.2
40.8, 49.4
40.8, 49.6
40.8, 49.8
40.8, 50
41, 0.2
41, 0.4
41, 0.6
41, 0.8
41, 1
41, 1.2
41, 1.4
41, 1.6
41, 1.8
41, 2
41, 2.2
41, 2.4
41, 2.6
41, 2.8
41, 3
41, 3.2
41, 3.4
41, 3.6
41, 3.8
41, 4
41, 4.2
41, 4.4
41, 4.6
41, 4.8
41, 5
41, 5.2
41, 5.4
41, 5.6
41, 5.8
41, 6
41, 6.2
41, 6.4
41, 6.6
41, 6.8
41, 7
41, 7.2
41, 7.4
41, 7.6
41, 7.8
41, 8
41, 8.2
41, 8.4
41, 8.6
41, 8.8
41, 9
41, 9.2
41, 9.4
41, 9.6
41, 9.8
41, 10
41, 10.2
41, 10.4
41, 10.6
41, 10.8
41, 11
41, 11.2
41, 11.4
41, 11.6
41, 11.8
41, 12
41, 12.2
41, 12.4
41, 12.6
41, 12.8
41, 13
41, 13.2
41, 13.4
41, 13.6
41, 13.8
41, 14
41, 14.2
41, 14.4
41, 14.6
41, 14.8
41, 15
41, 15.2
41, 15.4
41, 15.6
41, 15.8
41, 16
41, 16.2
41, 16.4
41, 16.6
41, 16.8
41, 17
41, 17.2
41, 17.4
41, 17.6
41, 17.8
41, 18
41, 18.2
41, 18.4
41, 18.6
41, 18.8
41, 19
41, 19.2
41, 19.4
41, 19.6
41, 19.8
41, 20
41, 20.2
41, 20.4
41, 20.6
41, 20.8
41, 21
41, 21.2
41, 21.4
41, 21.6
41, 21.8
41, 22
41, 22.2
41, 22.4
41, 22.6
41, 22.8
41, 23
41, 23.2
41, 23.4
41, 23.6
41, 23.8
41, 24
41, 24.2
41, 24.4
41, 24.6
41, 24.8
41, 25
41, 25.2
41, 25.4
41, 25.6
41, 25.8
41, 26
41, 26.2
41, 26.4
41, 26.6
41, 26.8
41, 27
41, 27.2
41, 27.4
41, 27.6
41, 27.8
41, 28
41, 28.2
41, 28.4
41, 28.6
41, 28.8
41, 29
41, 29.2
41, 29.4
41, 29.6
41, 29.8
41, 30
41, 30.2
41, 30.4
41, 30.6
41, 30.8
41, 31
41, 31.2
41, 31.4
41, 31.6
41, 31.8
41, 32
41, 32.2
41, 32.4
41, 32.6
41, 32.8
41, 33
41, 33.2
41, 33.4
41, 33.6
41, 33.8
41, 34
41, 34.2
41, 34.4
41, 34.6
41, 34.8
41, 35
41, 35.2
41, 35.4
41, 35.6
41, 35.8
41, 36
41, 36.2
41, 36.4
41, 36.6
41, 36.8
41, 37
41, 37.2
41, 37.4
41, 37.6
41, 37.8
41, 38
41, 38.2
41, 38.4
41, 38.6
41, 38.8
41, 39
41, 39.2
41, 39.4
41, 39.6
41, 39.8
41, 40
41, 40.2
41, 40.4
41, 40.6
41, 40.8
41, 41
41, 41.2
41, 41.4
41, 41.6
41, 41.8
41, 42
41, 42.2
41, 42.4
41, 42.6
41, 42.8
41, 43
41, 43.2
41, 43.4
41, 43.6
41, 43.8
41, 44
41, 44.2
41, 44.4
41, 44.6
41, 44.8
41, 45
41, 45.2
41, 45.4
41, 45.6
41, 45.8
41, 46
41, 46.2
41, 46.4
41, 46.6
41, 46.8
41, 47
41, 47.2
41, 47.4
41, 47.6
41, 47.8
41, 48
41, 48.2
41, 48.4
41, 48.6
41, 48.8
41, 49
41, 49.2
41, 49.4
41, 49.6
41, 49.8
41, 50
41.2, 0.2
41.2, 0.4
41.2, 0.6
41.2, 0.8
41.2, 1
41.2, 1.2
41.2, 1.4
41.2, 1.6
41.2, 1.8
41.2, 2
41.2, 2.2
41.2, 2.4
41.2, 2.6
41.2, 2.8
41.2, 3
41.2, 3.2
41.2, 3.4
41.2, 3.6
41.2, 3.8
41.2, 4
41.2, 4.2
41.2, 4.4
41.2, 4.6
41.2, 4.8
41.2, 5
41.2, 5.2
41.2, 5.4
41.2, 5.6
41.2, 5.8
41.2, 6
41.2, 6.2
41.2, 6.4
41.2, 6.6
41.2, 6.8
41.2, 7
41.2, 7.2
41.2, 7.4
41.2, 7.6
41.2, 7.8
41.2, 8
41.2, 8.2
41.2, 8.4
41.2, 8.6
41.2, 8.8
41.2, 9
41.2, 9.2
41.2, 9.4
41.2, 9.6
41.2, 9.8
41.2, 10
41.2, 10.2
41.2, 10.4
41.2, 10.6
41.2, 10.8
41.2, 11
41.2, 11.2
41.2, 11.4
41.2, 11.6
41.2, 11.8
41.2, 12
41.2, 12.2
41.2, 12.4
41.2, 12.6
41.2, 12.8
41.2, 13
41.2, 13.2
41.2, 13.4
41.2, 13.6
41.2, 13.8
41.2, 14
41.2, 14.2
41.2, 14.4
41.2, 14.6
41.2, 14.8
41.2, 15
41.2, 15.2
41.2, 15.4
41.2, 15.6
41.2, 15.8
41.2, 16
41.2, 16.2
41.2, 16.4
41.2, 16.6
41.2, 16.8
41.2, 17
41.2, 17.2
41.2, 17.4
41.2, 17.6
41.2, 17.8
41.2, 18
41.2, 18.2
41.2, 18.4
41.2, 18.6
41.2, 18.8
41.2, 19
41.2, 19.2
41.2, 19.4
41.2, 19.6
41.2, 19.8
41.2, 20
41.2, 20.2
41.2, 20.4
41.2, 20.6
41.2, 20.8
41.2, 21
41.2, 21.2
41.2, 21.4
41.2, 21.6
41.2, 21.8
41.2, 22
41.2, 22.2
41.2, 22.4
41.2, 22.6
41.2, 22.8
41.2, 23
41.2, 23.2
41.2, 23.4
41.2, 23.6
41.2, 23.8
41.2, 24
41.2, 24.2
41.2, 24.4
41.2, 24.6
41.2, 24.8
41.2, 25
41.2, 25.2
41.2, 25.4
41.2, 25.6
41.2, 25.8
41.2, 26
41.2, 26.2
41.2, 26.4
41.2, 26.6
41.2, 26.8
41.2, 27
41.2, 27.2
41.2, 27.4
41.2, 27.6
41.2, 27.8
41.2, 28
41.2, 28.2
41.2, 28.4
41.2, 28.6
41.2, 28.8
41.2, 29
41.2, 29.2
41.2, 29.4
41.2, 29.6
41.2, 29.8
41.2, 30
41.2, 30.2
41.2, 30.4
41.2, 30.6
41.2, 30.8
41.2, 31
41.2, 31.2
41.2, 31.4
41.2, 31.6
41.2, 31.8
41.2, 32
41.2, 32.2
41.2, 32.4
41.2, 32.6
41.2, 32.8
41.2, 33
41.2, 33.2
41.2, 33.4
41.2, 33.6
41.2, 33.8
41.2, 34
41.2, 34.2
41.2, 34.4
41.2, 34.6
41.2, 34.8
41.2, 35
41.2, 35.2
41.2, 35.4
41.2, 35.6
41.2, 35.8
41.2, 36
41.2, 36.2
41.2, 36.4
41.2, 36.6
41.2, 36.8
41.2, 37
41.2, 37.2
41.2, 37.4
41.2, 37.6
41.2, 37.8
41.2, 38
41.2, 38.2
41.2, 38.4
41.2, 38.6
41.2, 38.8
41.2, 39
41.2, 39.2
41.2, 39.4
41.2, 39.6
41.2, 39.8
41.2, 40
41.2, 40.2
41.2, 40.4
41.2, 40.6
41.2, 40.8
41.2, 41
41.2, 41.2
41.2, 41.4
41.2, 41.6
41.2, 41.8
41.2, 42
41.2, 42.2
41.2, 42.4
41.2, 42.6
41.2, 42.8
41.2, 43
41.2, 43.2
41.2, 43.4
41.2, 43.6
41.2, 43.8
41.2, 44
41.2, 44.2
41.2, 44.4
41.2, 44.6
41.2, 44.8
41.2, 45
41.2, 45.2
41.2, 45.4
41.2, 45.6
41.2, 45.8
41.2, 46
41.2, 46.2
41.2, 46.4
41.2, 46.6
41.2, 46.8
41.2, 47
41.2, 47.2
41.2, 47.4
41.2, 47.6
41.2, 47.8
41.2, 48
41.2, 48.2
41.2, 48.4
41.2, 48.6
41.2, 48.8
41.2, 49
41.2, 49.2
41.2, 49.4
41.2, 49.6
41.2, 49.8
41.2, 50
41.4, 0.2
41.4, 0.4
41.4, 0.6
41.4, 0.8
41.4, 1
41.4, 1.2
41.4, 1.4
41.4, 1.6
41.4, 1.8
41.4, 2
41.4, 2.2
41.4, 2.4
41.4, 2.6
41.4, 2.8
41.4, 3
41.4, 3.2
41.4, 3.4
41.4, 3.6
41.4, 3.8
41.4, 4
41.4, 4.2
41.4, 4.4
41.4, 4.6
41.4, 4.8
41.4, 5
41.4, 5.2
41.4, 5.4
41.4, 5.6
41.4, 5.8
41.4, 6
41.4, 6.2
41.4, 6.4
41.4, 6.6
41.4, 6.8
41.4, 7
41.4, 7.2
41.4, 7.4
41.4, 7.6
41.4, 7.8
41.4, 8
41.4, 8.2
41.4, 8.4
41.4, 8.6
41.4, 8.8
41.4, 9
41.4, 9.2
41.4, 9.4
41.4, 9.6
41.4, 9.8
41.4, 10
41.4, 10.2
41.4, 10.4
41.4, 10.6
41.4, 10.8
41.4, 11
41.4, 11.2
41.4, 11.4
41.4, 11.6
41.4, 11.8
41.4, 12
41.4, 12.2
41.4, 12.4
41.4, 12.6
41.4, 12.8
41.4, 13
41.4, 13.2
41.4, 13.4
41.4, 13.6
41.4, 13.8
41.4, 14
41.4, 14.2
41.4, 14.4
41.4, 14.6
41.4, 14.8
41.4, 15
41.4, 15.2
41.4, 15.4
41.4, 15.6
41.4, 15.8
41.4, 16
41.4, 16.2
41.4, 16.4
41.4, 16.6
41.4, 16.8
41.4, 17
41.4, 17.2
41.4, 17.4
41.4, 17.6
41.4, 17.8
41.4, 18
41.4, 18.2
41.4, 18.4
41.4, 18.6
41.4, 18.8
41.4, 19
41.4, 19.2
41.4, 19.4
41.4, 19.6
41.4, 19.8
41.4, 20
41.4, 20.2
41.4, 20.4
41.4, 20.6
41.4, 20.8
41.4, 21
41.4, 21.2
41.4, 21.4
41.4, 21.6
41.4, 21.8
41.4, 22
41.4, 22.2
41.4, 22.4
41.4, 22.6
41.4, 22.8
41.4, 23
41.4, 23.2
41.4, 23.4
41.4, 23.6
41.4, 23.8
41.4, 24
41.4, 24.2
41.4, 24.4
41.4, 24.6
41.4, 24.8
41.4, 25
41.4, 25.2
41.4, 25.4
41.4, 25.6
41.4, 25.8
41.4, 26
41.4, 26.2
41.4, 26.4
41.4, 26.6
41.4, 26.8
41.4, 27
41.4, 27.2
41.4, 27.4
41.4, 27.6
41.4, 27.8
41.4, 28
41.4, 28.2
41.4, 28.4
41.4, 28.6
41.4, 28.8
41.4, 29
41.4, 29.2
41.4, 29.4
41.4, 29.6
41.4, 29.8
41.4, 30
41.4, 30.2
41.4, 30.4
41.4, 30.6
41.4, 30.8
41.4, 31
41.4, 31.2
41.4, 31.4
41.4, 31.6
41.4, 31.8
41.4, 32
41.4, 32.2
41.4, 32.4
41.4, 32.6
41.4, 32.8
41.4, 33
41.4, 33.2
41.4, 33.4
41.4, 33.6
41.4, 33.8
41.4, 34
41.4, 34.2
41.4, 34.4
41.4, 34.6
41.4, 34.8
41.4, 35
41.4, 35.2
41.4, 35.4
41.4, 35.6
41.4, 35.8
41.4, 36
41.4, 36.2
41.4, 36.4
41.4, 36.6
41.4, 36.8
41.4, 37
41.4, 37.2
41.4, 37.4
41.4, 37.6
41.4, 37.8
41.4, 38
41.4, 38.2
41.4, 38.4
41.4, 38.6
41.4, 38.8
41.4, 39
41.4, 39.2
41.4, 39.4
41.4, 39.6
41.4, 39.8
41.4, 40
41.4, 40.2
41.4, 40.4
41.4, 40.6
41.4, 40.8
41.4, 41
41.4, 41.2
41.4, 41.4
41.4, 41.6
41.4, 41.8
41.4, 42
41.4, 42.2
41.4, 42.4
41.4, 42.6
41.4, 42.8
41.4, 43
41.4, 43.2
41.4, 43.4
41.4, 43.6
41.4, 43.8
41.4, 44
41.4, 44.2
41.4, 44.4
41.4, 44.6
41.4, 44.8
41.4, 45
41.4, 45.2
41.4, 45.4
41.4, 45.6
41.4, 45.8
41.4, 46
41.4, 46.2
41.4, 46.4
41.4, 46.6
41.4, 46.8
41.4, 47
41.4, 47.2
41.4, 47.4
41.4, 47.6
41.4, 47.8
41.4, 48
41.4, 48.2
41.4, 48.4
41.4, 48.6
41.4, 48.8
41.4, 49
41.4, 49.2
41.4, 49.4
41.4, 49.6
41.4, 49.8
41.4, 50
41.6, 0.2
41.6, 0.4
41.6, 0.6
41.6, 0.8
41.6, 1
41.6, 1.2
41.6, 1.4
41.6, 1.6
41.6, 1.8
41.6, 2
41.6, 2.2
41.6, 2.4
41.6, 2.6
41.6, 2.8
41.6, 3
41.6, 3.2
41.6, 3.4
41.6, 3.6
41.6, 3.8
41.6, 4
41.6, 4.2
41.6, 4.4
41.6, 4.6
41.6, 4.8
41.6, 5
41.6, 5.2
41.6, 5.4
41.6, 5.6
41.6, 5.8
41.6, 6
41.6, 6.2
41.6, 6.4
41.6, 6.6
41.6, 6.8
41.6, 7
41.6, 7.2
41.6, 7.4
41.6, 7.6
41.6, 7.8
41.6, 8
41.6, 8.2
41.6, 8.4
41.6, 8.6
41.6, 8.8
41.6, 9
41.6, 9.2
41.6, 9.4
41.6, 9.6
41.6, 9.8
41.6, 10
41.6, 10.2
41.6, 10.4
41.6, 10.6
41.6, 10.8
41.6, 11
41.6, 11.2
41.6, 11.4
41.6, 11.6
41.6, 11.8
41.6, 12
41.6, 12.2
41.6, 12.4
41.6, 12.6
41.6, 12.8
41.6, 13
41.6, 13.2
41.6, 13.4
41.6, 13.6
41.6, 13.8
41.6, 14
41.6, 14.2
41.6, 14.4
41.6, 14.6
41.6, 14.8
41.6, 15
41.6, 15.2
41.6, 15.4
41.6, 15.6
41.6, 15.8
41.6, 16
41.6, 16.2
41.6, 16.4
41.6, 16.6
41.6, 16.8
41.6, 17
41.6, 17.2
41.6, 17.4
41.6, 17.6
41.6, 17.8
41.6, 18
41.6, 18.2
41.6, 18.4
41.6, 18.6
41.6, 18.8
41.6, 19
41.6, 19.2
41.6, 19.4
41.6, 19.6
41.6, 19.8
41.6, 20
41.6, 20.2
41.6, 20.4
41.6, 20.6
41.6, 20.8
41.6, 21
41.6, 21.2
41.6, 21.4
41.6, 21.6
41.6, 21.8
41.6, 22
41.6, 22.2
41.6, 22.4
41.6, 22.6
41.6, 22.8
41.6, 23
41.6, 23.2
41.6, 23.4
41.6, 23.6
41.6, 23.8
41.6, 24
41.6, 24.2
41.6, 24.4
41.6, 24.6
41.6, 24.8
41.6, 25
41.6, 25.2
41.6, 25.4
41.6, 25.6
41.6, 25.8
41.6, 26
41.6, 26.2
41.6, 26.4
41.6, 26.6
41.6, 26.8
41.6, 27
41.6, 27.2
41.6, 27.4
41.6, 27.6
41.6, 27.8
41.6, 28
41.6, 28.2
41.6, 28.4
41.6, 28.6
41.6, 28.8
41.6, 29
41.6, 29.2
41.6, 29.4
41.6, 29.6
41.6, 29.8
41.6, 30
41.6, 30.2
41.6, 30.4
41.6, 30.6
41.6, 30.8
41.6, 31
41.6, 31.2
41.6, 31.4
41.6, 31.6
41.6, 31.8
41.6, 32
41.6, 32.2
41.6, 32.4
41.6, 32.6
41.6, 32.8
41.6, 33
41.6, 33.2
41.6, 33.4
41.6, 33.6
41.6, 33.8
41.6, 34
41.6, 34.2
41.6, 34.4
41.6, 34.6
41.6, 34.8
41.6, 35
41.6, 35.2
41.6, 35.4
41.6, 35.6
41.6, 35.8
41.6, 36
41.6, 36.2
41.6, 36.4
41.6, 36.6
41.6, 36.8
41.6, 37
41.6, 37.2
41.6, 37.4
41.6, 37.6
41.6, 37.8
41.6, 38
41.6, 38.2
41.6, 38.4
41.6, 38.6
41.6, 38.8
41.6, 39
41.6, 39.2
41.6, 39.4
41.6, 39.6
41.6, 39.8
41.6, 40
41.6, 40.2
41.6, 40.4
41.6, 40.6
41.6, 40.8
41.6, 41
41.6, 41.2
41.6, 41.4
41.6, 41.6
41.6, 41.8
41.6, 42
41.6, 42.2
41.6, 42.4
41.6, 42.6
41.6, 42.8
41.6, 43
41.6, 43.2
41.6, 43.4
41.6, 43.6
41.6, 43.8
41.6, 44
41.6, 44.2
41.6, 44.4
41.6, 44.6
41.6, 44.8
41.6, 45
41.6, 45.2
41.6, 45.4
41.6, 45.6
41.6, 45.8
41.6, 46
41.6, 46.2
41.6, 46.4
41.6, 46.6
41.6, 46.8
41.6, 47
41.6, 47.2
41.6, 47.4
41.6, 47.6
41.6, 47.8
41.6, 48
41.6, 48.2
41.6, 48.4
41.6, 48.6
41.6, 48.8
41.6, 49
41.6, 49.2
41.6, 49.4
41.6, 49.6
41.6, 49.8
41.6, 50
41.8, 0.2
41.8, 0.4
41.8, 0.6
41.8, 0.8
41.8, 1
41.8, 1.2
41.8, 1.4
41.8, 1.6
41.8, 1.8
41.8, 2
41.8, 2.2
41.8, 2.4
41.8, 2.6
41.8, 2.8
41.8, 3
41.8, 3.2
41.8, 3.4
41.8, 3.6
41.8, 3.8
41.8, 4
41.8, 4.2
41.8, 4.4
41.8, 4.6
41.8, 4.8
41.8, 5
41.8, 5.2
41.8, 5.4
41.8, 5.6
41.8, 5.8
41.8, 6
41.8, 6.2
41.8, 6.4
41.8, 6.6
41.8, 6.8
41.8, 7
41.8, 7.2
41.8, 7.4
41.8, 7.6
41.8, 7.8
41.8, 8
41.8, 8.2
41.8, 8.4
41.8, 8.6
41.8, 8.8
41.8, 9
41.8, 9.2
41.8, 9.4
41.8, 9.6
41.8, 9.8
41.8, 10
41.8, 10.2
41.8, 10.4
41.8, 10.6
41.8, 10.8
41.8, 11
41.8, 11.2
41.8, 11.4
41.8, 11.6
41.8, 11.8
41.8, 12
41.8, 12.2
41.8, 12.4
41.8, 12.6
41.8, 12.8
41.8, 13
41.8, 13.2
41.8, 13.4
41.8, 13.6
41.8, 13.8
41.8, 14
41.8, 14.2
41.8, 14.4
41.8, 14.6
41.8, 14.8
41.8, 15
41.8, 15.2
41.8, 15.4
41.8, 15.6
41.8, 15.8
41.8, 16
41.8, 16.2
41.8, 16.4
41.8, 16.6
41.8, 16.8
41.8, 17
41.8, 17.2
41.8, 17.4
41.8, 17.6
41.8, 17.8
41.8, 18
41.8, 18.2
41.8, 18.4
41.8, 18.6
41.8, 18.8
41.8, 19
41.8, 19.2
41.8, 19.4
41.8, 19.6
41.8, 19.8
41.8, 20
41.8, 20.2
41.8, 20.4
41.8, 20.6
41.8, 20.8
41.8, 21
41.8, 21.2
41.8, 21.4
41.8, 21.6
41.8, 21.8
41.8, 22
41.8, 22.2
41.8, 22.4
41.8, 22.6
41.8, 22.8
41.8, 23
41.8, 23.2
41.8, 23.4
41.8, 23.6
41.8, 23.8
41.8, 24
41.8, 24.2
41.8, 24.4
41.8, 24.6
41.8, 24.8
41.8, 25
41.8, 25.2
41.8, 25.4
41.8, 25.6
41.8, 25.8
41.8, 26
41.8, 26.2
41.8, 26.4
41.8, 26.6
41.8, 26.8
41.8, 27
41.8, 27.2
41.8, 27.4
41.8, 27.6
41.8, 27.8
41.8, 28
41.8, 28.2
41.8, 28.4
41.8, 28.6
41.8, 28.8
41.8, 29
41.8, 29.2
41.8, 29.4
41.8, 29.6
41.8, 29.8
41.8, 30
41.8, 30.2
41.8, 30.4
41.8, 30.6
41.8, 30.8
41.8, 31
41.8, 31.2
41.8, 31.4
41.8, 31.6
41.8, 31.8
41.8, 32
41.8, 32.2
41.8, 32.4
41.8, 32.6
41.8, 32.8
41.8, 33
41.8, 33.2
41.8, 33.4
41.8, 33.6
41.8, 33.8
41.8, 34
41.8, 34.2
41.8, 34.4
41.8, 34.6
41.8, 34.8
41.8, 35
41.8, 35.2
41.8, 35.4
41.8, 35.6
41.8, 35.8
41.8, 36
41.8, 36.2
41.8, 36.4
41.8, 36.6
41.8, 36.8
41.8, 37
41.8, 37.2
41.8, 37.4
41.8, 37.6
41.8, 37.8
41.8, 38
41.8, 38.2
41.8, 38.4
41.8, 38.6
41.8, 38.8
41.8, 39
41.8, 39.2
41.8, 39.4
41.8, 39.6
41.8, 39.8
41.8, 40
41.8, 40.2
41.8, 40.4
41.8, 40.6
41.8, 40.8
41.8, 41
41.8, 41.2
41.8, 41.4
41.8, 41.6
41.8, 41.8
41.8, 42
41.8, 42.2
41.8, 42.4
41.8, 42.6
41.8, 42.8
41.8, 43
41.8, 43.2
41.8, 43.4
41.8, 43.6
41.8, 43.8
41.8, 44
41.8, 44.2
41.8, 44.4
41.8, 44.6
41.8, 44.8
41.8, 45
41.8, 45.2
41.8, 45.4
41.8, 45.6
41.8, 45.8
41.8, 46
41.8, 46.2
41.8, 46.4
41.8, 46.6
41.8, 46.8
41.8, 47
41.8, 47.2
41.8, 47.4
41.8, 47.6
41.8, 47.8
41.8, 48
41.8, 48.2
41.8, 48.4
41.8, 48.6
41.8, 48.8
41.8, 49
41.8, 49.2
41.8, 49.4
41.8, 49.6
41.8, 49.8
41.8, 50
42, 0.2
42, 0.4
42, 0.6
42, 0.8
42, 1
42, 1.2
42, 1.4
42, 1.6
42, 1.8
42, 2
42, 2.2
42, 2.4
42, 2.6
42, 2.8
42, 3
42, 3.2
42, 3.4
42, 3.6
42, 3.8
42, 4
42, 4.2
42, 4.4
42, 4.6
42, 4.8
42, 5
42, 5.2
42, 5.4
42, 5.6
42, 5.8
42, 6
42, 6.2
42, 6.4
42, 6.6
42, 6.8
42, 7
42, 7.2
42, 7.4
42, 7.6
42, 7.8
42, 8
42, 8.2
42, 8.4
42, 8.6
42, 8.8
42, 9
42, 9.2
42, 9.4
42, 9.6
42, 9.8
42, 10
42, 10.2
42, 10.4
42, 10.6
42, 10.8
42, 11
42, 11.2
42, 11.4
42, 11.6
42, 11.8
42, 12
42, 12.2
42, 12.4
42, 12.6
42, 12.8
42, 13
42, 13.2
42, 13.4
42, 13.6
42, 13.8
42, 14
42, 14.2
42, 14.4
42, 14.6
42, 14.8
42, 15
42, 15.2
42, 15.4
42, 15.6
42, 15.8
42, 16
42, 16.2
42, 16.4
42, 16.6
42, 16.8
42, 17
42, 17.2
42, 17.4
42, 17.6
42, 17.8
42, 18
42, 18.2
42, 18.4
42, 18.6
42, 18.8
42, 19
42, 19.2
42, 19.4
42, 19.6
42, 19.8
42, 20
42, 20.2
42, 20.4
42, 20.6
42, 20.8
42, 21
42, 21.2
42, 21.4
42, 21.6
42, 21.8
42, 22
42, 22.2
42, 22.4
42, 22.6
42, 22.8
42, 23
42, 23.2
42, 23.4
42, 23.6
42, 23.8
42, 24
42, 24.2
42, 24.4
42, 24.6
42, 24.8
42, 25
42, 25.2
42, 25.4
42, 25.6
42, 25.8
42, 26
42, 26.2
42, 26.4
42, 26.6
42, 26.8
42, 27
42, 27.2
42, 27.4
42, 27.6
42, 27.8
42, 28
42, 28.2
42, 28.4
42, 28.6
42, 28.8
42, 29
42, 29.2
42, 29.4
42, 29.6
42, 29.8
42, 30
42, 30.2
42, 30.4
42, 30.6
42, 30.8
42, 31
42, 31.2
42, 31.4
42, 31.6
42, 31.8
42, 32
42, 32.2
42, 32.4
42, 32.6
42, 32.8
42, 33
42, 33.2
42, 33.4
42, 33.6
42, 33.8
42, 34
42, 34.2
42, 34.4
42, 34.6
42, 34.8
42, 35
42, 35.2
42, 35.4
42, 35.6
42, 35.8
42, 36
42, 36.2
42, 36.4
42, 36.6
42, 36.8
42, 37
42, 37.2
42, 37.4
42, 37.6
42, 37.8
42, 38
42, 38.2
42, 38.4
42, 38.6
42, 38.8
42, 39
42, 39.2
42, 39.4
42, 39.6
42, 39.8
42, 40
42, 40.2
42, 40.4
42, 40.6
42, 40.8
42, 41
42, 41.2
42, 41.4
42, 41.6
42, 41.8
42, 42
42, 42.2
42, 42.4
42, 42.6
42, 42.8
42, 43
42, 43.2
42, 43.4
42, 43.6
42, 43.8
42, 44
42, 44.2
42, 44.4
42, 44.6
42, 44.8
42, 45
42, 45.2
42, 45.4
42, 45.6
42, 45.8
42, 46
42, 46.2
42, 46.4
42, 46.6
42, 46.8
42, 47
42, 47.2
42, 47.4
42, 47.6
42, 47.8
42, 48
42, 48.2
42, 48.4
42, 48.6
42, 48.8
42, 49
42, 49.2
42, 49.4
42, 49.6
42, 49.8
42, 50
42.2, 0.2
42.2, 0.4
42.2, 0.6
42.2, 0.8
42.2, 1
42.2, 1.2
42.2, 1.4
42.2, 1.6
42.2, 1.8
42.2, 2
42.2, 2.2
42.2, 2.4
42.2, 2.6
42.2, 2.8
42.2, 3
42.2, 3.2
42.2, 3.4
42.2, 3.6
42.2, 3.8
42.2, 4
42.2, 4.2
42.2, 4.4
42.2, 4.6
42.2, 4.8
42.2, 5
42.2, 5.2
42.2, 5.4
42.2, 5.6
42.2, 5.8
42.2, 6
42.2, 6.2
42.2, 6.4
42.2, 6.6
42.2, 6.8
42.2, 7
42.2, 7.2
42.2, 7.4
42.2, 7.6
42.2, 7.8
42.2, 8
42.2, 8.2
42.2, 8.4
42.2, 8.6
42.2, 8.8
42.2, 9
42.2, 9.2
42.2, 9.4
42.2, 9.6
42.2, 9.8
42.2, 10
42.2, 10.2
42.2, 10.4
42.2, 10.6
42.2, 10.8
42.2, 11
42.2, 11.2
42.2, 11.4
42.2, 11.6
42.2, 11.8
42.2, 12
42.2, 12.2
42.2, 12.4
42.2, 12.6
42.2, 12.8
42.2, 13
42.2, 13.2
42.2, 13.4
42.2, 13.6
42.2, 13.8
42.2, 14
42.2, 14.2
42.2, 14.4
42.2, 14.6
42.2, 14.8
42.2, 15
42.2, 15.2
42.2, 15.4
42.2, 15.6
42.2, 15.8
42.2, 16
42.2, 16.2
42.2, 16.4
42.2, 16.6
42.2, 16.8
42.2, 17
42.2, 17.2
42.2, 17.4
42.2, 17.6
42.2, 17.8
42.2, 18
42.2, 18.2
42.2, 18.4
42.2, 18.6
42.2, 18.8
42.2, 19
42.2, 19.2
42.2, 19.4
42.2, 19.6
42.2, 19.8
42.2, 20
42.2, 20.2
42.2, 20.4
42.2, 20.6
42.2, 20.8
42.2, 21
42.2, 21.2
42.2, 21.4
42.2, 21.6
42.2, 21.8
42.2, 22
42.2, 22.2
42.2, 22.4
42.2, 22.6
42.2, 22.8
42.2, 23
42.2, 23.2
42.2, 23.4
42.2, 23.6
42.2, 23.8
42.2, 24
42.2, 24.2
42.2, 24.4
42.2, 24.6
42.2, 24.8
42.2, 25
42.2, 25.2
42.2, 25.4
42.2, 25.6
42.2, 25.8
42.2, 26
42.2, 26.2
42.2, 26.4
42.2, 26.6
42.2, 26.8
42.2, 27
42.2, 27.2
42.2, 27.4
42.2, 27.6
42.2, 27.8
42.2, 28
42.2, 28.2
42.2, 28.4
42.2, 28.6
42.2, 28.8
42.2, 29
42.2, 29.2
42.2, 29.4
42.2, 29.6
42.2, 29.8
42.2, 30
42.2, 30.2
42.2, 30.4
42.2, 30.6
42.2, 30.8
42.2, 31
42.2, 31.2
42.2, 31.4
42.2, 31.6
42.2, 31.8
42.2, 32
42.2, 32.2
42.2, 32.4
42.2, 32.6
42.2, 32.8
42.2, 33
42.2, 33.2
42.2, 33.4
42.2, 33.6
42.2, 33.8
42.2, 34
42.2, 34.2
42.2, 34.4
42.2, 34.6
42.2, 34.8
42.2, 35
42.2, 35.2
42.2, 35.4
42.2, 35.6
42.2, 35.8
42.2, 36
42.2, 36.2
42.2, 36.4
42.2, 36.6
42.2, 36.8
42.2, 37
42.2, 37.2
42.2, 37.4
42.2, 37.6
42.2, 37.8
42.2, 38
42.2, 38.2
42.2, 38.4
42.2, 38.6
42.2, 38.8
42.2, 39
42.2, 39.2
42.2, 39.4
42.2, 39.6
42.2, 39.8
42.2, 40
42.2, 40.2
42.2, 40.4
42.2, 40.6
42.2, 40.8
42.2, 41
42.2, 41.2
42.2, 41.4
42.2, 41.6
42.2, 41.8
42.2, 42
42.2, 42.2
42.2, 42.4
42.2, 42.6
42.2, 42.8
42.2, 43
42.2, 43.2
42.2, 43.4
42.2, 43.6
42.2, 43.8
42.2, 44
42.2, 44.2
42.2, 44.4
42.2, 44.6
42.2, 44.8
42.2, 45
42.2, 45.2
42.2, 45.4
42.2, 45.6
42.2, 45.8
42.2, 46
42.2, 46.2
42.2, 46.4
42.2, 46.6
42.2, 46.8
42.2, 47
42.2, 47.2
42.2, 47.4
42.2, 47.6
42.2, 47.8
42.2, 48
42.2, 48.2
42.2, 48.4
42.2, 48.6
42.2, 48.8
42.2, 49
42.2, 49.2
42.2, 49.4
42.2, 49.6
42.2, 49.8
42.2, 50
42.4, 0.2
42.4, 0.4
42.4, 0.6
42.4, 0.8
42.4, 1
42.4, 1.2
42.4, 1.4
42.4, 1.6
42.4, 1.8
42.4, 2
42.4, 2.2
42.4, 2.4
42.4, 2.6
42.4, 2.8
42.4, 3
42.4, 3.2
42.4, 3.4
42.4, 3.6
42.4, 3.8
42.4, 4
42.4, 4.2
42.4, 4.4
42.4, 4.6
42.4, 4.8
42.4, 5
42.4, 5.2
42.4, 5.4
42.4, 5.6
42.4, 5.8
42.4, 6
42.4, 6.2
42.4, 6.4
42.4, 6.6
42.4, 6.8
42.4, 7
42.4, 7.2
42.4, 7.4
42.4, 7.6
42.4, 7.8
42.4, 8
42.4, 8.2
42.4, 8.4
42.4, 8.6
42.4, 8.8
42.4, 9
42.4, 9.2
42.4, 9.4
42.4, 9.6
42.4, 9.8
42.4, 10
42.4, 10.2
42.4, 10.4
42.4, 10.6
42.4, 10.8
42.4, 11
42.4, 11.2
42.4, 11.4
42.4, 11.6
42.4, 11.8
42.4, 12
42.4, 12.2
42.4, 12.4
42.4, 12.6
42.4, 12.8
42.4, 13
42.4, 13.2
42.4, 13.4
42.4, 13.6
42.4, 13.8
42.4, 14
42.4, 14.2
42.4, 14.4
42.4, 14.6
42.4, 14.8
42.4, 15
42.4, 15.2
42.4, 15.4
42.4, 15.6
42.4, 15.8
42.4, 16
42.4, 16.2
42.4, 16.4
42.4, 16.6
42.4, 16.8
42.4, 17
42.4, 17.2
42.4, 17.4
42.4, 17.6
42.4, 17.8
42.4, 18
42.4, 18.2
42.4, 18.4
42.4, 18.6
42.4, 18.8
42.4, 19
42.4, 19.2
42.4, 19.4
42.4, 19.6
42.4, 19.8
42.4, 20
42.4, 20.2
42.4, 20.4
42.4, 20.6
42.4, 20.8
42.4, 21
42.4, 21.2
42.4, 21.4
42.4, 21.6
42.4, 21.8
42.4, 22
42.4, 22.2
42.4, 22.4
42.4, 22.6
42.4, 22.8
42.4, 23
42.4, 23.2
42.4, 23.4
42.4, 23.6
42.4, 23.8
42.4, 24
42.4, 24.2
42.4, 24.4
42.4, 24.6
42.4, 24.8
42.4, 25
42.4, 25.2
42.4, 25.4
42.4, 25.6
42.4, 25.8
42.4, 26
42.4, 26.2
42.4, 26.4
42.4, 26.6
42.4, 26.8
42.4, 27
42.4, 27.2
42.4, 27.4
42.4, 27.6
42.4, 27.8
42.4, 28
42.4, 28.2
42.4, 28.4
42.4, 28.6
42.4, 28.8
42.4, 29
42.4, 29.2
42.4, 29.4
42.4, 29.6
42.4, 29.8
42.4, 30
42.4, 30.2
42.4, 30.4
42.4, 30.6
42.4, 30.8
42.4, 31
42.4, 31.2
42.4, 31.4
42.4, 31.6
42.4, 31.8
42.4, 32
42.4, 32.2
42.4, 32.4
42.4, 32.6
42.4, 32.8
42.4, 33
42.4, 33.2
42.4, 33.4
42.4, 33.6
42.4, 33.8
42.4, 34
42.4, 34.2
42.4, 34.4
42.4, 34.6
42.4, 34.8
42.4, 35
42.4, 35.2
42.4, 35.4
42.4, 35.6
42.4, 35.8
42.4, 36
42.4, 36.2
42.4, 36.4
42.4, 36.6
42.4, 36.8
42.4, 37
42.4, 37.2
42.4, 37.4
42.4, 37.6
42.4, 37.8
42.4, 38
42.4, 38.2
42.4, 38.4
42.4, 38.6
42.4, 38.8
42.4, 39
42.4, 39.2
42.4, 39.4
42.4, 39.6
42.4, 39.8
42.4, 40
42.4, 40.2
42.4, 40.4
42.4, 40.6
42.4, 40.8
42.4, 41
42.4, 41.2
42.4, 41.4
42.4, 41.6
42.4, 41.8
42.4, 42
42.4, 42.2
42.4, 42.4
42.4, 42.6
42.4, 42.8
42.4, 43
42.4, 43.2
42.4, 43.4
42.4, 43.6
42.4, 43.8
42.4, 44
42.4, 44.2
42.4, 44.4
42.4, 44.6
42.4, 44.8
42.4, 45
42.4, 45.2
42.4, 45.4
42.4, 45.6
42.4, 45.8
42.4, 46
42.4, 46.2
42.4, 46.4
42.4, 46.6
42.4, 46.8
42.4, 47
42.4, 47.2
42.4, 47.4
42.4, 47.6
42.4, 47.8
42.4, 48
42.4, 48.2
42.4, 48.4
42.4, 48.6
42.4, 48.8
42.4, 49
42.4, 49.2
42.4, 49.4
42.4, 49.6
42.4, 49.8
42.4, 50
42.6, 0.2
42.6, 0.4
42.6, 0.6
42.6, 0.8
42.6, 1
42.6, 1.2
42.6, 1.4
42.6, 1.6
42.6, 1.8
42.6, 2
42.6, 2.2
42.6, 2.4
42.6, 2.6
42.6, 2.8
42.6, 3
42.6, 3.2
42.6, 3.4
42.6, 3.6
42.6, 3.8
42.6, 4
42.6, 4.2
42.6, 4.4
42.6, 4.6
42.6, 4.8
42.6, 5
42.6, 5.2
42.6, 5.4
42.6, 5.6
42.6, 5.8
42.6, 6
42.6, 6.2
42.6, 6.4
42.6, 6.6
42.6, 6.8
42.6, 7
42.6, 7.2
42.6, 7.4
42.6, 7.6
42.6, 7.8
42.6, 8
42.6, 8.2
42.6, 8.4
42.6, 8.6
42.6, 8.8
42.6, 9
42.6, 9.2
42.6, 9.4
42.6, 9.6
42.6, 9.8
42.6, 10
42.6, 10.2
42.6, 10.4
42.6, 10.6
42.6, 10.8
42.6, 11
42.6, 11.2
42.6, 11.4
42.6, 11.6
42.6, 11.8
42.6, 12
42.6, 12.2
42.6, 12.4
42.6, 12.6
42.6, 12.8
42.6, 13
42.6, 13.2
42.6, 13.4
42.6, 13.6
42.6, 13.8
42.6, 14
42.6, 14.2
42.6, 14.4
42.6, 14.6
42.6, 14.8
42.6, 15
42.6, 15.2
42.6, 15.4
42.6, 15.6
42.6, 15.8
42.6, 16
42.6, 16.2
42.6, 16.4
42.6, 16.6
42.6, 16.8
42.6, 17
42.6, 17.2
42.6, 17.4
42.6, 17.6
42.6, 17.8
42.6, 18
42.6, 18.2
42.6, 18.4
42.6, 18.6
42.6, 18.8
42.6, 19
42.6, 19.2
42.6, 19.4
42.6, 19.6
42.6, 19.8
42.6, 20
42.6, 20.2
42.6, 20.4
42.6, 20.6
42.6, 20.8
42.6, 21
42.6, 21.2
42.6, 21.4
42.6, 21.6
42.6, 21.8
42.6, 22
42.6, 22.2
42.6, 22.4
42.6, 22.6
42.6, 22.8
42.6, 23
42.6, 23.2
42.6, 23.4
42.6, 23.6
42.6, 23.8
42.6, 24
42.6, 24.2
42.6, 24.4
42.6, 24.6
42.6, 24.8
42.6, 25
42.6, 25.2
42.6, 25.4
42.6, 25.6
42.6, 25.8
42.6, 26
42.6, 26.2
42.6, 26.4
42.6, 26.6
42.6, 26.8
42.6, 27
42.6, 27.2
42.6, 27.4
42.6, 27.6
42.6, 27.8
42.6, 28
42.6, 28.2
42.6, 28.4
42.6, 28.6
42.6, 28.8
42.6, 29
42.6, 29.2
42.6, 29.4
42.6, 29.6
42.6, 29.8
42.6, 30
42.6, 30.2
42.6, 30.4
42.6, 30.6
42.6, 30.8
42.6, 31
42.6, 31.2
42.6, 31.4
42.6, 31.6
42.6, 31.8
42.6, 32
42.6, 32.2
42.6, 32.4
42.6, 32.6
42.6, 32.8
42.6, 33
42.6, 33.2
42.6, 33.4
42.6, 33.6
42.6, 33.8
42.6, 34
42.6, 34.2
42.6, 34.4
42.6, 34.6
42.6, 34.8
42.6, 35
42.6, 35.2
42.6, 35.4
42.6, 35.6
42.6, 35.8
42.6, 36
42.6, 36.2
42.6, 36.4
42.6, 36.6
42.6, 36.8
42.6, 37
42.6, 37.2
42.6, 37.4
42.6, 37.6
42.6, 37.8
42.6, 38
42.6, 38.2
42.6, 38.4
42.6, 38.6
42.6, 38.8
42.6, 39
42.6, 39.2
42.6, 39.4
42.6, 39.6
42.6, 39.8
42.6, 40
42.6, 40.2
42.6, 40.4
42.6, 40.6
42.6, 40.8
42.6, 41
42.6, 41.2
42.6, 41.4
42.6, 41.6
42.6, 41.8
42.6, 42
42.6, 42.2
42.6, 42.4
42.6, 42.6
42.6, 42.8
42.6, 43
42.6, 43.2
42.6, 43.4
42.6, 43.6
42.6, 43.8
42.6, 44
42.6, 44.2
42.6, 44.4
42.6, 44.6
42.6, 44.8
42.6, 45
42.6, 45.2
42.6, 45.4
42.6, 45.6
42.6, 45.8
42.6, 46
42.6, 46.2
42.6, 46.4
42.6, 46.6
42.6, 46.8
42.6, 47
42.6, 47.2
42.6, 47.4
42.6, 47.6
42.6, 47.8
42.6, 48
42.6, 48.2
42.6, 48.4
42.6, 48.6
42.6, 48.8
42.6, 49
42.6, 49.2
42.6, 49.4
42.6, 49.6
42.6, 49.8
42.6, 50
42.8, 0.2
42.8, 0.4
42.8, 0.6
42.8, 0.8
42.8, 1
42.8, 1.2
42.8, 1.4
42.8, 1.6
42.8, 1.8
42.8, 2
42.8, 2.2
42.8, 2.4
42.8, 2.6
42.8, 2.8
42.8, 3
42.8, 3.2
42.8, 3.4
42.8, 3.6
42.8, 3.8
42.8, 4
42.8, 4.2
42.8, 4.4
42.8, 4.6
42.8, 4.8
42.8, 5
42.8, 5.2
42.8, 5.4
42.8, 5.6
42.8, 5.8
42.8, 6
42.8, 6.2
42.8, 6.4
42.8, 6.6
42.8, 6.8
42.8, 7
42.8, 7.2
42.8, 7.4
42.8, 7.6
42.8, 7.8
42.8, 8
42.8, 8.2
42.8, 8.4
42.8, 8.6
42.8, 8.8
42.8, 9
42.8, 9.2
42.8, 9.4
42.8, 9.6
42.8, 9.8
42.8, 10
42.8, 10.2
42.8, 10.4
42.8, 10.6
42.8, 10.8
42.8, 11
42.8, 11.2
42.8, 11.4
42.8, 11.6
42.8, 11.8
42.8, 12
42.8, 12.2
42.8, 12.4
42.8, 12.6
42.8, 12.8
42.8, 13
42.8, 13.2
42.8, 13.4
42.8, 13.6
42.8, 13.8
42.8, 14
42.8, 14.2
42.8, 14.4
42.8, 14.6
42.8, 14.8
42.8, 15
42.8, 15.2
42.8, 15.4
42.8, 15.6
42.8, 15.8
42.8, 16
42.8, 16.2
42.8, 16.4
42.8, 16.6
42.8, 16.8
42.8, 17
42.8, 17.2
42.8, 17.4
42.8, 17.6
42.8, 17.8
42.8, 18
42.8, 18.2
42.8, 18.4
42.8, 18.6
42.8, 18.8
42.8, 19
42.8, 19.2
42.8, 19.4
42.8, 19.6
42.8, 19.8
42.8, 20
42.8, 20.2
42.8, 20.4
42.8, 20.6
42.8, 20.8
42.8, 21
42.8, 21.2
42.8, 21.4
42.8, 21.6
42.8, 21.8
42.8, 22
42.8, 22.2
42.8, 22.4
42.8, 22.6
42.8, 22.8
42.8, 23
42.8, 23.2
42.8, 23.4
42.8, 23.6
42.8, 23.8
42.8, 24
42.8, 24.2
42.8, 24.4
42.8, 24.6
42.8, 24.8
42.8, 25
42.8, 25.2
42.8, 25.4
42.8, 25.6
42.8, 25.8
42.8, 26
42.8, 26.2
42.8, 26.4
42.8, 26.6
42.8, 26.8
42.8, 27
42.8, 27.2
42.8, 27.4
42.8, 27.6
42.8, 27.8
42.8, 28
42.8, 28.2
42.8, 28.4
42.8, 28.6
42.8, 28.8
42.8, 29
42.8, 29.2
42.8, 29.4
42.8, 29.6
42.8, 29.8
42.8, 30
42.8, 30.2
42.8, 30.4
42.8, 30.6
42.8, 30.8
42.8, 31
42.8, 31.2
42.8, 31.4
42.8, 31.6
42.8, 31.8
42.8, 32
42.8, 32.2
42.8, 32.4
42.8, 32.6
42.8, 32.8
42.8, 33
42.8, 33.2
42.8, 33.4
42.8, 33.6
42.8, 33.8
42.8, 34
42.8, 34.2
42.8, 34.4
42.8, 34.6
42.8, 34.8
42.8, 35
42.8, 35.2
42.8, 35.4
42.8, 35.6
42.8, 35.8
42.8, 36
42.8, 36.2
42.8, 36.4
42.8, 36.6
42.8, 36.8
42.8, 37
42.8, 37.2
42.8, 37.4
42.8, 37.6
42.8, 37.8
42.8, 38
42.8, 38.2
42.8, 38.4
42.8, 38.6
42.8, 38.8
42.8, 39
42.8, 39.2
42.8, 39.4
42.8, 39.6
42.8, 39.8
42.8, 40
42.8, 40.2
42.8, 40.4
42.8, 40.6
42.8, 40.8
42.8, 41
42.8, 41.2
42.8, 41.4
42.8, 41.6
42.8, 41.8
42.8, 42
42.8, 42.2
42.8, 42.4
42.8, 42.6
42.8, 42.8
42.8, 43
42.8, 43.2
42.8, 43.4
42.8, 43.6
42.8, 43.8
42.8, 44
42.8, 44.2
42.8, 44.4
42.8, 44.6
42.8, 44.8
42.8, 45
42.8, 45.2
42.8, 45.4
42.8, 45.6
42.8, 45.8
42.8, 46
42.8, 46.2
42.8, 46.4
42.8, 46.6
42.8, 46.8
42.8, 47
42.8, 47.2
42.8, 47.4
42.8, 47.6
42.8, 47.8
42.8, 48
42.8, 48.2
42.8, 48.4
42.8, 48.6
42.8, 48.8
42.8, 49
42.8, 49.2
42.8, 49.4
42.8, 49.6
42.8, 49.8
42.8, 50
43, 0.2
43, 0.4
43, 0.6
43, 0.8
43, 1
43, 1.2
43, 1.4
43, 1.6
43, 1.8
43, 2
43, 2.2
43, 2.4
43, 2.6
43, 2.8
43, 3
43, 3.2
43, 3.4
43, 3.6
43, 3.8
43, 4
43, 4.2
43, 4.4
43, 4.6
43, 4.8
43, 5
43, 5.2
43, 5.4
43, 5.6
43, 5.8
43, 6
43, 6.2
43, 6.4
43, 6.6
43, 6.8
43, 7
43, 7.2
43, 7.4
43, 7.6
43, 7.8
43, 8
43, 8.2
43, 8.4
43, 8.6
43, 8.8
43, 9
43, 9.2
43, 9.4
43, 9.6
43, 9.8
43, 10
43, 10.2
43, 10.4
43, 10.6
43, 10.8
43, 11
43, 11.2
43, 11.4
43, 11.6
43, 11.8
43, 12
43, 12.2
43, 12.4
43, 12.6
43, 12.8
43, 13
43, 13.2
43, 13.4
43, 13.6
43, 13.8
43, 14
43, 14.2
43, 14.4
43, 14.6
43, 14.8
43, 15
43, 15.2
43, 15.4
43, 15.6
43, 15.8
43, 16
43, 16.2
43, 16.4
43, 16.6
43, 16.8
43, 17
43, 17.2
43, 17.4
43, 17.6
43, 17.8
43, 18
43, 18.2
43, 18.4
43, 18.6
43, 18.8
43, 19
43, 19.2
43, 19.4
43, 19.6
43, 19.8
43, 20
43, 20.2
43, 20.4
43, 20.6
43, 20.8
43, 21
43, 21.2
43, 21.4
43, 21.6
43, 21.8
43, 22
43, 22.2
43, 22.4
43, 22.6
43, 22.8
43, 23
43, 23.2
43, 23.4
43, 23.6
43, 23.8
43, 24
43, 24.2
43, 24.4
43, 24.6
43, 24.8
43, 25
43, 25.2
43, 25.4
43, 25.6
43, 25.8
43, 26
43, 26.2
43, 26.4
43, 26.6
43, 26.8
43, 27
43, 27.2
43, 27.4
43, 27.6
43, 27.8
43, 28
43, 28.2
43, 28.4
43, 28.6
43, 28.8
43, 29
43, 29.2
43, 29.4
43, 29.6
43, 29.8
43, 30
43, 30.2
43, 30.4
43, 30.6
43, 30.8
43, 31
43, 31.2
43, 31.4
43, 31.6
43, 31.8
43, 32
43, 32.2
43, 32.4
43, 32.6
43, 32.8
43, 33
43, 33.2
43, 33.4
43, 33.6
43, 33.8
43, 34
43, 34.2
43, 34.4
43, 34.6
43, 34.8
43, 35
43, 35.2
43, 35.4
43, 35.6
43, 35.8
43, 36
43, 36.2
43, 36.4
43, 36.6
43, 36.8
43, 37
43, 37.2
43, 37.4
43, 37.6
43, 37.8
43, 38
43, 38.2
43, 38.4
43, 38.6
43, 38.8
43, 39
43, 39.2
43, 39.4
43, 39.6
43, 39.8
43, 40
43, 40.2
43, 40.4
43, 40.6
43, 40.8
43, 41
43, 41.2
43, 41.4
43, 41.6
43, 41.8
43, 42
43, 42.2
43, 42.4
43, 42.6
43, 42.8
43, 43
43, 43.2
43, 43.4
43, 43.6
43, 43.8
43, 44
43, 44.2
43, 44.4
43, 44.6
43, 44.8
43, 45
43, 45.2
43, 45.4
43, 45.6
43, 45.8
43, 46
43, 46.2
43, 46.4
43, 46.6
43, 46.8
43, 47
43, 47.2
43, 47.4
43, 47.6
43, 47.8
43, 48
43, 48.2
43, 48.4
43, 48.6
43, 48.8
43, 49
43, 49.2
43, 49.4
43, 49.6
43, 49.8
43, 50
43.2, 0.2
43.2, 0.4
43.2, 0.6
43.2, 0.8
43.2, 1
43.2, 1.2
43.2, 1.4
43.2, 1.6
43.2, 1.8
43.2, 2
43.2, 2.2
43.2, 2.4
43.2, 2.6
43.2, 2.8
43.2, 3
43.2, 3.2
43.2, 3.4
43.2, 3.6
43.2, 3.8
43.2, 4
43.2, 4.2
43.2, 4.4
43.2, 4.6
43.2, 4.8
43.2, 5
43.2, 5.2
43.2, 5.4
43.2, 5.6
43.2, 5.8
43.2, 6
43.2, 6.2
43.2, 6.4
43.2, 6.6
43.2, 6.8
43.2, 7
43.2, 7.2
43.2, 7.4
43.2, 7.6
43.2, 7.8
43.2, 8
43.2, 8.2
43.2, 8.4
43.2, 8.6
43.2, 8.8
43.2, 9
43.2, 9.2
43.2, 9.4
43.2, 9.6
43.2, 9.8
43.2, 10
43.2, 10.2
43.2, 10.4
43.2, 10.6
43.2, 10.8
43.2, 11
43.2, 11.2
43.2, 11.4
43.2, 11.6
43.2, 11.8
43.2, 12
43.2, 12.2
43.2, 12.4
43.2, 12.6
43.2, 12.8
43.2, 13
43.2, 13.2
43.2, 13.4
43.2, 13.6
43.2, 13.8
43.2, 14
43.2, 14.2
43.2, 14.4
43.2, 14.6
43.2, 14.8
43.2, 15
43.2, 15.2
43.2, 15.4
43.2, 15.6
43.2, 15.8
43.2, 16
43.2, 16.2
43.2, 16.4
43.2, 16.6
43.2, 16.8
43.2, 17
43.2, 17.2
43.2, 17.4
43.2, 17.6
43.2, 17.8
43.2, 18
43.2, 18.2
43.2, 18.4
43.2, 18.6
43.2, 18.8
43.2, 19
43.2, 19.2
43.2, 19.4
43.2, 19.6
43.2, 19.8
43.2, 20
43.2, 20.2
43.2, 20.4
43.2, 20.6
43.2, 20.8
43.2, 21
43.2, 21.2
43.2, 21.4
43.2, 21.6
43.2, 21.8
43.2, 22
43.2, 22.2
43.2, 22.4
43.2, 22.6
43.2, 22.8
43.2, 23
43.2, 23.2
43.2, 23.4
43.2, 23.6
43.2, 23.8
43.2, 24
43.2, 24.2
43.2, 24.4
43.2, 24.6
43.2, 24.8
43.2, 25
43.2, 25.2
43.2, 25.4
43.2, 25.6
43.2, 25.8
43.2, 26
43.2, 26.2
43.2, 26.4
43.2, 26.6
43.2, 26.8
43.2, 27
43.2, 27.2
43.2, 27.4
43.2, 27.6
43.2, 27.8
43.2, 28
43.2, 28.2
43.2, 28.4
43.2, 28.6
43.2, 28.8
43.2, 29
43.2, 29.2
43.2, 29.4
43.2, 29.6
43.2, 29.8
43.2, 30
43.2, 30.2
43.2, 30.4
43.2, 30.6
43.2, 30.8
43.2, 31
43.2, 31.2
43.2, 31.4
43.2, 31.6
43.2, 31.8
43.2, 32
43.2, 32.2
43.2, 32.4
43.2, 32.6
43.2, 32.8
43.2, 33
43.2, 33.2
43.2, 33.4
43.2, 33.6
43.2, 33.8
43.2, 34
43.2, 34.2
43.2, 34.4
43.2, 34.6
43.2, 34.8
43.2, 35
43.2, 35.2
43.2, 35.4
43.2, 35.6
43.2, 35.8
43.2, 36
43.2, 36.2
43.2, 36.4
43.2, 36.6
43.2, 36.8
43.2, 37
43.2, 37.2
43.2, 37.4
43.2, 37.6
43.2, 37.8
43.2, 38
43.2, 38.2
43.2, 38.4
43.2, 38.6
43.2, 38.8
43.2, 39
43.2, 39.2
43.2, 39.4
43.2, 39.6
43.2, 39.8
43.2, 40
43.2, 40.2
43.2, 40.4
43.2, 40.6
43.2, 40.8
43.2, 41
43.2, 41.2
43.2, 41.4
43.2, 41.6
43.2, 41.8
43.2, 42
43.2, 42.2
43.2, 42.4
43.2, 42.6
43.2, 42.8
43.2, 43
43.2, 43.2
43.2, 43.4
43.2, 43.6
43.2, 43.8
43.2, 44
43.2, 44.2
43.2, 44.4
43.2, 44.6
43.2, 44.8
43.2, 45
43.2, 45.2
43.2, 45.4
43.2, 45.6
43.2, 45.8
43.2, 46
43.2, 46.2
43.2, 46.4
43.2, 46.6
43.2, 46.8
43.2, 47
43.2, 47.2
43.2, 47.4
43.2, 47.6
43.2, 47.8
43.2, 48
43.2, 48.2
43.2, 48.4
43.2, 48.6
43.2, 48.8
43.2, 49
43.2, 49.2
43.2, 49.4
43.2, 49.6
43.2, 49.8
43.2, 50
43.4, 0.2
43.4, 0.4
43.4, 0.6
43.4, 0.8
43.4, 1
43.4, 1.2
43.4, 1.4
43.4, 1.6
43.4, 1.8
43.4, 2
43.4, 2.2
43.4, 2.4
43.4, 2.6
43.4, 2.8
43.4, 3
43.4, 3.2
43.4, 3.4
43.4, 3.6
43.4, 3.8
43.4, 4
43.4, 4.2
43.4, 4.4
43.4, 4.6
43.4, 4.8
43.4, 5
43.4, 5.2
43.4, 5.4
43.4, 5.6
43.4, 5.8
43.4, 6
43.4, 6.2
43.4, 6.4
43.4, 6.6
43.4, 6.8
43.4, 7
43.4, 7.2
43.4, 7.4
43.4, 7.6
43.4, 7.8
43.4, 8
43.4, 8.2
43.4, 8.4
43.4, 8.6
43.4, 8.8
43.4, 9
43.4, 9.2
43.4, 9.4
43.4, 9.6
43.4, 9.8
43.4, 10
43.4, 10.2
43.4, 10.4
43.4, 10.6
43.4, 10.8
43.4, 11
43.4, 11.2
43.4, 11.4
43.4, 11.6
43.4, 11.8
43.4, 12
43.4, 12.2
43.4, 12.4
43.4, 12.6
43.4, 12.8
43.4, 13
43.4, 13.2
43.4, 13.4
43.4, 13.6
43.4, 13.8
43.4, 14
43.4, 14.2
43.4, 14.4
43.4, 14.6
43.4, 14.8
43.4, 15
43.4, 15.2
43.4, 15.4
43.4, 15.6
43.4, 15.8
43.4, 16
43.4, 16.2
43.4, 16.4
43.4, 16.6
43.4, 16.8
43.4, 17
43.4, 17.2
43.4, 17.4
43.4, 17.6
43.4, 17.8
43.4, 18
43.4, 18.2
43.4, 18.4
43.4, 18.6
43.4, 18.8
43.4, 19
43.4, 19.2
43.4, 19.4
43.4, 19.6
43.4, 19.8
43.4, 20
43.4, 20.2
43.4, 20.4
43.4, 20.6
43.4, 20.8
43.4, 21
43.4, 21.2
43.4, 21.4
43.4, 21.6
43.4, 21.8
43.4, 22
43.4, 22.2
43.4, 22.4
43.4, 22.6
43.4, 22.8
43.4, 23
43.4, 23.2
43.4, 23.4
43.4, 23.6
43.4, 23.8
43.4, 24
43.4, 24.2
43.4, 24.4
43.4, 24.6
43.4, 24.8
43.4, 25
43.4, 25.2
43.4, 25.4
43.4, 25.6
43.4, 25.8
43.4, 26
43.4, 26.2
43.4, 26.4
43.4, 26.6
43.4, 26.8
43.4, 27
43.4, 27.2
43.4, 27.4
43.4, 27.6
43.4, 27.8
43.4, 28
43.4, 28.2
43.4, 28.4
43.4, 28.6
43.4, 28.8
43.4, 29
43.4, 29.2
43.4, 29.4
43.4, 29.6
43.4, 29.8
43.4, 30
43.4, 30.2
43.4, 30.4
43.4, 30.6
43.4, 30.8
43.4, 31
43.4, 31.2
43.4, 31.4
43.4, 31.6
43.4, 31.8
43.4, 32
43.4, 32.2
43.4, 32.4
43.4, 32.6
43.4, 32.8
43.4, 33
43.4, 33.2
43.4, 33.4
43.4, 33.6
43.4, 33.8
43.4, 34
43.4, 34.2
43.4, 34.4
43.4, 34.6
43.4, 34.8
43.4, 35
43.4, 35.2
43.4, 35.4
43.4, 35.6
43.4, 35.8
43.4, 36
43.4, 36.2
43.4, 36.4
43.4, 36.6
43.4, 36.8
43.4, 37
43.4, 37.2
43.4, 37.4
43.4, 37.6
43.4, 37.8
43.4, 38
43.4, 38.2
43.4, 38.4
43.4, 38.6
43.4, 38.8
43.4, 39
43.4, 39.2
43.4, 39.4
43.4, 39.6
43.4, 39.8
43.4, 40
43.4, 40.2
43.4, 40.4
43.4, 40.6
43.4, 40.8
43.4, 41
43.4, 41.2
43.4, 41.4
43.4, 41.6
43.4, 41.8
43.4, 42
43.4, 42.2
43.4, 42.4
43.4, 42.6
43.4, 42.8
43.4, 43
43.4, 43.2
43.4, 43.4
43.4, 43.6
43.4, 43.8
43.4, 44
43.4, 44.2
43.4, 44.4
43.4, 44.6
43.4, 44.8
43.4, 45
43.4, 45.2
43.4, 45.4
43.4, 45.6
43.4, 45.8
43.4, 46
43.4, 46.2
43.4, 46.4
43.4, 46.6
43.4, 46.8
43.4, 47
43.4, 47.2
43.4, 47.4
43.4, 47.6
43.4, 47.8
43.4, 48
43.4, 48.2
43.4, 48.4
43.4, 48.6
43.4, 48.8
43.4, 49
43.4, 49.2
43.4, 49.4
43.4, 49.6
43.4, 49.8
43.4, 50
43.6, 0.2
43.6, 0.4
43.6, 0.6
43.6, 0.8
43.6, 1
43.6, 1.2
43.6, 1.4
43.6, 1.6
43.6, 1.8
43.6, 2
43.6, 2.2
43.6, 2.4
43.6, 2.6
43.6, 2.8
43.6, 3
43.6, 3.2
43.6, 3.4
43.6, 3.6
43.6, 3.8
43.6, 4
43.6, 4.2
43.6, 4.4
43.6, 4.6
43.6, 4.8
43.6, 5
43.6, 5.2
43.6, 5.4
43.6, 5.6
43.6, 5.8
43.6, 6
43.6, 6.2
43.6, 6.4
43.6, 6.6
43.6, 6.8
43.6, 7
43.6, 7.2
43.6, 7.4
43.6, 7.6
43.6, 7.8
43.6, 8
43.6, 8.2
43.6, 8.4
43.6, 8.6
43.6, 8.8
43.6, 9
43.6, 9.2
43.6, 9.4
43.6, 9.6
43.6, 9.8
43.6, 10
43.6, 10.2
43.6, 10.4
43.6, 10.6
43.6, 10.8
43.6, 11
43.6, 11.2
43.6, 11.4
43.6, 11.6
43.6, 11.8
43.6, 12
43.6, 12.2
43.6, 12.4
43.6, 12.6
43.6, 12.8
43.6, 13
43.6, 13.2
43.6, 13.4
43.6, 13.6
43.6, 13.8
43.6, 14
43.6, 14.2
43.6, 14.4
43.6, 14.6
43.6, 14.8
43.6, 15
43.6, 15.2
43.6, 15.4
43.6, 15.6
43.6, 15.8
43.6, 16
43.6, 16.2
43.6, 16.4
43.6, 16.6
43.6, 16.8
43.6, 17
43.6, 17.2
43.6, 17.4
43.6, 17.6
43.6, 17.8
43.6, 18
43.6, 18.2
43.6, 18.4
43.6, 18.6
43.6, 18.8
43.6, 19
43.6, 19.2
43.6, 19.4
43.6, 19.6
43.6, 19.8
43.6, 20
43.6, 20.2
43.6, 20.4
43.6, 20.6
43.6, 20.8
43.6, 21
43.6, 21.2
43.6, 21.4
43.6, 21.6
43.6, 21.8
43.6, 22
43.6, 22.2
43.6, 22.4
43.6, 22.6
43.6, 22.8
43.6, 23
43.6, 23.2
43.6, 23.4
43.6, 23.6
43.6, 23.8
43.6, 24
43.6, 24.2
43.6, 24.4
43.6, 24.6
43.6, 24.8
43.6, 25
43.6, 25.2
43.6, 25.4
43.6, 25.6
43.6, 25.8
43.6, 26
43.6, 26.2
43.6, 26.4
43.6, 26.6
43.6, 26.8
43.6, 27
43.6, 27.2
43.6, 27.4
43.6, 27.6
43.6, 27.8
43.6, 28
43.6, 28.2
43.6, 28.4
43.6, 28.6
43.6, 28.8
43.6, 29
43.6, 29.2
43.6, 29.4
43.6, 29.6
43.6, 29.8
43.6, 30
43.6, 30.2
43.6, 30.4
43.6, 30.6
43.6, 30.8
43.6, 31
43.6, 31.2
43.6, 31.4
43.6, 31.6
43.6, 31.8
43.6, 32
43.6, 32.2
43.6, 32.4
43.6, 32.6
43.6, 32.8
43.6, 33
43.6, 33.2
43.6, 33.4
43.6, 33.6
43.6, 33.8
43.6, 34
43.6, 34.2
43.6, 34.4
43.6, 34.6
43.6, 34.8
43.6, 35
43.6, 35.2
43.6, 35.4
43.6, 35.6
43.6, 35.8
43.6, 36
43.6, 36.2
43.6, 36.4
43.6, 36.6
43.6, 36.8
43.6, 37
43.6, 37.2
43.6, 37.4
43.6, 37.6
43.6, 37.8
43.6, 38
43.6, 38.2
43.6, 38.4
43.6, 38.6
43.6, 38.8
43.6, 39
43.6, 39.2
43.6, 39.4
43.6, 39.6
43.6, 39.8
43.6, 40
43.6, 40.2
43.6, 40.4
43.6, 40.6
43.6, 40.8
43.6, 41
43.6, 41.2
43.6, 41.4
43.6, 41.6
43.6, 41.8
43.6, 42
43.6, 42.2
43.6, 42.4
43.6, 42.6
43.6, 42.8
43.6, 43
43.6, 43.2
43.6, 43.4
43.6, 43.6
43.6, 43.8
43.6, 44
43.6, 44.2
43.6, 44.4
43.6, 44.6
43.6, 44.8
43.6, 45
43.6, 45.2
43.6, 45.4
43.6, 45.6
43.6, 45.8
43.6, 46
43.6, 46.2
43.6, 46.4
43.6, 46.6
43.6, 46.8
43.6, 47
43.6, 47.2
43.6, 47.4
43.6, 47.6
43.6, 47.8
43.6, 48
43.6, 48.2
43.6, 48.4
43.6, 48.6
43.6, 48.8
43.6, 49
43.6, 49.2
43.6, 49.4
43.6, 49.6
43.6, 49.8
43.6, 50
43.8, 0.2
43.8, 0.4
43.8, 0.6
43.8, 0.8
43.8, 1
43.8, 1.2
43.8, 1.4
43.8, 1.6
43.8, 1.8
43.8, 2
43.8, 2.2
43.8, 2.4
43.8, 2.6
43.8, 2.8
43.8, 3
43.8, 3.2
43.8, 3.4
43.8, 3.6
43.8, 3.8
43.8, 4
43.8, 4.2
43.8, 4.4
43.8, 4.6
43.8, 4.8
43.8, 5
43.8, 5.2
43.8, 5.4
43.8, 5.6
43.8, 5.8
43.8, 6
43.8, 6.2
43.8, 6.4
43.8, 6.6
43.8, 6.8
43.8, 7
43.8, 7.2
43.8, 7.4
43.8, 7.6
43.8, 7.8
43.8, 8
43.8, 8.2
43.8, 8.4
43.8, 8.6
43.8, 8.8
43.8, 9
43.8, 9.2
43.8, 9.4
43.8, 9.6
43.8, 9.8
43.8, 10
43.8, 10.2
43.8, 10.4
43.8, 10.6
43.8, 10.8
43.8, 11
43.8, 11.2
43.8, 11.4
43.8, 11.6
43.8, 11.8
43.8, 12
43.8, 12.2
43.8, 12.4
43.8, 12.6
43.8, 12.8
43.8, 13
43.8, 13.2
43.8, 13.4
43.8, 13.6
43.8, 13.8
43.8, 14
43.8, 14.2
43.8, 14.4
43.8, 14.6
43.8, 14.8
43.8, 15
43.8, 15.2
43.8, 15.4
43.8, 15.6
43.8, 15.8
43.8, 16
43.8, 16.2
43.8, 16.4
43.8, 16.6
43.8, 16.8
43.8, 17
43.8, 17.2
43.8, 17.4
43.8, 17.6
43.8, 17.8
43.8, 18
43.8, 18.2
43.8, 18.4
43.8, 18.6
43.8, 18.8
43.8, 19
43.8, 19.2
43.8, 19.4
43.8, 19.6
43.8, 19.8
43.8, 20
43.8, 20.2
43.8, 20.4
43.8, 20.6
43.8, 20.8
43.8, 21
43.8, 21.2
43.8, 21.4
43.8, 21.6
43.8, 21.8
43.8, 22
43.8, 22.2
43.8, 22.4
43.8, 22.6
43.8, 22.8
43.8, 23
43.8, 23.2
43.8, 23.4
43.8, 23.6
43.8, 23.8
43.8, 24
43.8, 24.2
43.8, 24.4
43.8, 24.6
43.8, 24.8
43.8, 25
43.8, 25.2
43.8, 25.4
43.8, 25.6
43.8, 25.8
43.8, 26
43.8, 26.2
43.8, 26.4
43.8, 26.6
43.8, 26.8
43.8, 27
43.8, 27.2
43.8, 27.4
43.8, 27.6
43.8, 27.8
43.8, 28
43.8, 28.2
43.8, 28.4
43.8, 28.6
43.8, 28.8
43.8, 29
43.8, 29.2
43.8, 29.4
43.8, 29.6
43.8, 29.8
43.8, 30
43.8, 30.2
43.8, 30.4
43.8, 30.6
43.8, 30.8
43.8, 31
43.8, 31.2
43.8, 31.4
43.8, 31.6
43.8, 31.8
43.8, 32
43.8, 32.2
43.8, 32.4
43.8, 32.6
43.8, 32.8
43.8, 33
43.8, 33.2
43.8, 33.4
43.8, 33.6
43.8, 33.8
43.8, 34
43.8, 34.2
43.8, 34.4
43.8, 34.6
43.8, 34.8
43.8, 35
43.8, 35.2
43.8, 35.4
43.8, 35.6
43.8, 35.8
43.8, 36
43.8, 36.2
43.8, 36.4
43.8, 36.6
43.8, 36.8
43.8, 37
43.8, 37.2
43.8, 37.4
43.8, 37.6
43.8, 37.8
43.8, 38
43.8, 38.2
43.8, 38.4
43.8, 38.6
43.8, 38.8
43.8, 39
43.8, 39.2
43.8, 39.4
43.8, 39.6
43.8, 39.8
43.8, 40
43.8, 40.2
43.8, 40.4
43.8, 40.6
43.8, 40.8
43.8, 41
43.8, 41.2
43.8, 41.4
43.8, 41.6
43.8, 41.8
43.8, 42
43.8, 42.2
43.8, 42.4
43.8, 42.6
43.8, 42.8
43.8, 43
43.8, 43.2
43.8, 43.4
43.8, 43.6
43.8, 43.8
43.8, 44
43.8, 44.2
43.8, 44.4
43.8, 44.6
43.8, 44.8
43.8, 45
43.8, 45.2
43.8, 45.4
43.8, 45.6
43.8, 45.8
43.8, 46
43.8, 46.2
43.8, 46.4
43.8, 46.6
43.8, 46.8
43.8, 47
43.8, 47.2
43.8, 47.4
43.8, 47.6
43.8, 47.8
43.8, 48
43.8, 48.2
43.8, 48.4
43.8, 48.6
43.8, 48.8
43.8, 49
43.8, 49.2
43.8, 49.4
43.8, 49.6
43.8, 49.8
43.8, 50
44, 0.2
44, 0.4
44, 0.6
44, 0.8
44, 1
44, 1.2
44, 1.4
44, 1.6
44, 1.8
44, 2
44, 2.2
44, 2.4
44, 2.6
44, 2.8
44, 3
44, 3.2
44, 3.4
44, 3.6
44, 3.8
44, 4
44, 4.2
44, 4.4
44, 4.6
44, 4.8
44, 5
44, 5.2
44, 5.4
44, 5.6
44, 5.8
44, 6
44, 6.2
44, 6.4
44, 6.6
44, 6.8
44, 7
44, 7.2
44, 7.4
44, 7.6
44, 7.8
44, 8
44, 8.2
44, 8.4
44, 8.6
44, 8.8
44, 9
44, 9.2
44, 9.4
44, 9.6
44, 9.8
44, 10
44, 10.2
44, 10.4
44, 10.6
44, 10.8
44, 11
44, 11.2
44, 11.4
44, 11.6
44, 11.8
44, 12
44, 12.2
44, 12.4
44, 12.6
44, 12.8
44, 13
44, 13.2
44, 13.4
44, 13.6
44, 13.8
44, 14
44, 14.2
44, 14.4
44, 14.6
44, 14.8
44, 15
44, 15.2
44, 15.4
44, 15.6
44, 15.8
44, 16
44, 16.2
44, 16.4
44, 16.6
44, 16.8
44, 17
44, 17.2
44, 17.4
44, 17.6
44, 17.8
44, 18
44, 18.2
44, 18.4
44, 18.6
44, 18.8
44, 19
44, 19.2
44, 19.4
44, 19.6
44, 19.8
44, 20
44, 20.2
44, 20.4
44, 20.6
44, 20.8
44, 21
44, 21.2
44, 21.4
44, 21.6
44, 21.8
44, 22
44, 22.2
44, 22.4
44, 22.6
44, 22.8
44, 23
44, 23.2
44, 23.4
44, 23.6
44, 23.8
44, 24
44, 24.2
44, 24.4
44, 24.6
44, 24.8
44, 25
44, 25.2
44, 25.4
44, 25.6
44, 25.8
44, 26
44, 26.2
44, 26.4
44, 26.6
44, 26.8
44, 27
44, 27.2
44, 27.4
44, 27.6
44, 27.8
44, 28
44, 28.2
44, 28.4
44, 28.6
44, 28.8
44, 29
44, 29.2
44, 29.4
44, 29.6
44, 29.8
44, 30
44, 30.2
44, 30.4
44, 30.6
44, 30.8
44, 31
44, 31.2
44, 31.4
44, 31.6
44, 31.8
44, 32
44, 32.2
44, 32.4
44, 32.6
44, 32.8
44, 33
44, 33.2
44, 33.4
44, 33.6
44, 33.8
44, 34
44, 34.2
44, 34.4
44, 34.6
44, 34.8
44, 35
44, 35.2
44, 35.4
44, 35.6
44, 35.8
44, 36
44, 36.2
44, 36.4
44, 36.6
44, 36.8
44, 37
44, 37.2
44, 37.4
44, 37.6
44, 37.8
44, 38
44, 38.2
44, 38.4
44, 38.6
44, 38.8
44, 39
44, 39.2
44, 39.4
44, 39.6
44, 39.8
44, 40
44, 40.2
44, 40.4
44, 40.6
44, 40.8
44, 41
44, 41.2
44, 41.4
44, 41.6
44, 41.8
44, 42
44, 42.2
44, 42.4
44, 42.6
44, 42.8
44, 43
44, 43.2
44, 43.4
44, 43.6
44, 43.8
44, 44
44, 44.2
44, 44.4
44, 44.6
44, 44.8
44, 45
44, 45.2
44, 45.4
44, 45.6
44, 45.8
44, 46
44, 46.2
44, 46.4
44, 46.6
44, 46.8
44, 47
44, 47.2
44, 47.4
44, 47.6
44, 47.8
44, 48
44, 48.2
44, 48.4
44, 48.6
44, 48.8
44, 49
44, 49.2
44, 49.4
44, 49.6
44, 49.8
44, 50
44.2, 0.2
44.2, 0.4
44.2, 0.6
44.2, 0.8
44.2, 1
44.2, 1.2
44.2, 1.4
44.2, 1.6
44.2, 1.8
44.2, 2
44.2, 2.2
44.2, 2.4
44.2, 2.6
44.2, 2.8
44.2, 3
44.2, 3.2
44.2, 3.4
44.2, 3.6
44.2, 3.8
44.2, 4
44.2, 4.2
44.2, 4.4
44.2, 4.6
44.2, 4.8
44.2, 5
44.2, 5.2
44.2, 5.4
44.2, 5.6
44.2, 5.8
44.2, 6
44.2, 6.2
44.2, 6.4
44.2, 6.6
44.2, 6.8
44.2, 7
44.2, 7.2
44.2, 7.4
44.2, 7.6
44.2, 7.8
44.2, 8
44.2, 8.2
44.2, 8.4
44.2, 8.6
44.2, 8.8
44.2, 9
44.2, 9.2
44.2, 9.4
44.2, 9.6
44.2, 9.8
44.2, 10
44.2, 10.2
44.2, 10.4
44.2, 10.6
44.2, 10.8
44.2, 11
44.2, 11.2
44.2, 11.4
44.2, 11.6
44.2, 11.8
44.2, 12
44.2, 12.2
44.2, 12.4
44.2, 12.6
44.2, 12.8
44.2, 13
44.2, 13.2
44.2, 13.4
44.2, 13.6
44.2, 13.8
44.2, 14
44.2, 14.2
44.2, 14.4
44.2, 14.6
44.2, 14.8
44.2, 15
44.2, 15.2
44.2, 15.4
44.2, 15.6
44.2, 15.8
44.2, 16
44.2, 16.2
44.2, 16.4
44.2, 16.6
44.2, 16.8
44.2, 17
44.2, 17.2
44.2, 17.4
44.2, 17.6
44.2, 17.8
44.2, 18
44.2, 18.2
44.2, 18.4
44.2, 18.6
44.2, 18.8
44.2, 19
44.2, 19.2
44.2, 19.4
44.2, 19.6
44.2, 19.8
44.2, 20
44.2, 20.2
44.2, 20.4
44.2, 20.6
44.2, 20.8
44.2, 21
44.2, 21.2
44.2, 21.4
44.2, 21.6
44.2, 21.8
44.2, 22
44.2, 22.2
44.2, 22.4
44.2, 22.6
44.2, 22.8
44.2, 23
44.2, 23.2
44.2, 23.4
44.2, 23.6
44.2, 23.8
44.2, 24
44.2, 24.2
44.2, 24.4
44.2, 24.6
44.2, 24.8
44.2, 25
44.2, 25.2
44.2, 25.4
44.2, 25.6
44.2, 25.8
44.2, 26
44.2, 26.2
44.2, 26.4
44.2, 26.6
44.2, 26.8
44.2, 27
44.2, 27.2
44.2, 27.4
44.2, 27.6
44.2, 27.8
44.2, 28
44.2, 28.2
44.2, 28.4
44.2, 28.6
44.2, 28.8
44.2, 29
44.2, 29.2
44.2, 29.4
44.2, 29.6
44.2, 29.8
44.2, 30
44.2, 30.2
44.2, 30.4
44.2, 30.6
44.2, 30.8
44.2, 31
44.2, 31.2
44.2, 31.4
44.2, 31.6
44.2, 31.8
44.2, 32
44.2, 32.2
44.2, 32.4
44.2, 32.6
44.2, 32.8
44.2, 33
44.2, 33.2
44.2, 33.4
44.2, 33.6
44.2, 33.8
44.2, 34
44.2, 34.2
44.2, 34.4
44.2, 34.6
44.2, 34.8
44.2, 35
44.2, 35.2
44.2, 35.4
44.2, 35.6
44.2, 35.8
44.2, 36
44.2, 36.2
44.2, 36.4
44.2, 36.6
44.2, 36.8
44.2, 37
44.2, 37.2
44.2, 37.4
44.2, 37.6
44.2, 37.8
44.2, 38
44.2, 38.2
44.2, 38.4
44.2, 38.6
44.2, 38.8
44.2, 39
44.2, 39.2
44.2, 39.4
44.2, 39.6
44.2, 39.8
44.2, 40
44.2, 40.2
44.2, 40.4
44.2, 40.6
44.2, 40.8
44.2, 41
44.2, 41.2
44.2, 41.4
44.2, 41.6
44.2, 41.8
44.2, 42
44.2, 42.2
44.2, 42.4
44.2, 42.6
44.2, 42.8
44.2, 43
44.2, 43.2
44.2, 43.4
44.2, 43.6
44.2, 43.8
44.2, 44
44.2, 44.2
44.2, 44.4
44.2, 44.6
44.2, 44.8
44.2, 45
44.2, 45.2
44.2, 45.4
44.2, 45.6
44.2, 45.8
44.2, 46
44.2, 46.2
44.2, 46.4
44.2, 46.6
44.2, 46.8
44.2, 47
44.2, 47.2
44.2, 47.4
44.2, 47.6
44.2, 47.8
44.2, 48
44.2, 48.2
44.2, 48.4
44.2, 48.6
44.2, 48.8
44.2, 49
44.2, 49.2
44.2, 49.4
44.2, 49.6
44.2, 49.8
44.2, 50
44.4, 0.2
44.4, 0.4
44.4, 0.6
44.4, 0.8
44.4, 1
44.4, 1.2
44.4, 1.4
44.4, 1.6
44.4, 1.8
44.4, 2
44.4, 2.2
44.4, 2.4
44.4, 2.6
44.4, 2.8
44.4, 3
44.4, 3.2
44.4, 3.4
44.4, 3.6
44.4, 3.8
44.4, 4
44.4, 4.2
44.4, 4.4
44.4, 4.6
44.4, 4.8
44.4, 5
44.4, 5.2
44.4, 5.4
44.4, 5.6
44.4, 5.8
44.4, 6
44.4, 6.2
44.4, 6.4
44.4, 6.6
44.4, 6.8
44.4, 7
44.4, 7.2
44.4, 7.4
44.4, 7.6
44.4, 7.8
44.4, 8
44.4, 8.2
44.4, 8.4
44.4, 8.6
44.4, 8.8
44.4, 9
44.4, 9.2
44.4, 9.4
44.4, 9.6
44.4, 9.8
44.4, 10
44.4, 10.2
44.4, 10.4
44.4, 10.6
44.4, 10.8
44.4, 11
44.4, 11.2
44.4, 11.4
44.4, 11.6
44.4, 11.8
44.4, 12
44.4, 12.2
44.4, 12.4
44.4, 12.6
44.4, 12.8
44.4, 13
44.4, 13.2
44.4, 13.4
44.4, 13.6
44.4, 13.8
44.4, 14
44.4, 14.2
44.4, 14.4
44.4, 14.6
44.4, 14.8
44.4, 15
44.4, 15.2
44.4, 15.4
44.4, 15.6
44.4, 15.8
44.4, 16
44.4, 16.2
44.4, 16.4
44.4, 16.6
44.4, 16.8
44.4, 17
44.4, 17.2
44.4, 17.4
44.4, 17.6
44.4, 17.8
44.4, 18
44.4, 18.2
44.4, 18.4
44.4, 18.6
44.4, 18.8
44.4, 19
44.4, 19.2
44.4, 19.4
44.4, 19.6
44.4, 19.8
44.4, 20
44.4, 20.2
44.4, 20.4
44.4, 20.6
44.4, 20.8
44.4, 21
44.4, 21.2
44.4, 21.4
44.4, 21.6
44.4, 21.8
44.4, 22
44.4, 22.2
44.4, 22.4
44.4, 22.6
44.4, 22.8
44.4, 23
44.4, 23.2
44.4, 23.4
44.4, 23.6
44.4, 23.8
44.4, 24
44.4, 24.2
44.4, 24.4
44.4, 24.6
44.4, 24.8
44.4, 25
44.4, 25.2
44.4, 25.4
44.4, 25.6
44.4, 25.8
44.4, 26
44.4, 26.2
44.4, 26.4
44.4, 26.6
44.4, 26.8
44.4, 27
44.4, 27.2
44.4, 27.4
44.4, 27.6
44.4, 27.8
44.4, 28
44.4, 28.2
44.4, 28.4
44.4, 28.6
44.4, 28.8
44.4, 29
44.4, 29.2
44.4, 29.4
44.4, 29.6
44.4, 29.8
44.4, 30
44.4, 30.2
44.4, 30.4
44.4, 30.6
44.4, 30.8
44.4, 31
44.4, 31.2
44.4, 31.4
44.4, 31.6
44.4, 31.8
44.4, 32
44.4, 32.2
44.4, 32.4
44.4, 32.6
44.4, 32.8
44.4, 33
44.4, 33.2
44.4, 33.4
44.4, 33.6
44.4, 33.8
44.4, 34
44.4, 34.2
44.4, 34.4
44.4, 34.6
44.4, 34.8
44.4, 35
44.4, 35.2
44.4, 35.4
44.4, 35.6
44.4, 35.8
44.4, 36
44.4, 36.2
44.4, 36.4
44.4, 36.6
44.4, 36.8
44.4, 37
44.4, 37.2
44.4, 37.4
44.4, 37.6
44.4, 37.8
44.4, 38
44.4, 38.2
44.4, 38.4
44.4, 38.6
44.4, 38.8
44.4, 39
44.4, 39.2
44.4, 39.4
44.4, 39.6
44.4, 39.8
44.4, 40
44.4, 40.2
44.4, 40.4
44.4, 40.6
44.4, 40.8
44.4, 41
44.4, 41.2
44.4, 41.4
44.4, 41.6
44.4, 41.8
44.4, 42
44.4, 42.2
44.4, 42.4
44.4, 42.6
44.4, 42.8
44.4, 43
44.4, 43.2
44.4, 43.4
44.4, 43.6
44.4, 43.8
44.4, 44
44.4, 44.2
44.4, 44.4
44.4, 44.6
44.4, 44.8
44.4, 45
44.4, 45.2
44.4, 45.4
44.4, 45.6
44.4, 45.8
44.4, 46
44.4, 46.2
44.4, 46.4
44.4, 46.6
44.4, 46.8
44.4, 47
44.4, 47.2
44.4, 47.4
44.4, 47.6
44.4, 47.8
44.4, 48
44.4, 48.2
44.4, 48.4
44.4, 48.6
44.4, 48.8
44.4, 49
44.4, 49.2
44.4, 49.4
44.4, 49.6
44.4, 49.8
44.4, 50
44.6, 0.2
44.6, 0.4
44.6, 0.6
44.6, 0.8
44.6, 1
44.6, 1.2
44.6, 1.4
44.6, 1.6
44.6, 1.8
44.6, 2
44.6, 2.2
44.6, 2.4
44.6, 2.6
44.6, 2.8
44.6, 3
44.6, 3.2
44.6, 3.4
44.6, 3.6
44.6, 3.8
44.6, 4
44.6, 4.2
44.6, 4.4
44.6, 4.6
44.6, 4.8
44.6, 5
44.6, 5.2
44.6, 5.4
44.6, 5.6
44.6, 5.8
44.6, 6
44.6, 6.2
44.6, 6.4
44.6, 6.6
44.6, 6.8
44.6, 7
44.6, 7.2
44.6, 7.4
44.6, 7.6
44.6, 7.8
44.6, 8
44.6, 8.2
44.6, 8.4
44.6, 8.6
44.6, 8.8
44.6, 9
44.6, 9.2
44.6, 9.4
44.6, 9.6
44.6, 9.8
44.6, 10
44.6, 10.2
44.6, 10.4
44.6, 10.6
44.6, 10.8
44.6, 11
44.6, 11.2
44.6, 11.4
44.6, 11.6
44.6, 11.8
44.6, 12
44.6, 12.2
44.6, 12.4
44.6, 12.6
44.6, 12.8
44.6, 13
44.6, 13.2
44.6, 13.4
44.6, 13.6
44.6, 13.8
44.6, 14
44.6, 14.2
44.6, 14.4
44.6, 14.6
44.6, 14.8
44.6, 15
44.6, 15.2
44.6, 15.4
44.6, 15.6
44.6, 15.8
44.6, 16
44.6, 16.2
44.6, 16.4
44.6, 16.6
44.6, 16.8
44.6, 17
44.6, 17.2
44.6, 17.4
44.6, 17.6
44.6, 17.8
44.6, 18
44.6, 18.2
44.6, 18.4
44.6, 18.6
44.6, 18.8
44.6, 19
44.6, 19.2
44.6, 19.4
44.6, 19.6
44.6, 19.8
44.6, 20
44.6, 20.2
44.6, 20.4
44.6, 20.6
44.6, 20.8
44.6, 21
44.6, 21.2
44.6, 21.4
44.6, 21.6
44.6, 21.8
44.6, 22
44.6, 22.2
44.6, 22.4
44.6, 22.6
44.6, 22.8
44.6, 23
44.6, 23.2
44.6, 23.4
44.6, 23.6
44.6, 23.8
44.6, 24
44.6, 24.2
44.6, 24.4
44.6, 24.6
44.6, 24.8
44.6, 25
44.6, 25.2
44.6, 25.4
44.6, 25.6
44.6, 25.8
44.6, 26
44.6, 26.2
44.6, 26.4
44.6, 26.6
44.6, 26.8
44.6, 27
44.6, 27.2
44.6, 27.4
44.6, 27.6
44.6, 27.8
44.6, 28
44.6, 28.2
44.6, 28.4
44.6, 28.6
44.6, 28.8
44.6, 29
44.6, 29.2
44.6, 29.4
44.6, 29.6
44.6, 29.8
44.6, 30
44.6, 30.2
44.6, 30.4
44.6, 30.6
44.6, 30.8
44.6, 31
44.6, 31.2
44.6, 31.4
44.6, 31.6
44.6, 31.8
44.6, 32
44.6, 32.2
44.6, 32.4
44.6, 32.6
44.6, 32.8
44.6, 33
44.6, 33.2
44.6, 33.4
44.6, 33.6
44.6, 33.8
44.6, 34
44.6, 34.2
44.6, 34.4
44.6, 34.6
44.6, 34.8
44.6, 35
44.6, 35.2
44.6, 35.4
44.6, 35.6
44.6, 35.8
44.6, 36
44.6, 36.2
44.6, 36.4
44.6, 36.6
44.6, 36.8
44.6, 37
44.6, 37.2
44.6, 37.4
44.6, 37.6
44.6, 37.8
44.6, 38
44.6, 38.2
44.6, 38.4
44.6, 38.6
44.6, 38.8
44.6, 39
44.6, 39.2
44.6, 39.4
44.6, 39.6
44.6, 39.8
44.6, 40
44.6, 40.2
44.6, 40.4
44.6, 40.6
44.6, 40.8
44.6, 41
44.6, 41.2
44.6, 41.4
44.6, 41.6
44.6, 41.8
44.6, 42
44.6, 42.2
44.6, 42.4
44.6, 42.6
44.6, 42.8
44.6, 43
44.6, 43.2
44.6, 43.4
44.6, 43.6
44.6, 43.8
44.6, 44
44.6, 44.2
44.6, 44.4
44.6, 44.6
44.6, 44.8
44.6, 45
44.6, 45.2
44.6, 45.4
44.6, 45.6
44.6, 45.8
44.6, 46
44.6, 46.2
44.6, 46.4
44.6, 46.6
44.6, 46.8
44.6, 47
44.6, 47.2
44.6, 47.4
44.6, 47.6
44.6, 47.8
44.6, 48
44.6, 48.2
44.6, 48.4
44.6, 48.6
44.6, 48.8
44.6, 49
44.6, 49.2
44.6, 49.4
44.6, 49.6
44.6, 49.8
44.6, 50
44.8, 0.2
44.8, 0.4
44.8, 0.6
44.8, 0.8
44.8, 1
44.8, 1.2
44.8, 1.4
44.8, 1.6
44.8, 1.8
44.8, 2
44.8, 2.2
44.8, 2.4
44.8, 2.6
44.8, 2.8
44.8, 3
44.8, 3.2
44.8, 3.4
44.8, 3.6
44.8, 3.8
44.8, 4
44.8, 4.2
44.8, 4.4
44.8, 4.6
44.8, 4.8
44.8, 5
44.8, 5.2
44.8, 5.4
44.8, 5.6
44.8, 5.8
44.8, 6
44.8, 6.2
44.8, 6.4
44.8, 6.6
44.8, 6.8
44.8, 7
44.8, 7.2
44.8, 7.4
44.8, 7.6
44.8, 7.8
44.8, 8
44.8, 8.2
44.8, 8.4
44.8, 8.6
44.8, 8.8
44.8, 9
44.8, 9.2
44.8, 9.4
44.8, 9.6
44.8, 9.8
44.8, 10
44.8, 10.2
44.8, 10.4
44.8, 10.6
44.8, 10.8
44.8, 11
44.8, 11.2
44.8, 11.4
44.8, 11.6
44.8, 11.8
44.8, 12
44.8, 12.2
44.8, 12.4
44.8, 12.6
44.8, 12.8
44.8, 13
44.8, 13.2
44.8, 13.4
44.8, 13.6
44.8, 13.8
44.8, 14
44.8, 14.2
44.8, 14.4
44.8, 14.6
44.8, 14.8
44.8, 15
44.8, 15.2
44.8, 15.4
44.8, 15.6
44.8, 15.8
44.8, 16
44.8, 16.2
44.8, 16.4
44.8, 16.6
44.8, 16.8
44.8, 17
44.8, 17.2
44.8, 17.4
44.8, 17.6
44.8, 17.8
44.8, 18
44.8, 18.2
44.8, 18.4
44.8, 18.6
44.8, 18.8
44.8, 19
44.8, 19.2
44.8, 19.4
44.8, 19.6
44.8, 19.8
44.8, 20
44.8, 20.2
44.8, 20.4
44.8, 20.6
44.8, 20.8
44.8, 21
44.8, 21.2
44.8, 21.4
44.8, 21.6
44.8, 21.8
44.8, 22
44.8, 22.2
44.8, 22.4
44.8, 22.6
44.8, 22.8
44.8, 23
44.8, 23.2
44.8, 23.4
44.8, 23.6
44.8, 23.8
44.8, 24
44.8, 24.2
44.8, 24.4
44.8, 24.6
44.8, 24.8
44.8, 25
44.8, 25.2
44.8, 25.4
44.8, 25.6
44.8, 25.8
44.8, 26
44.8, 26.2
44.8, 26.4
44.8, 26.6
44.8, 26.8
44.8, 27
44.8, 27.2
44.8, 27.4
44.8, 27.6
44.8, 27.8
44.8, 28
44.8, 28.2
44.8, 28.4
44.8, 28.6
44.8, 28.8
44.8, 29
44.8, 29.2
44.8, 29.4
44.8, 29.6
44.8, 29.8
44.8, 30
44.8, 30.2
44.8, 30.4
44.8, 30.6
44.8, 30.8
44.8, 31
44.8, 31.2
44.8, 31.4
44.8, 31.6
44.8, 31.8
44.8, 32
44.8, 32.2
44.8, 32.4
44.8, 32.6
44.8, 32.8
44.8, 33
44.8, 33.2
44.8, 33.4
44.8, 33.6
44.8, 33.8
44.8, 34
44.8, 34.2
44.8, 34.4
44.8, 34.6
44.8, 34.8
44.8, 35
44.8, 35.2
44.8, 35.4
44.8, 35.6
44.8, 35.8
44.8, 36
44.8, 36.2
44.8, 36.4
44.8, 36.6
44.8, 36.8
44.8, 37
44.8, 37.2
44.8, 37.4
44.8, 37.6
44.8, 37.8
44.8, 38
44.8, 38.2
44.8, 38.4
44.8, 38.6
44.8, 38.8
44.8, 39
44.8, 39.2
44.8, 39.4
44.8, 39.6
44.8, 39.8
44.8, 40
44.8, 40.2
44.8, 40.4
44.8, 40.6
44.8, 40.8
44.8, 41
44.8, 41.2
44.8, 41.4
44.8, 41.6
44.8, 41.8
44.8, 42
44.8, 42.2
44.8, 42.4
44.8, 42.6
44.8, 42.8
44.8, 43
44.8, 43.2
44.8, 43.4
44.8, 43.6
44.8, 43.8
44.8, 44
44.8, 44.2
44.8, 44.4
44.8, 44.6
44.8, 44.8
44.8, 45
44.8, 45.2
44.8, 45.4
44.8, 45.6
44.8, 45.8
44.8, 46
44.8, 46.2
44.8, 46.4
44.8, 46.6
44.8, 46.8
44.8, 47
44.8, 47.2
44.8, 47.4
44.8, 47.6
44.8, 47.8
44.8, 48
44.8, 48.2
44.8, 48.4
44.8, 48.6
44.8, 48.8
44.8, 49
44.8, 49.2
44.8, 49.4
44.8, 49.6
44.8, 49.8
44.8, 50
45, 0.2
45, 0.4
45, 0.6
45, 0.8
45, 1
45, 1.2
45, 1.4
45, 1.6
45, 1.8
45, 2
45, 2.2
45, 2.4
45, 2.6
45, 2.8
45, 3
45, 3.2
45, 3.4
45, 3.6
45, 3.8
45, 4
45, 4.2
45, 4.4
45, 4.6
45, 4.8
45, 5
45, 5.2
45, 5.4
45, 5.6
45, 5.8
45, 6
45, 6.2
45, 6.4
45, 6.6
45, 6.8
45, 7
45, 7.2
45, 7.4
45, 7.6
45, 7.8
45, 8
45, 8.2
45, 8.4
45, 8.6
45, 8.8
45, 9
45, 9.2
45, 9.4
45, 9.6
45, 9.8
45, 10
45, 10.2
45, 10.4
45, 10.6
45, 10.8
45, 11
45, 11.2
45, 11.4
45, 11.6
45, 11.8
45, 12
45, 12.2
45, 12.4
45, 12.6
45, 12.8
45, 13
45, 13.2
45, 13.4
45, 13.6
45, 13.8
45, 14
45, 14.2
45, 14.4
45, 14.6
45, 14.8
45, 15
45, 15.2
45, 15.4
45, 15.6
45, 15.8
45, 16
45, 16.2
45, 16.4
45, 16.6
45, 16.8
45, 17
45, 17.2
45, 17.4
45, 17.6
45, 17.8
45, 18
45, 18.2
45, 18.4
45, 18.6
45, 18.8
45, 19
45, 19.2
45, 19.4
45, 19.6
45, 19.8
45, 20
45, 20.2
45, 20.4
45, 20.6
45, 20.8
45, 21
45, 21.2
45, 21.4
45, 21.6
45, 21.8
45, 22
45, 22.2
45, 22.4
45, 22.6
45, 22.8
45, 23
45, 23.2
45, 23.4
45, 23.6
45, 23.8
45, 24
45, 24.2
45, 24.4
45, 24.6
45, 24.8
45, 25
45, 25.2
45, 25.4
45, 25.6
45, 25.8
45, 26
45, 26.2
45, 26.4
45, 26.6
45, 26.8
45, 27
45, 27.2
45, 27.4
45, 27.6
45, 27.8
45, 28
45, 28.2
45, 28.4
45, 28.6
45, 28.8
45, 29
45, 29.2
45, 29.4
45, 29.6
45, 29.8
45, 30
45, 30.2
45, 30.4
45, 30.6
45, 30.8
45, 31
45, 31.2
45, 31.4
45, 31.6
45, 31.8
45, 32
45, 32.2
45, 32.4
45, 32.6
45, 32.8
45, 33
45, 33.2
45, 33.4
45, 33.6
45, 33.8
45, 34
45, 34.2
45, 34.4
45, 34.6
45, 34.8
45, 35
45, 35.2
45, 35.4
45, 35.6
45, 35.8
45, 36
45, 36.2
45, 36.4
45, 36.6
45, 36.8
45, 37
45, 37.2
45, 37.4
45, 37.6
45, 37.8
45, 38
45, 38.2
45, 38.4
45, 38.6
45, 38.8
45, 39
45, 39.2
45, 39.4
45, 39.6
45, 39.8
45, 40
45, 40.2
45, 40.4
45, 40.6
45, 40.8
45, 41
45, 41.2
45, 41.4
45, 41.6
45, 41.8
45, 42
45, 42.2
45, 42.4
45, 42.6
45, 42.8
45, 43
45, 43.2
45, 43.4
45, 43.6
45, 43.8
45, 44
45, 44.2
45, 44.4
45, 44.6
45, 44.8
45, 45
45, 45.2
45, 45.4
45, 45.6
45, 45.8
45, 46
45, 46.2
45, 46.4
45, 46.6
45, 46.8
45, 47
45, 47.2
45, 47.4
45, 47.6
45, 47.8
45, 48
45, 48.2
45, 48.4
45, 48.6
45, 48.8
45, 49
45, 49.2
45, 49.4
45, 49.6
45, 49.8
45, 50
45.2, 0.2
45.2, 0.4
45.2, 0.6
45.2, 0.8
45.2, 1
45.2, 1.2
45.2, 1.4
45.2, 1.6
45.2, 1.8
45.2, 2
45.2, 2.2
45.2, 2.4
45.2, 2.6
45.2, 2.8
45.2, 3
45.2, 3.2
45.2, 3.4
45.2, 3.6
45.2, 3.8
45.2, 4
45.2, 4.2
45.2, 4.4
45.2, 4.6
45.2, 4.8
45.2, 5
45.2, 5.2
45.2, 5.4
45.2, 5.6
45.2, 5.8
45.2, 6
45.2, 6.2
45.2, 6.4
45.2, 6.6
45.2, 6.8
45.2, 7
45.2, 7.2
45.2, 7.4
45.2, 7.6
45.2, 7.8
45.2, 8
45.2, 8.2
45.2, 8.4
45.2, 8.6
45.2, 8.8
45.2, 9
45.2, 9.2
45.2, 9.4
45.2, 9.6
45.2, 9.8
45.2, 10
45.2, 10.2
45.2, 10.4
45.2, 10.6
45.2, 10.8
45.2, 11
45.2, 11.2
45.2, 11.4
45.2, 11.6
45.2, 11.8
45.2, 12
45.2, 12.2
45.2, 12.4
45.2, 12.6
45.2, 12.8
45.2, 13
45.2, 13.2
45.2, 13.4
45.2, 13.6
45.2, 13.8
45.2, 14
45.2, 14.2
45.2, 14.4
45.2, 14.6
45.2, 14.8
45.2, 15
45.2, 15.2
45.2, 15.4
45.2, 15.6
45.2, 15.8
45.2, 16
45.2, 16.2
45.2, 16.4
45.2, 16.6
45.2, 16.8
45.2, 17
45.2, 17.2
45.2, 17.4
45.2, 17.6
45.2, 17.8
45.2, 18
45.2, 18.2
45.2, 18.4
45.2, 18.6
45.2, 18.8
45.2, 19
45.2, 19.2
45.2, 19.4
45.2, 19.6
45.2, 19.8
45.2, 20
45.2, 20.2
45.2, 20.4
45.2, 20.6
45.2, 20.8
45.2, 21
45.2, 21.2
45.2, 21.4
45.2, 21.6
45.2, 21.8
45.2, 22
45.2, 22.2
45.2, 22.4
45.2, 22.6
45.2, 22.8
45.2, 23
45.2, 23.2
45.2, 23.4
45.2, 23.6
45.2, 23.8
45.2, 24
45.2, 24.2
45.2, 24.4
45.2, 24.6
45.2, 24.8
45.2, 25
45.2, 25.2
45.2, 25.4
45.2, 25.6
45.2, 25.8
45.2, 26
45.2, 26.2
45.2, 26.4
45.2, 26.6
45.2, 26.8
45.2, 27
45.2, 27.2
45.2, 27.4
45.2, 27.6
45.2, 27.8
45.2, 28
45.2, 28.2
45.2, 28.4
45.2, 28.6
45.2, 28.8
45.2, 29
45.2, 29.2
45.2, 29.4
45.2, 29.6
45.2, 29.8
45.2, 30
45.2, 30.2
45.2, 30.4
45.2, 30.6
45.2, 30.8
45.2, 31
45.2, 31.2
45.2, 31.4
45.2, 31.6
45.2, 31.8
45.2, 32
45.2, 32.2
45.2, 32.4
45.2, 32.6
45.2, 32.8
45.2, 33
45.2, 33.2
45.2, 33.4
45.2, 33.6
45.2, 33.8
45.2, 34
45.2, 34.2
45.2, 34.4
45.2, 34.6
45.2, 34.8
45.2, 35
45.2, 35.2
45.2, 35.4
45.2, 35.6
45.2, 35.8
45.2, 36
45.2, 36.2
45.2, 36.4
45.2, 36.6
45.2, 36.8
45.2, 37
45.2, 37.2
45.2, 37.4
45.2, 37.6
45.2, 37.8
45.2, 38
45.2, 38.2
45.2, 38.4
45.2, 38.6
45.2, 38.8
45.2, 39
45.2, 39.2
45.2, 39.4
45.2, 39.6
45.2, 39.8
45.2, 40
45.2, 40.2
45.2, 40.4
45.2, 40.6
45.2, 40.8
45.2, 41
45.2, 41.2
45.2, 41.4
45.2, 41.6
45.2, 41.8
45.2, 42
45.2, 42.2
45.2, 42.4
45.2, 42.6
45.2, 42.8
45.2, 43
45.2, 43.2
45.2, 43.4
45.2, 43.6
45.2, 43.8
45.2, 44
45.2, 44.2
45.2, 44.4
45.2, 44.6
45.2, 44.8
45.2, 45
45.2, 45.2
45.2, 45.4
45.2, 45.6
45.2, 45.8
45.2, 46
45.2, 46.2
45.2, 46.4
45.2, 46.6
45.2, 46.8
45.2, 47
45.2, 47.2
45.2, 47.4
45.2, 47.6
45.2, 47.8
45.2, 48
45.2, 48.2
45.2, 48.4
45.2, 48.6
45.2, 48.8
45.2, 49
45.2, 49.2
45.2, 49.4
45.2, 49.6
45.2, 49.8
45.2, 50
45.4, 0.2
45.4, 0.4
45.4, 0.6
45.4, 0.8
45.4, 1
45.4, 1.2
45.4, 1.4
45.4, 1.6
45.4, 1.8
45.4, 2
45.4, 2.2
45.4, 2.4
45.4, 2.6
45.4, 2.8
45.4, 3
45.4, 3.2
45.4, 3.4
45.4, 3.6
45.4, 3.8
45.4, 4
45.4, 4.2
45.4, 4.4
45.4, 4.6
45.4, 4.8
45.4, 5
45.4, 5.2
45.4, 5.4
45.4, 5.6
45.4, 5.8
45.4, 6
45.4, 6.2
45.4, 6.4
45.4, 6.6
45.4, 6.8
45.4, 7
45.4, 7.2
45.4, 7.4
45.4, 7.6
45.4, 7.8
45.4, 8
45.4, 8.2
45.4, 8.4
45.4, 8.6
45.4, 8.8
45.4, 9
45.4, 9.2
45.4, 9.4
45.4, 9.6
45.4, 9.8
45.4, 10
45.4, 10.2
45.4, 10.4
45.4, 10.6
45.4, 10.8
45.4, 11
45.4, 11.2
45.4, 11.4
45.4, 11.6
45.4, 11.8
45.4, 12
45.4, 12.2
45.4, 12.4
45.4, 12.6
45.4, 12.8
45.4, 13
45.4, 13.2
45.4, 13.4
45.4, 13.6
45.4, 13.8
45.4, 14
45.4, 14.2
45.4, 14.4
45.4, 14.6
45.4, 14.8
45.4, 15
45.4, 15.2
45.4, 15.4
45.4, 15.6
45.4, 15.8
45.4, 16
45.4, 16.2
45.4, 16.4
45.4, 16.6
45.4, 16.8
45.4, 17
45.4, 17.2
45.4, 17.4
45.4, 17.6
45.4, 17.8
45.4, 18
45.4, 18.2
45.4, 18.4
45.4, 18.6
45.4, 18.8
45.4, 19
45.4, 19.2
45.4, 19.4
45.4, 19.6
45.4, 19.8
45.4, 20
45.4, 20.2
45.4, 20.4
45.4, 20.6
45.4, 20.8
45.4, 21
45.4, 21.2
45.4, 21.4
45.4, 21.6
45.4, 21.8
45.4, 22
45.4, 22.2
45.4, 22.4
45.4, 22.6
45.4, 22.8
45.4, 23
45.4, 23.2
45.4, 23.4
45.4, 23.6
45.4, 23.8
45.4, 24
45.4, 24.2
45.4, 24.4
45.4, 24.6
45.4, 24.8
45.4, 25
45.4, 25.2
45.4, 25.4
45.4, 25.6
45.4, 25.8
45.4, 26
45.4, 26.2
45.4, 26.4
45.4, 26.6
45.4, 26.8
45.4, 27
45.4, 27.2
45.4, 27.4
45.4, 27.6
45.4, 27.8
45.4, 28
45.4, 28.2
45.4, 28.4
45.4, 28.6
45.4, 28.8
45.4, 29
45.4, 29.2
45.4, 29.4
45.4, 29.6
45.4, 29.8
45.4, 30
45.4, 30.2
45.4, 30.4
45.4, 30.6
45.4, 30.8
45.4, 31
45.4, 31.2
45.4, 31.4
45.4, 31.6
45.4, 31.8
45.4, 32
45.4, 32.2
45.4, 32.4
45.4, 32.6
45.4, 32.8
45.4, 33
45.4, 33.2
45.4, 33.4
45.4, 33.6
45.4, 33.8
45.4, 34
45.4, 34.2
45.4, 34.4
45.4, 34.6
45.4, 34.8
45.4, 35
45.4, 35.2
45.4, 35.4
45.4, 35.6
45.4, 35.8
45.4, 36
45.4, 36.2
45.4, 36.4
45.4, 36.6
45.4, 36.8
45.4, 37
45.4, 37.2
45.4, 37.4
45.4, 37.6
45.4, 37.8
45.4, 38
45.4, 38.2
45.4, 38.4
45.4, 38.6
45.4, 38.8
45.4, 39
45.4, 39.2
45.4, 39.4
45.4, 39.6
45.4, 39.8
45.4, 40
45.4, 40.2
45.4, 40.4
45.4, 40.6
45.4, 40.8
45.4, 41
45.4, 41.2
45.4, 41.4
45.4, 41.6
45.4, 41.8
45.4, 42
45.4, 42.2
45.4, 42.4
45.4, 42.6
45.4, 42.8
45.4, 43
45.4, 43.2
45.4, 43.4
45.4, 43.6
45.4, 43.8
45.4, 44
45.4, 44.2
45.4, 44.4
45.4, 44.6
45.4, 44.8
45.4, 45
45.4, 45.2
45.4, 45.4
45.4, 45.6
45.4, 45.8
45.4, 46
45.4, 46.2
45.4, 46.4
45.4, 46.6
45.4, 46.8
45.4, 47
45.4, 47.2
45.4, 47.4
45.4, 47.6
45.4, 47.8
45.4, 48
45.4, 48.2
45.4, 48.4
45.4, 48.6
45.4, 48.8
45.4, 49
45.4, 49.2
45.4, 49.4
45.4, 49.6
45.4, 49.8
45.4, 50
45.6, 0.2
45.6, 0.4
45.6, 0.6
45.6, 0.8
45.6, 1
45.6, 1.2
45.6, 1.4
45.6, 1.6
45.6, 1.8
45.6, 2
45.6, 2.2
45.6, 2.4
45.6, 2.6
45.6, 2.8
45.6, 3
45.6, 3.2
45.6, 3.4
45.6, 3.6
45.6, 3.8
45.6, 4
45.6, 4.2
45.6, 4.4
45.6, 4.6
45.6, 4.8
45.6, 5
45.6, 5.2
45.6, 5.4
45.6, 5.6
45.6, 5.8
45.6, 6
45.6, 6.2
45.6, 6.4
45.6, 6.6
45.6, 6.8
45.6, 7
45.6, 7.2
45.6, 7.4
45.6, 7.6
45.6, 7.8
45.6, 8
45.6, 8.2
45.6, 8.4
45.6, 8.6
45.6, 8.8
45.6, 9
45.6, 9.2
45.6, 9.4
45.6, 9.6
45.6, 9.8
45.6, 10
45.6, 10.2
45.6, 10.4
45.6, 10.6
45.6, 10.8
45.6, 11
45.6, 11.2
45.6, 11.4
45.6, 11.6
45.6, 11.8
45.6, 12
45.6, 12.2
45.6, 12.4
45.6, 12.6
45.6, 12.8
45.6, 13
45.6, 13.2
45.6, 13.4
45.6, 13.6
45.6, 13.8
45.6, 14
45.6, 14.2
45.6, 14.4
45.6, 14.6
45.6, 14.8
45.6, 15
45.6, 15.2
45.6, 15.4
45.6, 15.6
45.6, 15.8
45.6, 16
45.6, 16.2
45.6, 16.4
45.6, 16.6
45.6, 16.8
45.6, 17
45.6, 17.2
45.6, 17.4
45.6, 17.6
45.6, 17.8
45.6, 18
45.6, 18.2
45.6, 18.4
45.6, 18.6
45.6, 18.8
45.6, 19
45.6, 19.2
45.6, 19.4
45.6, 19.6
45.6, 19.8
45.6, 20
45.6, 20.2
45.6, 20.4
45.6, 20.6
45.6, 20.8
45.6, 21
45.6, 21.2
45.6, 21.4
45.6, 21.6
45.6, 21.8
45.6, 22
45.6, 22.2
45.6, 22.4
45.6, 22.6
45.6, 22.8
45.6, 23
45.6, 23.2
45.6, 23.4
45.6, 23.6
45.6, 23.8
45.6, 24
45.6, 24.2
45.6, 24.4
45.6, 24.6
45.6, 24.8
45.6, 25
45.6, 25.2
45.6, 25.4
45.6, 25.6
45.6, 25.8
45.6, 26
45.6, 26.2
45.6, 26.4
45.6, 26.6
45.6, 26.8
45.6, 27
45.6, 27.2
45.6, 27.4
45.6, 27.6
45.6, 27.8
45.6, 28
45.6, 28.2
45.6, 28.4
45.6, 28.6
45.6, 28.8
45.6, 29
45.6, 29.2
45.6, 29.4
45.6, 29.6
45.6, 29.8
45.6, 30
45.6, 30.2
45.6, 30.4
45.6, 30.6
45.6, 30.8
45.6, 31
45.6, 31.2
45.6, 31.4
45.6, 31.6
45.6, 31.8
45.6, 32
45.6, 32.2
45.6, 32.4
45.6, 32.6
45.6, 32.8
45.6, 33
45.6, 33.2
45.6, 33.4
45.6, 33.6
45.6, 33.8
45.6, 34
45.6, 34.2
45.6, 34.4
45.6, 34.6
45.6, 34.8
45.6, 35
45.6, 35.2
45.6, 35.4
45.6, 35.6
45.6, 35.8
45.6, 36
45.6, 36.2
45.6, 36.4
45.6, 36.6
45.6, 36.8
45.6, 37
45.6, 37.2
45.6, 37.4
45.6, 37.6
45.6, 37.8
45.6, 38
45.6, 38.2
45.6, 38.4
45.6, 38.6
45.6, 38.8
45.6, 39
45.6, 39.2
45.6, 39.4
45.6, 39.6
45.6, 39.8
45.6, 40
45.6, 40.2
45.6, 40.4
45.6, 40.6
45.6, 40.8
45.6, 41
45.6, 41.2
45.6, 41.4
45.6, 41.6
45.6, 41.8
45.6, 42
45.6, 42.2
45.6, 42.4
45.6, 42.6
45.6, 42.8
45.6, 43
45.6, 43.2
45.6, 43.4
45.6, 43.6
45.6, 43.8
45.6, 44
45.6, 44.2
45.6, 44.4
45.6, 44.6
45.6, 44.8
45.6, 45
45.6, 45.2
45.6, 45.4
45.6, 45.6
45.6, 45.8
45.6, 46
45.6, 46.2
45.6, 46.4
45.6, 46.6
45.6, 46.8
45.6, 47
45.6, 47.2
45.6, 47.4
45.6, 47.6
45.6, 47.8
45.6, 48
45.6, 48.2
45.6, 48.4
45.6, 48.6
45.6, 48.8
45.6, 49
45.6, 49.2
45.6, 49.4
45.6, 49.6
45.6, 49.8
45.6, 50
45.8, 0.2
45.8, 0.4
45.8, 0.6
45.8, 0.8
45.8, 1
45.8, 1.2
45.8, 1.4
45.8, 1.6
45.8, 1.8
45.8, 2
45.8, 2.2
45.8, 2.4
45.8, 2.6
45.8, 2.8
45.8, 3
45.8, 3.2
45.8, 3.4
45.8, 3.6
45.8, 3.8
45.8, 4
45.8, 4.2
45.8, 4.4
45.8, 4.6
45.8, 4.8
45.8, 5
45.8, 5.2
45.8, 5.4
45.8, 5.6
45.8, 5.8
45.8, 6
45.8, 6.2
45.8, 6.4
45.8, 6.6
45.8, 6.8
45.8, 7
45.8, 7.2
45.8, 7.4
45.8, 7.6
45.8, 7.8
45.8, 8
45.8, 8.2
45.8, 8.4
45.8, 8.6
45.8, 8.8
45.8, 9
45.8, 9.2
45.8, 9.4
45.8, 9.6
45.8, 9.8
45.8, 10
45.8, 10.2
45.8, 10.4
45.8, 10.6
45.8, 10.8
45.8, 11
45.8, 11.2
45.8, 11.4
45.8, 11.6
45.8, 11.8
45.8, 12
45.8, 12.2
45.8, 12.4
45.8, 12.6
45.8, 12.8
45.8, 13
45.8, 13.2
45.8, 13.4
45.8, 13.6
45.8, 13.8
45.8, 14
45.8, 14.2
45.8, 14.4
45.8, 14.6
45.8, 14.8
45.8, 15
45.8, 15.2
45.8, 15.4
45.8, 15.6
45.8, 15.8
45.8, 16
45.8, 16.2
45.8, 16.4
45.8, 16.6
45.8, 16.8
45.8, 17
45.8, 17.2
45.8, 17.4
45.8, 17.6
45.8, 17.8
45.8, 18
45.8, 18.2
45.8, 18.4
45.8, 18.6
45.8, 18.8
45.8, 19
45.8, 19.2
45.8, 19.4
45.8, 19.6
45.8, 19.8
45.8, 20
45.8, 20.2
45.8, 20.4
45.8, 20.6
45.8, 20.8
45.8, 21
45.8, 21.2
45.8, 21.4
45.8, 21.6
45.8, 21.8
45.8, 22
45.8, 22.2
45.8, 22.4
45.8, 22.6
45.8, 22.8
45.8, 23
45.8, 23.2
45.8, 23.4
45.8, 23.6
45.8, 23.8
45.8, 24
45.8, 24.2
45.8, 24.4
45.8, 24.6
45.8, 24.8
45.8, 25
45.8, 25.2
45.8, 25.4
45.8, 25.6
45.8, 25.8
45.8, 26
45.8, 26.2
45.8, 26.4
45.8, 26.6
45.8, 26.8
45.8, 27
45.8, 27.2
45.8, 27.4
45.8, 27.6
45.8, 27.8
45.8, 28
45.8, 28.2
45.8, 28.4
45.8, 28.6
45.8, 28.8
45.8, 29
45.8, 29.2
45.8, 29.4
45.8, 29.6
45.8, 29.8
45.8, 30
45.8, 30.2
45.8, 30.4
45.8, 30.6
45.8, 30.8
45.8, 31
45.8, 31.2
45.8, 31.4
45.8, 31.6
45.8, 31.8
45.8, 32
45.8, 32.2
45.8, 32.4
45.8, 32.6
45.8, 32.8
45.8, 33
45.8, 33.2
45.8, 33.4
45.8, 33.6
45.8, 33.8
45.8, 34
45.8, 34.2
45.8, 34.4
45.8, 34.6
45.8, 34.8
45.8, 35
45.8, 35.2
45.8, 35.4
45.8, 35.6
45.8, 35.8
45.8, 36
45.8, 36.2
45.8, 36.4
45.8, 36.6
45.8, 36.8
45.8, 37
45.8, 37.2
45.8, 37.4
45.8, 37.6
45.8, 37.8
45.8, 38
45.8, 38.2
45.8, 38.4
45.8, 38.6
45.8, 38.8
45.8, 39
45.8, 39.2
45.8, 39.4
45.8, 39.6
45.8, 39.8
45.8, 40
45.8, 40.2
45.8, 40.4
45.8, 40.6
45.8, 40.8
45.8, 41
45.8, 41.2
45.8, 41.4
45.8, 41.6
45.8, 41.8
45.8, 42
45.8, 42.2
45.8, 42.4
45.8, 42.6
45.8, 42.8
45.8, 43
45.8, 43.2
45.8, 43.4
45.8, 43.6
45.8, 43.8
45.8, 44
45.8, 44.2
45.8, 44.4
45.8, 44.6
45.8, 44.8
45.8, 45
45.8, 45.2
45.8, 45.4
45.8, 45.6
45.8, 45.8
45.8, 46
45.8, 46.2
45.8, 46.4
45.8, 46.6
45.8, 46.8
45.8, 47
45.8, 47.2
45.8, 47.4
45.8, 47.6
45.8, 47.8
45.8, 48
45.8, 48.2
45.8, 48.4
45.8, 48.6
45.8, 48.8
45.8, 49
45.8, 49.2
45.8, 49.4
45.8, 49.6
45.8, 49.8
45.8, 50
46, 0.2
46, 0.4
46, 0.6
46, 0.8
46, 1
46, 1.2
46, 1.4
46, 1.6
46, 1.8
46, 2
46, 2.2
46, 2.4
46, 2.6
46, 2.8
46, 3
46, 3.2
46, 3.4
46, 3.6
46, 3.8
46, 4
46, 4.2
46, 4.4
46, 4.6
46, 4.8
46, 5
46, 5.2
46, 5.4
46, 5.6
46, 5.8
46, 6
46, 6.2
46, 6.4
46, 6.6
46, 6.8
46, 7
46, 7.2
46, 7.4
46, 7.6
46, 7.8
46, 8
46, 8.2
46, 8.4
46, 8.6
46, 8.8
46, 9
46, 9.2
46, 9.4
46, 9.6
46, 9.8
46, 10
46, 10.2
46, 10.4
46, 10.6
46, 10.8
46, 11
46, 11.2
46, 11.4
46, 11.6
46, 11.8
46, 12
46, 12.2
46, 12.4
46, 12.6
46, 12.8
46, 13
46, 13.2
46, 13.4
46, 13.6
46, 13.8
46, 14
46, 14.2
46, 14.4
46, 14.6
46, 14.8
46, 15
46, 15.2
46, 15.4
46, 15.6
46, 15.8
46, 16
46, 16.2
46, 16.4
46, 16.6
46, 16.8
46, 17
46, 17.2
46, 17.4
46, 17.6
46, 17.8
46, 18
46, 18.2
46, 18.4
46, 18.6
46, 18.8
46, 19
46, 19.2
46, 19.4
46, 19.6
46, 19.8
46, 20
46, 20.2
46, 20.4
46, 20.6
46, 20.8
46, 21
46, 21.2
46, 21.4
46, 21.6
46, 21.8
46, 22
46, 22.2
46, 22.4
46, 22.6
46, 22.8
46, 23
46, 23.2
46, 23.4
46, 23.6
46, 23.8
46, 24
46, 24.2
46, 24.4
46, 24.6
46, 24.8
46, 25
46, 25.2
46, 25.4
46, 25.6
46, 25.8
46, 26
46, 26.2
46, 26.4
46, 26.6
46, 26.8
46, 27
46, 27.2
46, 27.4
46, 27.6
46, 27.8
46, 28
46, 28.2
46, 28.4
46, 28.6
46, 28.8
46, 29
46, 29.2
46, 29.4
46, 29.6
46, 29.8
46, 30
46, 30.2
46, 30.4
46, 30.6
46, 30.8
46, 31
46, 31.2
46, 31.4
46, 31.6
46, 31.8
46, 32
46, 32.2
46, 32.4
46, 32.6
46, 32.8
46, 33
46, 33.2
46, 33.4
46, 33.6
46, 33.8
46, 34
46, 34.2
46, 34.4
46, 34.6
46, 34.8
46, 35
46, 35.2
46, 35.4
46, 35.6
46, 35.8
46, 36
46, 36.2
46, 36.4
46, 36.6
46, 36.8
46, 37
46, 37.2
46, 37.4
46, 37.6
46, 37.8
46, 38
46, 38.2
46, 38.4
46, 38.6
46, 38.8
46, 39
46, 39.2
46, 39.4
46, 39.6
46, 39.8
46, 40
46, 40.2
46, 40.4
46, 40.6
46, 40.8
46, 41
46, 41.2
46, 41.4
46, 41.6
46, 41.8
46, 42
46, 42.2
46, 42.4
46, 42.6
46, 42.8
46, 43
46, 43.2
46, 43.4
46, 43.6
46, 43.8
46, 44
46, 44.2
46, 44.4
46, 44.6
46, 44.8
46, 45
46, 45.2
46, 45.4
46, 45.6
46, 45.8
46, 46
46, 46.2
46, 46.4
46, 46.6
46, 46.8
46, 47
46, 47.2
46, 47.4
46, 47.6
46, 47.8
46, 48
46, 48.2
46, 48.4
46, 48.6
46, 48.8
46, 49
46, 49.2
46, 49.4
46, 49.6
46, 49.8
46, 50
46.2, 0.2
46.2, 0.4
46.2, 0.6
46.2, 0.8
46.2, 1
46.2, 1.2
46.2, 1.4
46.2, 1.6
46.2, 1.8
46.2, 2
46.2, 2.2
46.2, 2.4
46.2, 2.6
46.2, 2.8
46.2, 3
46.2, 3.2
46.2, 3.4
46.2, 3.6
46.2, 3.8
46.2, 4
46.2, 4.2
46.2, 4.4
46.2, 4.6
46.2, 4.8
46.2, 5
46.2, 5.2
46.2, 5.4
46.2, 5.6
46.2, 5.8
46.2, 6
46.2, 6.2
46.2, 6.4
46.2, 6.6
46.2, 6.8
46.2, 7
46.2, 7.2
46.2, 7.4
46.2, 7.6
46.2, 7.8
46.2, 8
46.2, 8.2
46.2, 8.4
46.2, 8.6
46.2, 8.8
46.2, 9
46.2, 9.2
46.2, 9.4
46.2, 9.6
46.2, 9.8
46.2, 10
46.2, 10.2
46.2, 10.4
46.2, 10.6
46.2, 10.8
46.2, 11
46.2, 11.2
46.2, 11.4
46.2, 11.6
46.2, 11.8
46.2, 12
46.2, 12.2
46.2, 12.4
46.2, 12.6
46.2, 12.8
46.2, 13
46.2, 13.2
46.2, 13.4
46.2, 13.6
46.2, 13.8
46.2, 14
46.2, 14.2
46.2, 14.4
46.2, 14.6
46.2, 14.8
46.2, 15
46.2, 15.2
46.2, 15.4
46.2, 15.6
46.2, 15.8
46.2, 16
46.2, 16.2
46.2, 16.4
46.2, 16.6
46.2, 16.8
46.2, 17
46.2, 17.2
46.2, 17.4
46.2, 17.6
46.2, 17.8
46.2, 18
46.2, 18.2
46.2, 18.4
46.2, 18.6
46.2, 18.8
46.2, 19
46.2, 19.2
46.2, 19.4
46.2, 19.6
46.2, 19.8
46.2, 20
46.2, 20.2
46.2, 20.4
46.2, 20.6
46.2, 20.8
46.2, 21
46.2, 21.2
46.2, 21.4
46.2, 21.6
46.2, 21.8
46.2, 22
46.2, 22.2
46.2, 22.4
46.2, 22.6
46.2, 22.8
46.2, 23
46.2, 23.2
46.2, 23.4
46.2, 23.6
46.2, 23.8
46.2, 24
46.2, 24.2
46.2, 24.4
46.2, 24.6
46.2, 24.8
46.2, 25
46.2, 25.2
46.2, 25.4
46.2, 25.6
46.2, 25.8
46.2, 26
46.2, 26.2
46.2, 26.4
46.2, 26.6
46.2, 26.8
46.2, 27
46.2, 27.2
46.2, 27.4
46.2, 27.6
46.2, 27.8
46.2, 28
46.2, 28.2
46.2, 28.4
46.2, 28.6
46.2, 28.8
46.2, 29
46.2, 29.2
46.2, 29.4
46.2, 29.6
46.2, 29.8
46.2, 30
46.2, 30.2
46.2, 30.4
46.2, 30.6
46.2, 30.8
46.2, 31
46.2, 31.2
46.2, 31.4
46.2, 31.6
46.2, 31.8
46.2, 32
46.2, 32.2
46.2, 32.4
46.2, 32.6
46.2, 32.8
46.2, 33
46.2, 33.2
46.2, 33.4
46.2, 33.6
46.2, 33.8
46.2, 34
46.2, 34.2
46.2, 34.4
46.2, 34.6
46.2, 34.8
46.2, 35
46.2, 35.2
46.2, 35.4
46.2, 35.6
46.2, 35.8
46.2, 36
46.2, 36.2
46.2, 36.4
46.2, 36.6
46.2, 36.8
46.2, 37
46.2, 37.2
46.2, 37.4
46.2, 37.6
46.2, 37.8
46.2, 38
46.2, 38.2
46.2, 38.4
46.2, 38.6
46.2, 38.8
46.2, 39
46.2, 39.2
46.2, 39.4
46.2, 39.6
46.2, 39.8
46.2, 40
46.2, 40.2
46.2, 40.4
46.2, 40.6
46.2, 40.8
46.2, 41
46.2, 41.2
46.2, 41.4
46.2, 41.6
46.2, 41.8
46.2, 42
46.2, 42.2
46.2, 42.4
46.2, 42.6
46.2, 42.8
46.2, 43
46.2, 43.2
46.2, 43.4
46.2, 43.6
46.2, 43.8
46.2, 44
46.2, 44.2
46.2, 44.4
46.2, 44.6
46.2, 44.8
46.2, 45
46.2, 45.2
46.2, 45.4
46.2, 45.6
46.2, 45.8
46.2, 46
46.2, 46.2
46.2, 46.4
46.2, 46.6
46.2, 46.8
46.2, 47
46.2, 47.2
46.2, 47.4
46.2, 47.6
46.2, 47.8
46.2, 48
46.2, 48.2
46.2, 48.4
46.2, 48.6
46.2, 48.8
46.2, 49
46.2, 49.2
46.2, 49.4
46.2, 49.6
46.2, 49.8
46.2, 50
46.4, 0.2
46.4, 0.4
46.4, 0.6
46.4, 0.8
46.4, 1
46.4, 1.2
46.4, 1.4
46.4, 1.6
46.4, 1.8
46.4, 2
46.4, 2.2
46.4, 2.4
46.4, 2.6
46.4, 2.8
46.4, 3
46.4, 3.2
46.4, 3.4
46.4, 3.6
46.4, 3.8
46.4, 4
46.4, 4.2
46.4, 4.4
46.4, 4.6
46.4, 4.8
46.4, 5
46.4, 5.2
46.4, 5.4
46.4, 5.6
46.4, 5.8
46.4, 6
46.4, 6.2
46.4, 6.4
46.4, 6.6
46.4, 6.8
46.4, 7
46.4, 7.2
46.4, 7.4
46.4, 7.6
46.4, 7.8
46.4, 8
46.4, 8.2
46.4, 8.4
46.4, 8.6
46.4, 8.8
46.4, 9
46.4, 9.2
46.4, 9.4
46.4, 9.6
46.4, 9.8
46.4, 10
46.4, 10.2
46.4, 10.4
46.4, 10.6
46.4, 10.8
46.4, 11
46.4, 11.2
46.4, 11.4
46.4, 11.6
46.4, 11.8
46.4, 12
46.4, 12.2
46.4, 12.4
46.4, 12.6
46.4, 12.8
46.4, 13
46.4, 13.2
46.4, 13.4
46.4, 13.6
46.4, 13.8
46.4, 14
46.4, 14.2
46.4, 14.4
46.4, 14.6
46.4, 14.8
46.4, 15
46.4, 15.2
46.4, 15.4
46.4, 15.6
46.4, 15.8
46.4, 16
46.4, 16.2
46.4, 16.4
46.4, 16.6
46.4, 16.8
46.4, 17
46.4, 17.2
46.4, 17.4
46.4, 17.6
46.4, 17.8
46.4, 18
46.4, 18.2
46.4, 18.4
46.4, 18.6
46.4, 18.8
46.4, 19
46.4, 19.2
46.4, 19.4
46.4, 19.6
46.4, 19.8
46.4, 20
46.4, 20.2
46.4, 20.4
46.4, 20.6
46.4, 20.8
46.4, 21
46.4, 21.2
46.4, 21.4
46.4, 21.6
46.4, 21.8
46.4, 22
46.4, 22.2
46.4, 22.4
46.4, 22.6
46.4, 22.8
46.4, 23
46.4, 23.2
46.4, 23.4
46.4, 23.6
46.4, 23.8
46.4, 24
46.4, 24.2
46.4, 24.4
46.4, 24.6
46.4, 24.8
46.4, 25
46.4, 25.2
46.4, 25.4
46.4, 25.6
46.4, 25.8
46.4, 26
46.4, 26.2
46.4, 26.4
46.4, 26.6
46.4, 26.8
46.4, 27
46.4, 27.2
46.4, 27.4
46.4, 27.6
46.4, 27.8
46.4, 28
46.4, 28.2
46.4, 28.4
46.4, 28.6
46.4, 28.8
46.4, 29
46.4, 29.2
46.4, 29.4
46.4, 29.6
46.4, 29.8
46.4, 30
46.4, 30.2
46.4, 30.4
46.4, 30.6
46.4, 30.8
46.4, 31
46.4, 31.2
46.4, 31.4
46.4, 31.6
46.4, 31.8
46.4, 32
46.4, 32.2
46.4, 32.4
46.4, 32.6
46.4, 32.8
46.4, 33
46.4, 33.2
46.4, 33.4
46.4, 33.6
46.4, 33.8
46.4, 34
46.4, 34.2
46.4, 34.4
46.4, 34.6
46.4, 34.8
46.4, 35
46.4, 35.2
46.4, 35.4
46.4, 35.6
46.4, 35.8
46.4, 36
46.4, 36.2
46.4, 36.4
46.4, 36.6
46.4, 36.8
46.4, 37
46.4, 37.2
46.4, 37.4
46.4, 37.6
46.4, 37.8
46.4, 38
46.4, 38.2
46.4, 38.4
46.4, 38.6
46.4, 38.8
46.4, 39
46.4, 39.2
46.4, 39.4
46.4, 39.6
46.4, 39.8
46.4, 40
46.4, 40.2
46.4, 40.4
46.4, 40.6
46.4, 40.8
46.4, 41
46.4, 41.2
46.4, 41.4
46.4, 41.6
46.4, 41.8
46.4, 42
46.4, 42.2
46.4, 42.4
46.4, 42.6
46.4, 42.8
46.4, 43
46.4, 43.2
46.4, 43.4
46.4, 43.6
46.4, 43.8
46.4, 44
46.4, 44.2
46.4, 44.4
46.4, 44.6
46.4, 44.8
46.4, 45
46.4, 45.2
46.4, 45.4
46.4, 45.6
46.4, 45.8
46.4, 46
46.4, 46.2
46.4, 46.4
46.4, 46.6
46.4, 46.8
46.4, 47
46.4, 47.2
46.4, 47.4
46.4, 47.6
46.4, 47.8
46.4, 48
46.4, 48.2
46.4, 48.4
46.4, 48.6
46.4, 48.8
46.4, 49
46.4, 49.2
46.4, 49.4
46.4, 49.6
46.4, 49.8
46.4, 50
46.6, 0.2
46.6, 0.4
46.6, 0.6
46.6, 0.8
46.6, 1
46.6, 1.2
46.6, 1.4
46.6, 1.6
46.6, 1.8
46.6, 2
46.6, 2.2
46.6, 2.4
46.6, 2.6
46.6, 2.8
46.6, 3
46.6, 3.2
46.6, 3.4
46.6, 3.6
46.6, 3.8
46.6, 4
46.6, 4.2
46.6, 4.4
46.6, 4.6
46.6, 4.8
46.6, 5
46.6, 5.2
46.6, 5.4
46.6, 5.6
46.6, 5.8
46.6, 6
46.6, 6.2
46.6, 6.4
46.6, 6.6
46.6, 6.8
46.6, 7
46.6, 7.2
46.6, 7.4
46.6, 7.6
46.6, 7.8
46.6, 8
46.6, 8.2
46.6, 8.4
46.6, 8.6
46.6, 8.8
46.6, 9
46.6, 9.2
46.6, 9.4
46.6, 9.6
46.6, 9.8
46.6, 10
46.6, 10.2
46.6, 10.4
46.6, 10.6
46.6, 10.8
46.6, 11
46.6, 11.2
46.6, 11.4
46.6, 11.6
46.6, 11.8
46.6, 12
46.6, 12.2
46.6, 12.4
46.6, 12.6
46.6, 12.8
46.6, 13
46.6, 13.2
46.6, 13.4
46.6, 13.6
46.6, 13.8
46.6, 14
46.6, 14.2
46.6, 14.4
46.6, 14.6
46.6, 14.8
46.6, 15
46.6, 15.2
46.6, 15.4
46.6, 15.6
46.6, 15.8
46.6, 16
46.6, 16.2
46.6, 16.4
46.6, 16.6
46.6, 16.8
46.6, 17
46.6, 17.2
46.6, 17.4
46.6, 17.6
46.6, 17.8
46.6, 18
46.6, 18.2
46.6, 18.4
46.6, 18.6
46.6, 18.8
46.6, 19
46.6, 19.2
46.6, 19.4
46.6, 19.6
46.6, 19.8
46.6, 20
46.6, 20.2
46.6, 20.4
46.6, 20.6
46.6, 20.8
46.6, 21
46.6, 21.2
46.6, 21.4
46.6, 21.6
46.6, 21.8
46.6, 22
46.6, 22.2
46.6, 22.4
46.6, 22.6
46.6, 22.8
46.6, 23
46.6, 23.2
46.6, 23.4
46.6, 23.6
46.6, 23.8
46.6, 24
46.6, 24.2
46.6, 24.4
46.6, 24.6
46.6, 24.8
46.6, 25
46.6, 25.2
46.6, 25.4
46.6, 25.6
46.6, 25.8
46.6, 26
46.6, 26.2
46.6, 26.4
46.6, 26.6
46.6, 26.8
46.6, 27
46.6, 27.2
46.6, 27.4
46.6, 27.6
46.6, 27.8
46.6, 28
46.6, 28.2
46.6, 28.4
46.6, 28.6
46.6, 28.8
46.6, 29
46.6, 29.2
46.6, 29.4
46.6, 29.6
46.6, 29.8
46.6, 30
46.6, 30.2
46.6, 30.4
46.6, 30.6
46.6, 30.8
46.6, 31
46.6, 31.2
46.6, 31.4
46.6, 31.6
46.6, 31.8
46.6, 32
46.6, 32.2
46.6, 32.4
46.6, 32.6
46.6, 32.8
46.6, 33
46.6, 33.2
46.6, 33.4
46.6, 33.6
46.6, 33.8
46.6, 34
46.6, 34.2
46.6, 34.4
46.6, 34.6
46.6, 34.8
46.6, 35
46.6, 35.2
46.6, 35.4
46.6, 35.6
46.6, 35.8
46.6, 36
46.6, 36.2
46.6, 36.4
46.6, 36.6
46.6, 36.8
46.6, 37
46.6, 37.2
46.6, 37.4
46.6, 37.6
46.6, 37.8
46.6, 38
46.6, 38.2
46.6, 38.4
46.6, 38.6
46.6, 38.8
46.6, 39
46.6, 39.2
46.6, 39.4
46.6, 39.6
46.6, 39.8
46.6, 40
46.6, 40.2
46.6, 40.4
46.6, 40.6
46.6, 40.8
46.6, 41
46.6, 41.2
46.6, 41.4
46.6, 41.6
46.6, 41.8
46.6, 42
46.6, 42.2
46.6, 42.4
46.6, 42.6
46.6, 42.8
46.6, 43
46.6, 43.2
46.6, 43.4
46.6, 43.6
46.6, 43.8
46.6, 44
46.6, 44.2
46.6, 44.4
46.6, 44.6
46.6, 44.8
46.6, 45
46.6, 45.2
46.6, 45.4
46.6, 45.6
46.6, 45.8
46.6, 46
46.6, 46.2
46.6, 46.4
46.6, 46.6
46.6, 46.8
46.6, 47
46.6, 47.2
46.6, 47.4
46.6, 47.6
46.6, 47.8
46.6, 48
46.6, 48.2
46.6, 48.4
46.6, 48.6
46.6, 48.8
46.6, 49
46.6, 49.2
46.6, 49.4
46.6, 49.6
46.6, 49.8
46.6, 50
46.8, 0.2
46.8, 0.4
46.8, 0.6
46.8, 0.8
46.8, 1
46.8, 1.2
46.8, 1.4
46.8, 1.6
46.8, 1.8
46.8, 2
46.8, 2.2
46.8, 2.4
46.8, 2.6
46.8, 2.8
46.8, 3
46.8, 3.2
46.8, 3.4
46.8, 3.6
46.8, 3.8
46.8, 4
46.8, 4.2
46.8, 4.4
46.8, 4.6
46.8, 4.8
46.8, 5
46.8, 5.2
46.8, 5.4
46.8, 5.6
46.8, 5.8
46.8, 6
46.8, 6.2
46.8, 6.4
46.8, 6.6
46.8, 6.8
46.8, 7
46.8, 7.2
46.8, 7.4
46.8, 7.6
46.8, 7.8
46.8, 8
46.8, 8.2
46.8, 8.4
46.8, 8.6
46.8, 8.8
46.8, 9
46.8, 9.2
46.8, 9.4
46.8, 9.6
46.8, 9.8
46.8, 10
46.8, 10.2
46.8, 10.4
46.8, 10.6
46.8, 10.8
46.8, 11
46.8, 11.2
46.8, 11.4
46.8, 11.6
46.8, 11.8
46.8, 12
46.8, 12.2
46.8, 12.4
46.8, 12.6
46.8, 12.8
46.8, 13
46.8, 13.2
46.8, 13.4
46.8, 13.6
46.8, 13.8
46.8, 14
46.8, 14.2
46.8, 14.4
46.8, 14.6
46.8, 14.8
46.8, 15
46.8, 15.2
46.8, 15.4
46.8, 15.6
46.8, 15.8
46.8, 16
46.8, 16.2
46.8, 16.4
46.8, 16.6
46.8, 16.8
46.8, 17
46.8, 17.2
46.8, 17.4
46.8, 17.6
46.8, 17.8
46.8, 18
46.8, 18.2
46.8, 18.4
46.8, 18.6
46.8, 18.8
46.8, 19
46.8, 19.2
46.8, 19.4
46.8, 19.6
46.8, 19.8
46.8, 20
46.8, 20.2
46.8, 20.4
46.8, 20.6
46.8, 20.8
46.8, 21
46.8, 21.2
46.8, 21.4
46.8, 21.6
46.8, 21.8
46.8, 22
46.8, 22.2
46.8, 22.4
46.8, 22.6
46.8, 22.8
46.8, 23
46.8, 23.2
46.8, 23.4
46.8, 23.6
46.8, 23.8
46.8, 24
46.8, 24.2
46.8, 24.4
46.8, 24.6
46.8, 24.8
46.8, 25
46.8, 25.2
46.8, 25.4
46.8, 25.6
46.8, 25.8
46.8, 26
46.8, 26.2
46.8, 26.4
46.8, 26.6
46.8, 26.8
46.8, 27
46.8, 27.2
46.8, 27.4
46.8, 27.6
46.8, 27.8
46.8, 28
46.8, 28.2
46.8, 28.4
46.8, 28.6
46.8, 28.8
46.8, 29
46.8, 29.2
46.8, 29.4
46.8, 29.6
46.8, 29.8
46.8, 30
46.8, 30.2
46.8, 30.4
46.8, 30.6
46.8, 30.8
46.8, 31
46.8, 31.2
46.8, 31.4
46.8, 31.6
46.8, 31.8
46.8, 32
46.8, 32.2
46.8, 32.4
46.8, 32.6
46.8, 32.8
46.8, 33
46.8, 33.2
46.8, 33.4
46.8, 33.6
46.8, 33.8
46.8, 34
46.8, 34.2
46.8, 34.4
46.8, 34.6
46.8, 34.8
46.8, 35
46.8, 35.2
46.8, 35.4
46.8, 35.6
46.8, 35.8
46.8, 36
46.8, 36.2
46.8, 36.4
46.8, 36.6
46.8, 36.8
46.8, 37
46.8, 37.2
46.8, 37.4
46.8, 37.6
46.8, 37.8
46.8, 38
46.8, 38.2
46.8, 38.4
46.8, 38.6
46.8, 38.8
46.8, 39
46.8, 39.2
46.8, 39.4
46.8, 39.6
46.8, 39.8
46.8, 40
46.8, 40.2
46.8, 40.4
46.8, 40.6
46.8, 40.8
46.8, 41
46.8, 41.2
46.8, 41.4
46.8, 41.6
46.8, 41.8
46.8, 42
46.8, 42.2
46.8, 42.4
46.8, 42.6
46.8, 42.8
46.8, 43
46.8, 43.2
46.8, 43.4
46.8, 43.6
46.8, 43.8
46.8, 44
46.8, 44.2
46.8, 44.4
46.8, 44.6
46.8, 44.8
46.8, 45
46.8, 45.2
46.8, 45.4
46.8, 45.6
46.8, 45.8
46.8, 46
46.8, 46.2
46.8, 46.4
46.8, 46.6
46.8, 46.8
46.8, 47
46.8, 47.2
46.8, 47.4
46.8, 47.6
46.8, 47.8
46.8, 48
46.8, 48.2
46.8, 48.4
46.8, 48.6
46.8, 48.8
46.8, 49
46.8, 49.2
46.8, 49.4
46.8, 49.6
46.8, 49.8
46.8, 50
47, 0.2
47, 0.4
47, 0.6
47, 0.8
47, 1
47, 1.2
47, 1.4
47, 1.6
47, 1.8
47, 2
47, 2.2
47, 2.4
47, 2.6
47, 2.8
47, 3
47, 3.2
47, 3.4
47, 3.6
47, 3.8
47, 4
47, 4.2
47, 4.4
47, 4.6
47, 4.8
47, 5
47, 5.2
47, 5.4
47, 5.6
47, 5.8
47, 6
47, 6.2
47, 6.4
47, 6.6
47, 6.8
47, 7
47, 7.2
47, 7.4
47, 7.6
47, 7.8
47, 8
47, 8.2
47, 8.4
47, 8.6
47, 8.8
47, 9
47, 9.2
47, 9.4
47, 9.6
47, 9.8
47, 10
47, 10.2
47, 10.4
47, 10.6
47, 10.8
47, 11
47, 11.2
47, 11.4
47, 11.6
47, 11.8
47, 12
47, 12.2
47, 12.4
47, 12.6
47, 12.8
47, 13
47, 13.2
47, 13.4
47, 13.6
47, 13.8
47, 14
47, 14.2
47, 14.4
47, 14.6
47, 14.8
47, 15
47, 15.2
47, 15.4
47, 15.6
47, 15.8
47, 16
47, 16.2
47, 16.4
47, 16.6
47, 16.8
47, 17
47, 17.2
47, 17.4
47, 17.6
47, 17.8
47, 18
47, 18.2
47, 18.4
47, 18.6
47, 18.8
47, 19
47, 19.2
47, 19.4
47, 19.6
47, 19.8
47, 20
47, 20.2
47, 20.4
47, 20.6
47, 20.8
47, 21
47, 21.2
47, 21.4
47, 21.6
47, 21.8
47, 22
47, 22.2
47, 22.4
47, 22.6
47, 22.8
47, 23
47, 23.2
47, 23.4
47, 23.6
47, 23.8
47, 24
47, 24.2
47, 24.4
47, 24.6
47, 24.8
47, 25
47, 25.2
47, 25.4
47, 25.6
47, 25.8
47, 26
47, 26.2
47, 26.4
47, 26.6
47, 26.8
47, 27
47, 27.2
47, 27.4
47, 27.6
47, 27.8
47, 28
47, 28.2
47, 28.4
47, 28.6
47, 28.8
47, 29
47, 29.2
47, 29.4
47, 29.6
47, 29.8
47, 30
47, 30.2
47, 30.4
47, 30.6
47, 30.8
47, 31
47, 31.2
47, 31.4
47, 31.6
47, 31.8
47, 32
47, 32.2
47, 32.4
47, 32.6
47, 32.8
47, 33
47, 33.2
47, 33.4
47, 33.6
47, 33.8
47, 34
47, 34.2
47, 34.4
47, 34.6
47, 34.8
47, 35
47, 35.2
47, 35.4
47, 35.6
47, 35.8
47, 36
47, 36.2
47, 36.4
47, 36.6
47, 36.8
47, 37
47, 37.2
47, 37.4
47, 37.6
47, 37.8
47, 38
47, 38.2
47, 38.4
47, 38.6
47, 38.8
47, 39
47, 39.2
47, 39.4
47, 39.6
47, 39.8
47, 40
47, 40.2
47, 40.4
47, 40.6
47, 40.8
47, 41
47, 41.2
47, 41.4
47, 41.6
47, 41.8
47, 42
47, 42.2
47, 42.4
47, 42.6
47, 42.8
47, 43
47, 43.2
47, 43.4
47, 43.6
47, 43.8
47, 44
47, 44.2
47, 44.4
47, 44.6
47, 44.8
47, 45
47, 45.2
47, 45.4
47, 45.6
47, 45.8
47, 46
47, 46.2
47, 46.4
47, 46.6
47, 46.8
47, 47
47, 47.2
47, 47.4
47, 47.6
47, 47.8
47, 48
47, 48.2
47, 48.4
47, 48.6
47, 48.8
47, 49
47, 49.2
47, 49.4
47, 49.6
47, 49.8
47, 50
47.2, 0.2
47.2, 0.4
47.2, 0.6
47.2, 0.8
47.2, 1
47.2, 1.2
47.2, 1.4
47.2, 1.6
47.2, 1.8
47.2, 2
47.2, 2.2
47.2, 2.4
47.2, 2.6
47.2, 2.8
47.2, 3
47.2, 3.2
47.2, 3.4
47.2, 3.6
47.2, 3.8
47.2, 4
47.2, 4.2
47.2, 4.4
47.2, 4.6
47.2, 4.8
47.2, 5
47.2, 5.2
47.2, 5.4
47.2, 5.6
47.2, 5.8
47.2, 6
47.2, 6.2
47.2, 6.4
47.2, 6.6
47.2, 6.8
47.2, 7
47.2, 7.2
47.2, 7.4
47.2, 7.6
47.2, 7.8
47.2, 8
47.2, 8.2
47.2, 8.4
47.2, 8.6
47.2, 8.8
47.2, 9
47.2, 9.2
47.2, 9.4
47.2, 9.6
47.2, 9.8
47.2, 10
47.2, 10.2
47.2, 10.4
47.2, 10.6
47.2, 10.8
47.2, 11
47.2, 11.2
47.2, 11.4
47.2, 11.6
47.2, 11.8
47.2, 12
47.2, 12.2
47.2, 12.4
47.2, 12.6
47.2, 12.8
47.2, 13
47.2, 13.2
47.2, 13.4
47.2, 13.6
47.2, 13.8
47.2, 14
47.2, 14.2
47.2, 14.4
47.2, 14.6
47.2, 14.8
47.2, 15
47.2, 15.2
47.2, 15.4
47.2, 15.6
47.2, 15.8
47.2, 16
47.2, 16.2
47.2, 16.4
47.2, 16.6
47.2, 16.8
47.2, 17
47.2, 17.2
47.2, 17.4
47.2, 17.6
47.2, 17.8
47.2, 18
47.2, 18.2
47.2, 18.4
47.2, 18.6
47.2, 18.8
47.2, 19
47.2, 19.2
47.2, 19.4
47.2, 19.6
47.2, 19.8
47.2, 20
47.2, 20.2
47.2, 20.4
47.2, 20.6
47.2, 20.8
47.2, 21
47.2, 21.2
47.2, 21.4
47.2, 21.6
47.2, 21.8
47.2, 22
47.2, 22.2
47.2, 22.4
47.2, 22.6
47.2, 22.8
47.2, 23
47.2, 23.2
47.2, 23.4
47.2, 23.6
47.2, 23.8
47.2, 24
47.2, 24.2
47.2, 24.4
47.2, 24.6
47.2, 24.8
47.2, 25
47.2, 25.2
47.2, 25.4
47.2, 25.6
47.2, 25.8
47.2, 26
47.2, 26.2
47.2, 26.4
47.2, 26.6
47.2, 26.8
47.2, 27
47.2, 27.2
47.2, 27.4
47.2, 27.6
47.2, 27.8
47.2, 28
47.2, 28.2
47.2, 28.4
47.2, 28.6
47.2, 28.8
47.2, 29
47.2, 29.2
47.2, 29.4
47.2, 29.6
47.2, 29.8
47.2, 30
47.2, 30.2
47.2, 30.4
47.2, 30.6
47.2, 30.8
47.2, 31
47.2, 31.2
47.2, 31.4
47.2, 31.6
47.2, 31.8
47.2, 32
47.2, 32.2
47.2, 32.4
47.2, 32.6
47.2, 32.8
47.2, 33
47.2, 33.2
47.2, 33.4
47.2, 33.6
47.2, 33.8
47.2, 34
47.2, 34.2
47.2, 34.4
47.2, 34.6
47.2, 34.8
47.2, 35
47.2, 35.2
47.2, 35.4
47.2, 35.6
47.2, 35.8
47.2, 36
47.2, 36.2
47.2, 36.4
47.2, 36.6
47.2, 36.8
47.2, 37
47.2, 37.2
47.2, 37.4
47.2, 37.6
47.2, 37.8
47.2, 38
47.2, 38.2
47.2, 38.4
47.2, 38.6
47.2, 38.8
47.2, 39
47.2, 39.2
47.2, 39.4
47.2, 39.6
47.2, 39.8
47.2, 40
47.2, 40.2
47.2, 40.4
47.2, 40.6
47.2, 40.8
47.2, 41
47.2, 41.2
47.2, 41.4
47.2, 41.6
47.2, 41.8
47.2, 42
47.2, 42.2
47.2, 42.4
47.2, 42.6
47.2, 42.8
47.2, 43
47.2, 43.2
47.2, 43.4
47.2, 43.6
47.2, 43.8
47.2, 44
47.2, 44.2
47.2, 44.4
47.2, 44.6
47.2, 44.8
47.2, 45
47.2, 45.2
47.2, 45.4
47.2, 45.6
47.2, 45.8
47.2, 46
47.2, 46.2
47.2, 46.4
47.2, 46.6
47.2, 46.8
47.2, 47
47.2, 47.2
47.2, 47.4
47.2, 47.6
47.2, 47.8
47.2, 48
47.2, 48.2
47.2, 48.4
47.2, 48.6
47.2, 48.8
47.2, 49
47.2, 49.2
47.2, 49.4
47.2, 49.6
47.2, 49.8
47.2, 50
47.4, 0.2
47.4, 0.4
47.4, 0.6
47.4, 0.8
47.4, 1
47.4, 1.2
47.4, 1.4
47.4, 1.6
47.4, 1.8
47.4, 2
47.4, 2.2
47.4, 2.4
47.4, 2.6
47.4, 2.8
47.4, 3
47.4, 3.2
47.4, 3.4
47.4, 3.6
47.4, 3.8
47.4, 4
47.4, 4.2
47.4, 4.4
47.4, 4.6
47.4, 4.8
47.4, 5
47.4, 5.2
47.4, 5.4
47.4, 5.6
47.4, 5.8
47.4, 6
47.4, 6.2
47.4, 6.4
47.4, 6.6
47.4, 6.8
47.4, 7
47.4, 7.2
47.4, 7.4
47.4, 7.6
47.4, 7.8
47.4, 8
47.4, 8.2
47.4, 8.4
47.4, 8.6
47.4, 8.8
47.4, 9
47.4, 9.2
47.4, 9.4
47.4, 9.6
47.4, 9.8
47.4, 10
47.4, 10.2
47.4, 10.4
47.4, 10.6
47.4, 10.8
47.4, 11
47.4, 11.2
47.4, 11.4
47.4, 11.6
47.4, 11.8
47.4, 12
47.4, 12.2
47.4, 12.4
47.4, 12.6
47.4, 12.8
47.4, 13
47.4, 13.2
47.4, 13.4
47.4, 13.6
47.4, 13.8
47.4, 14
47.4, 14.2
47.4, 14.4
47.4, 14.6
47.4, 14.8
47.4, 15
47.4, 15.2
47.4, 15.4
47.4, 15.6
47.4, 15.8
47.4, 16
47.4, 16.2
47.4, 16.4
47.4, 16.6
47.4, 16.8
47.4, 17
47.4, 17.2
47.4, 17.4
47.4, 17.6
47.4, 17.8
47.4, 18
47.4, 18.2
47.4, 18.4
47.4, 18.6
47.4, 18.8
47.4, 19
47.4, 19.2
47.4, 19.4
47.4, 19.6
47.4, 19.8
47.4, 20
47.4, 20.2
47.4, 20.4
47.4, 20.6
47.4, 20.8
47.4, 21
47.4, 21.2
47.4, 21.4
47.4, 21.6
47.4, 21.8
47.4, 22
47.4, 22.2
47.4, 22.4
47.4, 22.6
47.4, 22.8
47.4, 23
47.4, 23.2
47.4, 23.4
47.4, 23.6
47.4, 23.8
47.4, 24
47.4, 24.2
47.4, 24.4
47.4, 24.6
47.4, 24.8
47.4, 25
47.4, 25.2
47.4, 25.4
47.4, 25.6
47.4, 25.8
47.4, 26
47.4, 26.2
47.4, 26.4
47.4, 26.6
47.4, 26.8
47.4, 27
47.4, 27.2
47.4, 27.4
47.4, 27.6
47.4, 27.8
47.4, 28
47.4, 28.2
47.4, 28.4
47.4, 28.6
47.4, 28.8
47.4, 29
47.4, 29.2
47.4, 29.4
47.4, 29.6
47.4, 29.8
47.4, 30
47.4, 30.2
47.4, 30.4
47.4, 30.6
47.4, 30.8
47.4, 31
47.4, 31.2
47.4, 31.4
47.4, 31.6
47.4, 31.8
47.4, 32
47.4, 32.2
47.4, 32.4
47.4, 32.6
47.4, 32.8
47.4, 33
47.4, 33.2
47.4, 33.4
47.4, 33.6
47.4, 33.8
47.4, 34
47.4, 34.2
47.4, 34.4
47.4, 34.6
47.4, 34.8
47.4, 35
47.4, 35.2
47.4, 35.4
47.4, 35.6
47.4, 35.8
47.4, 36
47.4, 36.2
47.4, 36.4
47.4, 36.6
47.4, 36.8
47.4, 37
47.4, 37.2
47.4, 37.4
47.4, 37.6
47.4, 37.8
47.4, 38
47.4, 38.2
47.4, 38.4
47.4, 38.6
47.4, 38.8
47.4, 39
47.4, 39.2
47.4, 39.4
47.4, 39.6
47.4, 39.8
47.4, 40
47.4, 40.2
47.4, 40.4
47.4, 40.6
47.4, 40.8
47.4, 41
47.4, 41.2
47.4, 41.4
47.4, 41.6
47.4, 41.8
47.4, 42
47.4, 42.2
47.4, 42.4
47.4, 42.6
47.4, 42.8
47.4, 43
47.4, 43.2
47.4, 43.4
47.4, 43.6
47.4, 43.8
47.4, 44
47.4, 44.2
47.4, 44.4
47.4, 44.6
47.4, 44.8
47.4, 45
47.4, 45.2
47.4, 45.4
47.4, 45.6
47.4, 45.8
47.4, 46
47.4, 46.2
47.4, 46.4
47.4, 46.6
47.4, 46.8
47.4, 47
47.4, 47.2
47.4, 47.4
47.4, 47.6
47.4, 47.8
47.4, 48
47.4, 48.2
47.4, 48.4
47.4, 48.6
47.4, 48.8
47.4, 49
47.4, 49.2
47.4, 49.4
47.4, 49.6
47.4, 49.8
47.4, 50
47.6, 0.2
47.6, 0.4
47.6, 0.6
47.6, 0.8
47.6, 1
47.6, 1.2
47.6, 1.4
47.6, 1.6
47.6, 1.8
47.6, 2
47.6, 2.2
47.6, 2.4
47.6, 2.6
47.6, 2.8
47.6, 3
47.6, 3.2
47.6, 3.4
47.6, 3.6
47.6, 3.8
47.6, 4
47.6, 4.2
47.6, 4.4
47.6, 4.6
47.6, 4.8
47.6, 5
47.6, 5.2
47.6, 5.4
47.6, 5.6
47.6, 5.8
47.6, 6
47.6, 6.2
47.6, 6.4
47.6, 6.6
47.6, 6.8
47.6, 7
47.6, 7.2
47.6, 7.4
47.6, 7.6
47.6, 7.8
47.6, 8
47.6, 8.2
47.6, 8.4
47.6, 8.6
47.6, 8.8
47.6, 9
47.6, 9.2
47.6, 9.4
47.6, 9.6
47.6, 9.8
47.6, 10
47.6, 10.2
47.6, 10.4
47.6, 10.6
47.6, 10.8
47.6, 11
47.6, 11.2
47.6, 11.4
47.6, 11.6
47.6, 11.8
47.6, 12
47.6, 12.2
47.6, 12.4
47.6, 12.6
47.6, 12.8
47.6, 13
47.6, 13.2
47.6, 13.4
47.6, 13.6
47.6, 13.8
47.6, 14
47.6, 14.2
47.6, 14.4
47.6, 14.6
47.6, 14.8
47.6, 15
47.6, 15.2
47.6, 15.4
47.6, 15.6
47.6, 15.8
47.6, 16
47.6, 16.2
47.6, 16.4
47.6, 16.6
47.6, 16.8
47.6, 17
47.6, 17.2
47.6, 17.4
47.6, 17.6
47.6, 17.8
47.6, 18
47.6, 18.2
47.6, 18.4
47.6, 18.6
47.6, 18.8
47.6, 19
47.6, 19.2
47.6, 19.4
47.6, 19.6
47.6, 19.8
47.6, 20
47.6, 20.2
47.6, 20.4
47.6, 20.6
47.6, 20.8
47.6, 21
47.6, 21.2
47.6, 21.4
47.6, 21.6
47.6, 21.8
47.6, 22
47.6, 22.2
47.6, 22.4
47.6, 22.6
47.6, 22.8
47.6, 23
47.6, 23.2
47.6, 23.4
47.6, 23.6
47.6, 23.8
47.6, 24
47.6, 24.2
47.6, 24.4
47.6, 24.6
47.6, 24.8
47.6, 25
47.6, 25.2
47.6, 25.4
47.6, 25.6
47.6, 25.8
47.6, 26
47.6, 26.2
47.6, 26.4
47.6, 26.6
47.6, 26.8
47.6, 27
47.6, 27.2
47.6, 27.4
47.6, 27.6
47.6, 27.8
47.6, 28
47.6, 28.2
47.6, 28.4
47.6, 28.6
47.6, 28.8
47.6, 29
47.6, 29.2
47.6, 29.4
47.6, 29.6
47.6, 29.8
47.6, 30
47.6, 30.2
47.6, 30.4
47.6, 30.6
47.6, 30.8
47.6, 31
47.6, 31.2
47.6, 31.4
47.6, 31.6
47.6, 31.8
47.6, 32
47.6, 32.2
47.6, 32.4
47.6, 32.6
47.6, 32.8
47.6, 33
47.6, 33.2
47.6, 33.4
47.6, 33.6
47.6, 33.8
47.6, 34
47.6, 34.2
47.6, 34.4
47.6, 34.6
47.6, 34.8
47.6, 35
47.6, 35.2
47.6, 35.4
47.6, 35.6
47.6, 35.8
47.6, 36
47.6, 36.2
47.6, 36.4
47.6, 36.6
47.6, 36.8
47.6, 37
47.6, 37.2
47.6, 37.4
47.6, 37.6
47.6, 37.8
47.6, 38
47.6, 38.2
47.6, 38.4
47.6, 38.6
47.6, 38.8
47.6, 39
47.6, 39.2
47.6, 39.4
47.6, 39.6
47.6, 39.8
47.6, 40
47.6, 40.2
47.6, 40.4
47.6, 40.6
47.6, 40.8
47.6, 41
47.6, 41.2
47.6, 41.4
47.6, 41.6
47.6, 41.8
47.6, 42
47.6, 42.2
47.6, 42.4
47.6, 42.6
47.6, 42.8
47.6, 43
47.6, 43.2
47.6, 43.4
47.6, 43.6
47.6, 43.8
47.6, 44
47.6, 44.2
47.6, 44.4
47.6, 44.6
47.6, 44.8
47.6, 45
47.6, 45.2
47.6, 45.4
47.6, 45.6
47.6, 45.8
47.6, 46
47.6, 46.2
47.6, 46.4
47.6, 46.6
47.6, 46.8
47.6, 47
47.6, 47.2
47.6, 47.4
47.6, 47.6
47.6, 47.8
47.6, 48
47.6, 48.2
47.6, 48.4
47.6, 48.6
47.6, 48.8
47.6, 49
47.6, 49.2
47.6, 49.4
47.6, 49.6
47.6, 49.8
47.6, 50
47.8, 0.2
47.8, 0.4
47.8, 0.6
47.8, 0.8
47.8, 1
47.8, 1.2
47.8, 1.4
47.8, 1.6
47.8, 1.8
47.8, 2
47.8, 2.2
47.8, 2.4
47.8, 2.6
47.8, 2.8
47.8, 3
47.8, 3.2
47.8, 3.4
47.8, 3.6
47.8, 3.8
47.8, 4
47.8, 4.2
47.8, 4.4
47.8, 4.6
47.8, 4.8
47.8, 5
47.8, 5.2
47.8, 5.4
47.8, 5.6
47.8, 5.8
47.8, 6
47.8, 6.2
47.8, 6.4
47.8, 6.6
47.8, 6.8
47.8, 7
47.8, 7.2
47.8, 7.4
47.8, 7.6
47.8, 7.8
47.8, 8
47.8, 8.2
47.8, 8.4
47.8, 8.6
47.8, 8.8
47.8, 9
47.8, 9.2
47.8, 9.4
47.8, 9.6
47.8, 9.8
47.8, 10
47.8, 10.2
47.8, 10.4
47.8, 10.6
47.8, 10.8
47.8, 11
47.8, 11.2
47.8, 11.4
47.8, 11.6
47.8, 11.8
47.8, 12
47.8, 12.2
47.8, 12.4
47.8, 12.6
47.8, 12.8
47.8, 13
47.8, 13.2
47.8, 13.4
47.8, 13.6
47.8, 13.8
47.8, 14
47.8, 14.2
47.8, 14.4
47.8, 14.6
47.8, 14.8
47.8, 15
47.8, 15.2
47.8, 15.4
47.8, 15.6
47.8, 15.8
47.8, 16
47.8, 16.2
47.8, 16.4
47.8, 16.6
47.8, 16.8
47.8, 17
47.8, 17.2
47.8, 17.4
47.8, 17.6
47.8, 17.8
47.8, 18
47.8, 18.2
47.8, 18.4
47.8, 18.6
47.8, 18.8
47.8, 19
47.8, 19.2
47.8, 19.4
47.8, 19.6
47.8, 19.8
47.8, 20
47.8, 20.2
47.8, 20.4
47.8, 20.6
47.8, 20.8
47.8, 21
47.8, 21.2
47.8, 21.4
47.8, 21.6
47.8, 21.8
47.8, 22
47.8, 22.2
47.8, 22.4
47.8, 22.6
47.8, 22.8
47.8, 23
47.8, 23.2
47.8, 23.4
47.8, 23.6
47.8, 23.8
47.8, 24
47.8, 24.2
47.8, 24.4
47.8, 24.6
47.8, 24.8
47.8, 25
47.8, 25.2
47.8, 25.4
47.8, 25.6
47.8, 25.8
47.8, 26
47.8, 26.2
47.8, 26.4
47.8, 26.6
47.8, 26.8
47.8, 27
47.8, 27.2
47.8, 27.4
47.8, 27.6
47.8, 27.8
47.8, 28
47.8, 28.2
47.8, 28.4
47.8, 28.6
47.8, 28.8
47.8, 29
47.8, 29.2
47.8, 29.4
47.8, 29.6
47.8, 29.8
47.8, 30
47.8, 30.2
47.8, 30.4
47.8, 30.6
47.8, 30.8
47.8, 31
47.8, 31.2
47.8, 31.4
47.8, 31.6
47.8, 31.8
47.8, 32
47.8, 32.2
47.8, 32.4
47.8, 32.6
47.8, 32.8
47.8, 33
47.8, 33.2
47.8, 33.4
47.8, 33.6
47.8, 33.8
47.8, 34
47.8, 34.2
47.8, 34.4
47.8, 34.6
47.8, 34.8
47.8, 35
47.8, 35.2
47.8, 35.4
47.8, 35.6
47.8, 35.8
47.8, 36
47.8, 36.2
47.8, 36.4
47.8, 36.6
47.8, 36.8
47.8, 37
47.8, 37.2
47.8, 37.4
47.8, 37.6
47.8, 37.8
47.8, 38
47.8, 38.2
47.8, 38.4
47.8, 38.6
47.8, 38.8
47.8, 39
47.8, 39.2
47.8, 39.4
47.8, 39.6
47.8, 39.8
47.8, 40
47.8, 40.2
47.8, 40.4
47.8, 40.6
47.8, 40.8
47.8, 41
47.8, 41.2
47.8, 41.4
47.8, 41.6
47.8, 41.8
47.8, 42
47.8, 42.2
47.8, 42.4
47.8, 42.6
47.8, 42.8
47.8, 43
47.8, 43.2
47.8, 43.4
47.8, 43.6
47.8, 43.8
47.8, 44
47.8, 44.2
47.8, 44.4
47.8, 44.6
47.8, 44.8
47.8, 45
47.8, 45.2
47.8, 45.4
47.8, 45.6
47.8, 45.8
47.8, 46
47.8, 46.2
47.8, 46.4
47.8, 46.6
47.8, 46.8
47.8, 47
47.8, 47.2
47.8, 47.4
47.8, 47.6
47.8, 47.8
47.8, 48
47.8, 48.2
47.8, 48.4
47.8, 48.6
47.8, 48.8
47.8, 49
47.8, 49.2
47.8, 49.4
47.8, 49.6
47.8, 49.8
47.8, 50
48, 0.2
48, 0.4
48, 0.6
48, 0.8
48, 1
48, 1.2
48, 1.4
48, 1.6
48, 1.8
48, 2
48, 2.2
48, 2.4
48, 2.6
48, 2.8
48, 3
48, 3.2
48, 3.4
48, 3.6
48, 3.8
48, 4
48, 4.2
48, 4.4
48, 4.6
48, 4.8
48, 5
48, 5.2
48, 5.4
48, 5.6
48, 5.8
48, 6
48, 6.2
48, 6.4
48, 6.6
48, 6.8
48, 7
48, 7.2
48, 7.4
48, 7.6
48, 7.8
48, 8
48, 8.2
48, 8.4
48, 8.6
48, 8.8
48, 9
48, 9.2
48, 9.4
48, 9.6
48, 9.8
48, 10
48, 10.2
48, 10.4
48, 10.6
48, 10.8
48, 11
48, 11.2
48, 11.4
48, 11.6
48, 11.8
48, 12
48, 12.2
48, 12.4
48, 12.6
48, 12.8
48, 13
48, 13.2
48, 13.4
48, 13.6
48, 13.8
48, 14
48, 14.2
48, 14.4
48, 14.6
48, 14.8
48, 15
48, 15.2
48, 15.4
48, 15.6
48, 15.8
48, 16
48, 16.2
48, 16.4
48, 16.6
48, 16.8
48, 17
48, 17.2
48, 17.4
48, 17.6
48, 17.8
48, 18
48, 18.2
48, 18.4
48, 18.6
48, 18.8
48, 19
48, 19.2
48, 19.4
48, 19.6
48, 19.8
48, 20
48, 20.2
48, 20.4
48, 20.6
48, 20.8
48, 21
48, 21.2
48, 21.4
48, 21.6
48, 21.8
48, 22
48, 22.2
48, 22.4
48, 22.6
48, 22.8
48, 23
48, 23.2
48, 23.4
48, 23.6
48, 23.8
48, 24
48, 24.2
48, 24.4
48, 24.6
48, 24.8
48, 25
48, 25.2
48, 25.4
48, 25.6
48, 25.8
48, 26
48, 26.2
48, 26.4
48, 26.6
48, 26.8
48, 27
48, 27.2
48, 27.4
48, 27.6
48, 27.8
48, 28
48, 28.2
48, 28.4
48, 28.6
48, 28.8
48, 29
48, 29.2
48, 29.4
48, 29.6
48, 29.8
48, 30
48, 30.2
48, 30.4
48, 30.6
48, 30.8
48, 31
48, 31.2
48, 31.4
48, 31.6
48, 31.8
48, 32
48, 32.2
48, 32.4
48, 32.6
48, 32.8
48, 33
48, 33.2
48, 33.4
48, 33.6
48, 33.8
48, 34
48, 34.2
48, 34.4
48, 34.6
48, 34.8
48, 35
48, 35.2
48, 35.4
48, 35.6
48, 35.8
48, 36
48, 36.2
48, 36.4
48, 36.6
48, 36.8
48, 37
48, 37.2
48, 37.4
48, 37.6
48, 37.8
48, 38
48, 38.2
48, 38.4
48, 38.6
48, 38.8
48, 39
48, 39.2
48, 39.4
48, 39.6
48, 39.8
48, 40
48, 40.2
48, 40.4
48, 40.6
48, 40.8
48, 41
48, 41.2
48, 41.4
48, 41.6
48, 41.8
48, 42
48, 42.2
48, 42.4
48, 42.6
48, 42.8
48, 43
48, 43.2
48, 43.4
48, 43.6
48, 43.8
48, 44
48, 44.2
48, 44.4
48, 44.6
48, 44.8
48, 45
48, 45.2
48, 45.4
48, 45.6
48, 45.8
48, 46
48, 46.2
48, 46.4
48, 46.6
48, 46.8
48, 47
48, 47.2
48, 47.4
48, 47.6
48, 47.8
48, 48
48, 48.2
48, 48.4
48, 48.6
48, 48.8
48, 49
48, 49.2
48, 49.4
48, 49.6
48, 49.8
48, 50
48.2, 0.2
48.2, 0.4
48.2, 0.6
48.2, 0.8
48.2, 1
48.2, 1.2
48.2, 1.4
48.2, 1.6
48.2, 1.8
48.2, 2
48.2, 2.2
48.2, 2.4
48.2, 2.6
48.2, 2.8
48.2, 3
48.2, 3.2
48.2, 3.4
48.2, 3.6
48.2, 3.8
48.2, 4
48.2, 4.2
48.2, 4.4
48.2, 4.6
48.2, 4.8
48.2, 5
48.2, 5.2
48.2, 5.4
48.2, 5.6
48.2, 5.8
48.2, 6
48.2, 6.2
48.2, 6.4
48.2, 6.6
48.2, 6.8
48.2, 7
48.2, 7.2
48.2, 7.4
48.2, 7.6
48.2, 7.8
48.2, 8
48.2, 8.2
48.2, 8.4
48.2, 8.6
48.2, 8.8
48.2, 9
48.2, 9.2
48.2, 9.4
48.2, 9.6
48.2, 9.8
48.2, 10
48.2, 10.2
48.2, 10.4
48.2, 10.6
48.2, 10.8
48.2, 11
48.2, 11.2
48.2, 11.4
48.2, 11.6
48.2, 11.8
48.2, 12
48.2, 12.2
48.2, 12.4
48.2, 12.6
48.2, 12.8
48.2, 13
48.2, 13.2
48.2, 13.4
48.2, 13.6
48.2, 13.8
48.2, 14
48.2, 14.2
48.2, 14.4
48.2, 14.6
48.2, 14.8
48.2, 15
48.2, 15.2
48.2, 15.4
48.2, 15.6
48.2, 15.8
48.2, 16
48.2, 16.2
48.2, 16.4
48.2, 16.6
48.2, 16.8
48.2, 17
48.2, 17.2
48.2, 17.4
48.2, 17.6
48.2, 17.8
48.2, 18
48.2, 18.2
48.2, 18.4
48.2, 18.6
48.2, 18.8
48.2, 19
48.2, 19.2
48.2, 19.4
48.2, 19.6
48.2, 19.8
48.2, 20
48.2, 20.2
48.2, 20.4
48.2, 20.6
48.2, 20.8
48.2, 21
48.2, 21.2
48.2, 21.4
48.2, 21.6
48.2, 21.8
48.2, 22
48.2, 22.2
48.2, 22.4
48.2, 22.6
48.2, 22.8
48.2, 23
48.2, 23.2
48.2, 23.4
48.2, 23.6
48.2, 23.8
48.2, 24
48.2, 24.2
48.2, 24.4
48.2, 24.6
48.2, 24.8
48.2, 25
48.2, 25.2
48.2, 25.4
48.2, 25.6
48.2, 25.8
48.2, 26
48.2, 26.2
48.2, 26.4
48.2, 26.6
48.2, 26.8
48.2, 27
48.2, 27.2
48.2, 27.4
48.2, 27.6
48.2, 27.8
48.2, 28
48.2, 28.2
48.2, 28.4
48.2, 28.6
48.2, 28.8
48.2, 29
48.2, 29.2
48.2, 29.4
48.2, 29.6
48.2, 29.8
48.2, 30
48.2, 30.2
48.2, 30.4
48.2, 30.6
48.2, 30.8
48.2, 31
48.2, 31.2
48.2, 31.4
48.2, 31.6
48.2, 31.8
48.2, 32
48.2, 32.2
48.2, 32.4
48.2, 32.6
48.2, 32.8
48.2, 33
48.2, 33.2
48.2, 33.4
48.2, 33.6
48.2, 33.8
48.2, 34
48.2, 34.2
48.2, 34.4
48.2, 34.6
48.2, 34.8
48.2, 35
48.2, 35.2
48.2, 35.4
48.2, 35.6
48.2, 35.8
48.2, 36
48.2, 36.2
48.2, 36.4
48.2, 36.6
48.2, 36.8
48.2, 37
48.2, 37.2
48.2, 37.4
48.2, 37.6
48.2, 37.8
48.2, 38
48.2, 38.2
48.2, 38.4
48.2, 38.6
48.2, 38.8
48.2, 39
48.2, 39.2
48.2, 39.4
48.2, 39.6
48.2, 39.8
48.2, 40
48.2, 40.2
48.2, 40.4
48.2, 40.6
48.2, 40.8
48.2, 41
48.2, 41.2
48.2, 41.4
48.2, 41.6
48.2, 41.8
48.2, 42
48.2, 42.2
48.2, 42.4
48.2, 42.6
48.2, 42.8
48.2, 43
48.2, 43.2
48.2, 43.4
48.2, 43.6
48.2, 43.8
48.2, 44
48.2, 44.2
48.2, 44.4
48.2, 44.6
48.2, 44.8
48.2, 45
48.2, 45.2
48.2, 45.4
48.2, 45.6
48.2, 45.8
48.2, 46
48.2, 46.2
48.2, 46.4
48.2, 46.6
48.2, 46.8
48.2, 47
48.2, 47.2
48.2, 47.4
48.2, 47.6
48.2, 47.8
48.2, 48
48.2, 48.2
48.2, 48.4
48.2, 48.6
48.2, 48.8
48.2, 49
48.2, 49.2
48.2, 49.4
48.2, 49.6
48.2, 49.8
48.2, 50
48.4, 0.2
48.4, 0.4
48.4, 0.6
48.4, 0.8
48.4, 1
48.4, 1.2
48.4, 1.4
48.4, 1.6
48.4, 1.8
48.4, 2
48.4, 2.2
48.4, 2.4
48.4, 2.6
48.4, 2.8
48.4, 3
48.4, 3.2
48.4, 3.4
48.4, 3.6
48.4, 3.8
48.4, 4
48.4, 4.2
48.4, 4.4
48.4, 4.6
48.4, 4.8
48.4, 5
48.4, 5.2
48.4, 5.4
48.4, 5.6
48.4, 5.8
48.4, 6
48.4, 6.2
48.4, 6.4
48.4, 6.6
48.4, 6.8
48.4, 7
48.4, 7.2
48.4, 7.4
48.4, 7.6
48.4, 7.8
48.4, 8
48.4, 8.2
48.4, 8.4
48.4, 8.6
48.4, 8.8
48.4, 9
48.4, 9.2
48.4, 9.4
48.4, 9.6
48.4, 9.8
48.4, 10
48.4, 10.2
48.4, 10.4
48.4, 10.6
48.4, 10.8
48.4, 11
48.4, 11.2
48.4, 11.4
48.4, 11.6
48.4, 11.8
48.4, 12
48.4, 12.2
48.4, 12.4
48.4, 12.6
48.4, 12.8
48.4, 13
48.4, 13.2
48.4, 13.4
48.4, 13.6
48.4, 13.8
48.4, 14
48.4, 14.2
48.4, 14.4
48.4, 14.6
48.4, 14.8
48.4, 15
48.4, 15.2
48.4, 15.4
48.4, 15.6
48.4, 15.8
48.4, 16
48.4, 16.2
48.4, 16.4
48.4, 16.6
48.4, 16.8
48.4, 17
48.4, 17.2
48.4, 17.4
48.4, 17.6
48.4, 17.8
48.4, 18
48.4, 18.2
48.4, 18.4
48.4, 18.6
48.4, 18.8
48.4, 19
48.4, 19.2
48.4, 19.4
48.4, 19.6
48.4, 19.8
48.4, 20
48.4, 20.2
48.4, 20.4
48.4, 20.6
48.4, 20.8
48.4, 21
48.4, 21.2
48.4, 21.4
48.4, 21.6
48.4, 21.8
48.4, 22
48.4, 22.2
48.4, 22.4
48.4, 22.6
48.4, 22.8
48.4, 23
48.4, 23.2
48.4, 23.4
48.4, 23.6
48.4, 23.8
48.4, 24
48.4, 24.2
48.4, 24.4
48.4, 24.6
48.4, 24.8
48.4, 25
48.4, 25.2
48.4, 25.4
48.4, 25.6
48.4, 25.8
48.4, 26
48.4, 26.2
48.4, 26.4
48.4, 26.6
48.4, 26.8
48.4, 27
48.4, 27.2
48.4, 27.4
48.4, 27.6
48.4, 27.8
48.4, 28
48.4, 28.2
48.4, 28.4
48.4, 28.6
48.4, 28.8
48.4, 29
48.4, 29.2
48.4, 29.4
48.4, 29.6
48.4, 29.8
48.4, 30
48.4, 30.2
48.4, 30.4
48.4, 30.6
48.4, 30.8
48.4, 31
48.4, 31.2
48.4, 31.4
48.4, 31.6
48.4, 31.8
48.4, 32
48.4, 32.2
48.4, 32.4
48.4, 32.6
48.4, 32.8
48.4, 33
48.4, 33.2
48.4, 33.4
48.4, 33.6
48.4, 33.8
48.4, 34
48.4, 34.2
48.4, 34.4
48.4, 34.6
48.4, 34.8
48.4, 35
48.4, 35.2
48.4, 35.4
48.4, 35.6
48.4, 35.8
48.4, 36
48.4, 36.2
48.4, 36.4
48.4, 36.6
48.4, 36.8
48.4, 37
48.4, 37.2
48.4, 37.4
48.4, 37.6
48.4, 37.8
48.4, 38
48.4, 38.2
48.4, 38.4
48.4, 38.6
48.4, 38.8
48.4, 39
48.4, 39.2
48.4, 39.4
48.4, 39.6
48.4, 39.8
48.4, 40
48.4, 40.2
48.4, 40.4
48.4, 40.6
48.4, 40.8
48.4, 41
48.4, 41.2
48.4, 41.4
48.4, 41.6
48.4, 41.8
48.4, 42
48.4, 42.2
48.4, 42.4
48.4, 42.6
48.4, 42.8
48.4, 43
48.4, 43.2
48.4, 43.4
48.4, 43.6
48.4, 43.8
48.4, 44
48.4, 44.2
48.4, 44.4
48.4, 44.6
48.4, 44.8
48.4, 45
48.4, 45.2
48.4, 45.4
48.4, 45.6
48.4, 45.8
48.4, 46
48.4, 46.2
48.4, 46.4
48.4, 46.6
48.4, 46.8
48.4, 47
48.4, 47.2
48.4, 47.4
48.4, 47.6
48.4, 47.8
48.4, 48
48.4, 48.2
48.4, 48.4
48.4, 48.6
48.4, 48.8
48.4, 49
48.4, 49.2
48.4, 49.4
48.4, 49.6
48.4, 49.8
48.4, 50
48.6, 0.2
48.6, 0.4
48.6, 0.6
48.6, 0.8
48.6, 1
48.6, 1.2
48.6, 1.4
48.6, 1.6
48.6, 1.8
48.6, 2
48.6, 2.2
48.6, 2.4
48.6, 2.6
48.6, 2.8
48.6, 3
48.6, 3.2
48.6, 3.4
48.6, 3.6
48.6, 3.8
48.6, 4
48.6, 4.2
48.6, 4.4
48.6, 4.6
48.6, 4.8
48.6, 5
48.6, 5.2
48.6, 5.4
48.6, 5.6
48.6, 5.8
48.6, 6
48.6, 6.2
48.6, 6.4
48.6, 6.6
48.6, 6.8
48.6, 7
48.6, 7.2
48.6, 7.4
48.6, 7.6
48.6, 7.8
48.6, 8
48.6, 8.2
48.6, 8.4
48.6, 8.6
48.6, 8.8
48.6, 9
48.6, 9.2
48.6, 9.4
48.6, 9.6
48.6, 9.8
48.6, 10
48.6, 10.2
48.6, 10.4
48.6, 10.6
48.6, 10.8
48.6, 11
48.6, 11.2
48.6, 11.4
48.6, 11.6
48.6, 11.8
48.6, 12
48.6, 12.2
48.6, 12.4
48.6, 12.6
48.6, 12.8
48.6, 13
48.6, 13.2
48.6, 13.4
48.6, 13.6
48.6, 13.8
48.6, 14
48.6, 14.2
48.6, 14.4
48.6, 14.6
48.6, 14.8
48.6, 15
48.6, 15.2
48.6, 15.4
48.6, 15.6
48.6, 15.8
48.6, 16
48.6, 16.2
48.6, 16.4
48.6, 16.6
48.6, 16.8
48.6, 17
48.6, 17.2
48.6, 17.4
48.6, 17.6
48.6, 17.8
48.6, 18
48.6, 18.2
48.6, 18.4
48.6, 18.6
48.6, 18.8
48.6, 19
48.6, 19.2
48.6, 19.4
48.6, 19.6
48.6, 19.8
48.6, 20
48.6, 20.2
48.6, 20.4
48.6, 20.6
48.6, 20.8
48.6, 21
48.6, 21.2
48.6, 21.4
48.6, 21.6
48.6, 21.8
48.6, 22
48.6, 22.2
48.6, 22.4
48.6, 22.6
48.6, 22.8
48.6, 23
48.6, 23.2
48.6, 23.4
48.6, 23.6
48.6, 23.8
48.6, 24
48.6, 24.2
48.6, 24.4
48.6, 24.6
48.6, 24.8
48.6, 25
48.6, 25.2
48.6, 25.4
48.6, 25.6
48.6, 25.8
48.6, 26
48.6, 26.2
48.6, 26.4
48.6, 26.6
48.6, 26.8
48.6, 27
48.6, 27.2
48.6, 27.4
48.6, 27.6
48.6, 27.8
48.6, 28
48.6, 28.2
48.6, 28.4
48.6, 28.6
48.6, 28.8
48.6, 29
48.6, 29.2
48.6, 29.4
48.6, 29.6
48.6, 29.8
48.6, 30
48.6, 30.2
48.6, 30.4
48.6, 30.6
48.6, 30.8
48.6, 31
48.6, 31.2
48.6, 31.4
48.6, 31.6
48.6, 31.8
48.6, 32
48.6, 32.2
48.6, 32.4
48.6, 32.6
48.6, 32.8
48.6, 33
48.6, 33.2
48.6, 33.4
48.6, 33.6
48.6, 33.8
48.6, 34
48.6, 34.2
48.6, 34.4
48.6, 34.6
48.6, 34.8
48.6, 35
48.6, 35.2
48.6, 35.4
48.6, 35.6
48.6, 35.8
48.6, 36
48.6, 36.2
48.6, 36.4
48.6, 36.6
48.6, 36.8
48.6, 37
48.6, 37.2
48.6, 37.4
48.6, 37.6
48.6, 37.8
48.6, 38
48.6, 38.2
48.6, 38.4
48.6, 38.6
48.6, 38.8
48.6, 39
48.6, 39.2
48.6, 39.4
48.6, 39.6
48.6, 39.8
48.6, 40
48.6, 40.2
48.6, 40.4
48.6, 40.6
48.6, 40.8
48.6, 41
48.6, 41.2
48.6, 41.4
48.6, 41.6
48.6, 41.8
48.6, 42
48.6, 42.2
48.6, 42.4
48.6, 42.6
48.6, 42.8
48.6, 43
48.6, 43.2
48.6, 43.4
48.6, 43.6
48.6, 43.8
48.6, 44
48.6, 44.2
48.6, 44.4
48.6, 44.6
48.6, 44.8
48.6, 45
48.6, 45.2
48.6, 45.4
48.6, 45.6
48.6, 45.8
48.6, 46
48.6, 46.2
48.6, 46.4
48.6, 46.6
48.6, 46.8
48.6, 47
48.6, 47.2
48.6, 47.4
48.6, 47.6
48.6, 47.8
48.6, 48
48.6, 48.2
48.6, 48.4
48.6, 48.6
48.6, 48.8
48.6, 49
48.6, 49.2
48.6, 49.4
48.6, 49.6
48.6, 49.8
48.6, 50
48.8, 0.2
48.8, 0.4
48.8, 0.6
48.8, 0.8
48.8, 1
48.8, 1.2
48.8, 1.4
48.8, 1.6
48.8, 1.8
48.8, 2
48.8, 2.2
48.8, 2.4
48.8, 2.6
48.8, 2.8
48.8, 3
48.8, 3.2
48.8, 3.4
48.8, 3.6
48.8, 3.8
48.8, 4
48.8, 4.2
48.8, 4.4
48.8, 4.6
48.8, 4.8
48.8, 5
48.8, 5.2
48.8, 5.4
48.8, 5.6
48.8, 5.8
48.8, 6
48.8, 6.2
48.8, 6.4
48.8, 6.6
48.8, 6.8
48.8, 7
48.8, 7.2
48.8, 7.4
48.8, 7.6
48.8, 7.8
48.8, 8
48.8, 8.2
48.8, 8.4
48.8, 8.6
48.8, 8.8
48.8, 9
48.8, 9.2
48.8, 9.4
48.8, 9.6
48.8, 9.8
48.8, 10
48.8, 10.2
48.8, 10.4
48.8, 10.6
48.8, 10.8
48.8, 11
48.8, 11.2
48.8, 11.4
48.8, 11.6
48.8, 11.8
48.8, 12
48.8, 12.2
48.8, 12.4
48.8, 12.6
48.8, 12.8
48.8, 13
48.8, 13.2
48.8, 13.4
48.8, 13.6
48.8, 13.8
48.8, 14
48.8, 14.2
48.8, 14.4
48.8, 14.6
48.8, 14.8
48.8, 15
48.8, 15.2
48.8, 15.4
48.8, 15.6
48.8, 15.8
48.8, 16
48.8, 16.2
48.8, 16.4
48.8, 16.6
48.8, 16.8
48.8, 17
48.8, 17.2
48.8, 17.4
48.8, 17.6
48.8, 17.8
48.8, 18
48.8, 18.2
48.8, 18.4
48.8, 18.6
48.8, 18.8
48.8, 19
48.8, 19.2
48.8, 19.4
48.8, 19.6
48.8, 19.8
48.8, 20
48.8, 20.2
48.8, 20.4
48.8, 20.6
48.8, 20.8
48.8, 21
48.8, 21.2
48.8, 21.4
48.8, 21.6
48.8, 21.8
48.8, 22
48.8, 22.2
48.8, 22.4
48.8, 22.6
48.8, 22.8
48.8, 23
48.8, 23.2
48.8, 23.4
48.8, 23.6
48.8, 23.8
48.8, 24
48.8, 24.2
48.8, 24.4
48.8, 24.6
48.8, 24.8
48.8, 25
48.8, 25.2
48.8, 25.4
48.8, 25.6
48.8, 25.8
48.8, 26
48.8, 26.2
48.8, 26.4
48.8, 26.6
48.8, 26.8
48.8, 27
48.8, 27.2
48.8, 27.4
48.8, 27.6
48.8, 27.8
48.8, 28
48.8, 28.2
48.8, 28.4
48.8, 28.6
48.8, 28.8
48.8, 29
48.8, 29.2
48.8, 29.4
48.8, 29.6
48.8, 29.8
48.8, 30
48.8, 30.2
48.8, 30.4
48.8, 30.6
48.8, 30.8
48.8, 31
48.8, 31.2
48.8, 31.4
48.8, 31.6
48.8, 31.8
48.8, 32
48.8, 32.2
48.8, 32.4
48.8, 32.6
48.8, 32.8
48.8, 33
48.8, 33.2
48.8, 33.4
48.8, 33.6
48.8, 33.8
48.8, 34
48.8, 34.2
48.8, 34.4
48.8, 34.6
48.8, 34.8
48.8, 35
48.8, 35.2
48.8, 35.4
48.8, 35.6
48.8, 35.8
48.8, 36
48.8, 36.2
48.8, 36.4
48.8, 36.6
48.8, 36.8
48.8, 37
48.8, 37.2
48.8, 37.4
48.8, 37.6
48.8, 37.8
48.8, 38
48.8, 38.2
48.8, 38.4
48.8, 38.6
48.8, 38.8
48.8, 39
48.8, 39.2
48.8, 39.4
48.8, 39.6
48.8, 39.8
48.8, 40
48.8, 40.2
48.8, 40.4
48.8, 40.6
48.8, 40.8
48.8, 41
48.8, 41.2
48.8, 41.4
48.8, 41.6
48.8, 41.8
48.8, 42
48.8, 42.2
48.8, 42.4
48.8, 42.6
48.8, 42.8
48.8, 43
48.8, 43.2
48.8, 43.4
48.8, 43.6
48.8, 43.8
48.8, 44
48.8, 44.2
48.8, 44.4
48.8, 44.6
48.8, 44.8
48.8, 45
48.8, 45.2
48.8, 45.4
48.8, 45.6
48.8, 45.8
48.8, 46
48.8, 46.2
48.8, 46.4
48.8, 46.6
48.8, 46.8
48.8, 47
48.8, 47.2
48.8, 47.4
48.8, 47.6
48.8, 47.8
48.8, 48
48.8, 48.2
48.8, 48.4
48.8, 48.6
48.8, 48.8
48.8, 49
48.8, 49.2
48.8, 49.4
48.8, 49.6
48.8, 49.8
48.8, 50
49, 0.2
49, 0.4
49, 0.6
49, 0.8
49, 1
49, 1.2
49, 1.4
49, 1.6
49, 1.8
49, 2
49, 2.2
49, 2.4
49, 2.6
49, 2.8
49, 3
49, 3.2
49, 3.4
49, 3.6
49, 3.8
49, 4
49, 4.2
49, 4.4
49, 4.6
49, 4.8
49, 5
49, 5.2
49, 5.4
49, 5.6
49, 5.8
49, 6
49, 6.2
49, 6.4
49, 6.6
49, 6.8
49, 7
49, 7.2
49, 7.4
49, 7.6
49, 7.8
49, 8
49, 8.2
49, 8.4
49, 8.6
49, 8.8
49, 9
49, 9.2
49, 9.4
49, 9.6
49, 9.8
49, 10
49, 10.2
49, 10.4
49, 10.6
49, 10.8
49, 11
49, 11.2
49, 11.4
49, 11.6
49, 11.8
49, 12
49, 12.2
49, 12.4
49, 12.6
49, 12.8
49, 13
49, 13.2
49, 13.4
49, 13.6
49, 13.8
49, 14
49, 14.2
49, 14.4
49, 14.6
49, 14.8
49, 15
49, 15.2
49, 15.4
49, 15.6
49, 15.8
49, 16
49, 16.2
49, 16.4
49, 16.6
49, 16.8
49, 17
49, 17.2
49, 17.4
49, 17.6
49, 17.8
49, 18
49, 18.2
49, 18.4
49, 18.6
49, 18.8
49, 19
49, 19.2
49, 19.4
49, 19.6
49, 19.8
49, 20
49, 20.2
49, 20.4
49, 20.6
49, 20.8
49, 21
49, 21.2
49, 21.4
49, 21.6
49, 21.8
49, 22
49, 22.2
49, 22.4
49, 22.6
49, 22.8
49, 23
49, 23.2
49, 23.4
49, 23.6
49, 23.8
49, 24
49, 24.2
49, 24.4
49, 24.6
49, 24.8
49, 25
49, 25.2
49, 25.4
49, 25.6
49, 25.8
49, 26
49, 26.2
49, 26.4
49, 26.6
49, 26.8
49, 27
49, 27.2
49, 27.4
49, 27.6
49, 27.8
49, 28
49, 28.2
49, 28.4
49, 28.6
49, 28.8
49, 29
49, 29.2
49, 29.4
49, 29.6
49, 29.8
49, 30
49, 30.2
49, 30.4
49, 30.6
49, 30.8
49, 31
49, 31.2
49, 31.4
49, 31.6
49, 31.8
49, 32
49, 32.2
49, 32.4
49, 32.6
49, 32.8
49, 33
49, 33.2
49, 33.4
49, 33.6
49, 33.8
49, 34
49, 34.2
49, 34.4
49, 34.6
49, 34.8
49, 35
49, 35.2
49, 35.4
49, 35.6
49, 35.8
49, 36
49, 36.2
49, 36.4
49, 36.6
49, 36.8
49, 37
49, 37.2
49, 37.4
49, 37.6
49, 37.8
49, 38
49, 38.2
49, 38.4
49, 38.6
49, 38.8
49, 39
49, 39.2
49, 39.4
49, 39.6
49, 39.8
49, 40
49, 40.2
49, 40.4
49, 40.6
49, 40.8
49, 41
49, 41.2
49, 41.4
49, 41.6
49, 41.8
49, 42
49, 42.2
49, 42.4
49, 42.6
49, 42.8
49, 43
49, 43.2
49, 43.4
49, 43.6
49, 43.8
49, 44
49, 44.2
49, 44.4
49, 44.6
49, 44.8
49, 45
49, 45.2
49, 45.4
49, 45.6
49, 45.8
49, 46
49, 46.2
49, 46.4
49, 46.6
49, 46.8
49, 47
49, 47.2
49, 47.4
49, 47.6
49, 47.8
49, 48
49, 48.2
49, 48.4
49, 48.6
49, 48.8
49, 49
49, 49.2
49, 49.4
49, 49.6
49, 49.8
49, 50
49.2, 0.2
49.2, 0.4
49.2, 0.6
49.2, 0.8
49.2, 1
49.2, 1.2
49.2, 1.4
49.2, 1.6
49.2, 1.8
49.2, 2
49.2, 2.2
49.2, 2.4
49.2, 2.6
49.2, 2.8
49.2, 3
49.2, 3.2
49.2, 3.4
49.2, 3.6
49.2, 3.8
49.2, 4
49.2, 4.2
49.2, 4.4
49.2, 4.6
49.2, 4.8
49.2, 5
49.2, 5.2
49.2, 5.4
49.2, 5.6
49.2, 5.8
49.2, 6
49.2, 6.2
49.2, 6.4
49.2, 6.6
49.2, 6.8
49.2, 7
49.2, 7.2
49.2, 7.4
49.2, 7.6
49.2, 7.8
49.2, 8
49.2, 8.2
49.2, 8.4
49.2, 8.6
49.2, 8.8
49.2, 9
49.2, 9.2
49.2, 9.4
49.2, 9.6
49.2, 9.8
49.2, 10
49.2, 10.2
49.2, 10.4
49.2, 10.6
49.2, 10.8
49.2, 11
49.2, 11.2
49.2, 11.4
49.2, 11.6
49.2, 11.8
49.2, 12
49.2, 12.2
49.2, 12.4
49.2, 12.6
49.2, 12.8
49.2, 13
49.2, 13.2
49.2, 13.4
49.2, 13.6
49.2, 13.8
49.2, 14
49.2, 14.2
49.2, 14.4
49.2, 14.6
49.2, 14.8
49.2, 15
49.2, 15.2
49.2, 15.4
49.2, 15.6
49.2, 15.8
49.2, 16
49.2, 16.2
49.2, 16.4
49.2, 16.6
49.2, 16.8
49.2, 17
49.2, 17.2
49.2, 17.4
49.2, 17.6
49.2, 17.8
49.2, 18
49.2, 18.2
49.2, 18.4
49.2, 18.6
49.2, 18.8
49.2, 19
49.2, 19.2
49.2, 19.4
49.2, 19.6
49.2, 19.8
49.2, 20
49.2, 20.2
49.2, 20.4
49.2, 20.6
49.2, 20.8
49.2, 21
49.2, 21.2
49.2, 21.4
49.2, 21.6
49.2, 21.8
49.2, 22
49.2, 22.2
49.2, 22.4
49.2, 22.6
49.2, 22.8
49.2, 23
49.2, 23.2
49.2, 23.4
49.2, 23.6
49.2, 23.8
49.2, 24
49.2, 24.2
49.2, 24.4
49.2, 24.6
49.2, 24.8
49.2, 25
49.2, 25.2
49.2, 25.4
49.2, 25.6
49.2, 25.8
49.2, 26
49.2, 26.2
49.2, 26.4
49.2, 26.6
49.2, 26.8
49.2, 27
49.2, 27.2
49.2, 27.4
49.2, 27.6
49.2, 27.8
49.2, 28
49.2, 28.2
49.2, 28.4
49.2, 28.6
49.2, 28.8
49.2, 29
49.2, 29.2
49.2, 29.4
49.2, 29.6
49.2, 29.8
49.2, 30
49.2, 30.2
49.2, 30.4
49.2, 30.6
49.2, 30.8
49.2, 31
49.2, 31.2
49.2, 31.4
49.2, 31.6
49.2, 31.8
49.2, 32
49.2, 32.2
49.2, 32.4
49.2, 32.6
49.2, 32.8
49.2, 33
49.2, 33.2
49.2, 33.4
49.2, 33.6
49.2, 33.8
49.2, 34
49.2, 34.2
49.2, 34.4
49.2, 34.6
49.2, 34.8
49.2, 35
49.2, 35.2
49.2, 35.4
49.2, 35.6
49.2, 35.8
49.2, 36
49.2, 36.2
49.2, 36.4
49.2, 36.6
49.2, 36.8
49.2, 37
49.2, 37.2
49.2, 37.4
49.2, 37.6
49.2, 37.8
49.2, 38
49.2, 38.2
49.2, 38.4
49.2, 38.6
49.2, 38.8
49.2, 39
49.2, 39.2
49.2, 39.4
49.2, 39.6
49.2, 39.8
49.2, 40
49.2, 40.2
49.2, 40.4
49.2, 40.6
49.2, 40.8
49.2, 41
49.2, 41.2
49.2, 41.4
49.2, 41.6
49.2, 41.8
49.2, 42
49.2, 42.2
49.2, 42.4
49.2, 42.6
49.2, 42.8
49.2, 43
49.2, 43.2
49.2, 43.4
49.2, 43.6
49.2, 43.8
49.2, 44
49.2, 44.2
49.2, 44.4
49.2, 44.6
49.2, 44.8
49.2, 45
49.2, 45.2
49.2, 45.4
49.2, 45.6
49.2, 45.8
49.2, 46
49.2, 46.2
49.2, 46.4
49.2, 46.6
49.2, 46.8
49.2, 47
49.2, 47.2
49.2, 47.4
49.2, 47.6
49.2, 47.8
49.2, 48
49.2, 48.2
49.2, 48.4
49.2, 48.6
49.2, 48.8
49.2, 49
49.2, 49.2
49.2, 49.4
49.2, 49.6
49.2, 49.8
49.2, 50
49.4, 0.2
49.4, 0.4
49.4, 0.6
49.4, 0.8
49.4, 1
49.4, 1.2
49.4, 1.4
49.4, 1.6
49.4, 1.8
49.4, 2
49.4, 2.2
49.4, 2.4
49.4, 2.6
49.4, 2.8
49.4, 3
49.4, 3.2
49.4, 3.4
49.4, 3.6
49.4, 3.8
49.4, 4
49.4, 4.2
49.4, 4.4
49.4, 4.6
49.4, 4.8
49.4, 5
49.4, 5.2
49.4, 5.4
49.4, 5.6
49.4, 5.8
49.4, 6
49.4, 6.2
49.4, 6.4
49.4, 6.6
49.4, 6.8
49.4, 7
49.4, 7.2
49.4, 7.4
49.4, 7.6
49.4, 7.8
49.4, 8
49.4, 8.2
49.4, 8.4
49.4, 8.6
49.4, 8.8
49.4, 9
49.4, 9.2
49.4, 9.4
49.4, 9.6
49.4, 9.8
49.4, 10
49.4, 10.2
49.4, 10.4
49.4, 10.6
49.4, 10.8
49.4, 11
49.4, 11.2
49.4, 11.4
49.4, 11.6
49.4, 11.8
49.4, 12
49.4, 12.2
49.4, 12.4
49.4, 12.6
49.4, 12.8
49.4, 13
49.4, 13.2
49.4, 13.4
49.4, 13.6
49.4, 13.8
49.4, 14
49.4, 14.2
49.4, 14.4
49.4, 14.6
49.4, 14.8
49.4, 15
49.4, 15.2
49.4, 15.4
49.4, 15.6
49.4, 15.8
49.4, 16
49.4, 16.2
49.4, 16.4
49.4, 16.6
49.4, 16.8
49.4, 17
49.4, 17.2
49.4, 17.4
49.4, 17.6
49.4, 17.8
49.4, 18
49.4, 18.2
49.4, 18.4
49.4, 18.6
49.4, 18.8
49.4, 19
49.4, 19.2
49.4, 19.4
49.4, 19.6
49.4, 19.8
49.4, 20
49.4, 20.2
49.4, 20.4
49.4, 20.6
49.4, 20.8
49.4, 21
49.4, 21.2
49.4, 21.4
49.4, 21.6
49.4, 21.8
49.4, 22
49.4, 22.2
49.4, 22.4
49.4, 22.6
49.4, 22.8
49.4, 23
49.4, 23.2
49.4, 23.4
49.4, 23.6
49.4, 23.8
49.4, 24
49.4, 24.2
49.4, 24.4
49.4, 24.6
49.4, 24.8
49.4, 25
49.4, 25.2
49.4, 25.4
49.4, 25.6
49.4, 25.8
49.4, 26
49.4, 26.2
49.4, 26.4
49.4, 26.6
49.4, 26.8
49.4, 27
49.4, 27.2
49.4, 27.4
49.4, 27.6
49.4, 27.8
49.4, 28
49.4, 28.2
49.4, 28.4
49.4, 28.6
49.4, 28.8
49.4, 29
49.4, 29.2
49.4, 29.4
49.4, 29.6
49.4, 29.8
49.4, 30
49.4, 30.2
49.4, 30.4
49.4, 30.6
49.4, 30.8
49.4, 31
49.4, 31.2
49.4, 31.4
49.4, 31.6
49.4, 31.8
49.4, 32
49.4, 32.2
49.4, 32.4
49.4, 32.6
49.4, 32.8
49.4, 33
49.4, 33.2
49.4, 33.4
49.4, 33.6
49.4, 33.8
49.4, 34
49.4, 34.2
49.4, 34.4
49.4, 34.6
49.4, 34.8
49.4, 35
49.4, 35.2
49.4, 35.4
49.4, 35.6
49.4, 35.8
49.4, 36
49.4, 36.2
49.4, 36.4
49.4, 36.6
49.4, 36.8
49.4, 37
49.4, 37.2
49.4, 37.4
49.4, 37.6
49.4, 37.8
49.4, 38
49.4, 38.2
49.4, 38.4
49.4, 38.6
49.4, 38.8
49.4, 39
49.4, 39.2
49.4, 39.4
49.4, 39.6
49.4, 39.8
49.4, 40
49.4, 40.2
49.4, 40.4
49.4, 40.6
49.4, 40.8
49.4, 41
49.4, 41.2
49.4, 41.4
49.4, 41.6
49.4, 41.8
49.4, 42
49.4, 42.2
49.4, 42.4
49.4, 42.6
49.4, 42.8
49.4, 43
49.4, 43.2
49.4, 43.4
49.4, 43.6
49.4, 43.8
49.4, 44
49.4, 44.2
49.4, 44.4
49.4, 44.6
49.4, 44.8
49.4, 45
49.4, 45.2
49.4, 45.4
49.4, 45.6
49.4, 45.8
49.4, 46
49.4, 46.2
49.4, 46.4
49.4, 46.6
49.4, 46.8
49.4, 47
49.4, 47.2
49.4, 47.4
49.4, 47.6
49.4, 47.8
49.4, 48
49.4, 48.2
49.4, 48.4
49.4, 48.6
49.4, 48.8
49.4, 49
49.4, 49.2
49.4, 49.4
49.4, 49.6
49.4, 49.8
49.4, 50
49.6, 0.2
49.6, 0.4
49.6, 0.6
49.6, 0.8
49.6, 1
49.6, 1.2
49.6, 1.4
49.6, 1.6
49.6, 1.8
49.6, 2
49.6, 2.2
49.6, 2.4
49.6, 2.6
49.6, 2.8
49.6, 3
49.6, 3.2
49.6, 3.4
49.6, 3.6
49.6, 3.8
49.6, 4
49.6, 4.2
49.6, 4.4
49.6, 4.6
49.6, 4.8
49.6, 5
49.6, 5.2
49.6, 5.4
49.6, 5.6
49.6, 5.8
49.6, 6
49.6, 6.2
49.6, 6.4
49.6, 6.6
49.6, 6.8
49.6, 7
49.6, 7.2
49.6, 7.4
49.6, 7.6
49.6, 7.8
49.6, 8
49.6, 8.2
49.6, 8.4
49.6, 8.6
49.6, 8.8
49.6, 9
49.6, 9.2
49.6, 9.4
49.6, 9.6
49.6, 9.8
49.6, 10
49.6, 10.2
49.6, 10.4
49.6, 10.6
49.6, 10.8
49.6, 11
49.6, 11.2
49.6, 11.4
49.6, 11.6
49.6, 11.8
49.6, 12
49.6, 12.2
49.6, 12.4
49.6, 12.6
49.6, 12.8
49.6, 13
49.6, 13.2
49.6, 13.4
49.6, 13.6
49.6, 13.8
49.6, 14
49.6, 14.2
49.6, 14.4
49.6, 14.6
49.6, 14.8
49.6, 15
49.6, 15.2
49.6, 15.4
49.6, 15.6
49.6, 15.8
49.6, 16
49.6, 16.2
49.6, 16.4
49.6, 16.6
49.6, 16.8
49.6, 17
49.6, 17.2
49.6, 17.4
49.6, 17.6
49.6, 17.8
49.6, 18
49.6, 18.2
49.6, 18.4
49.6, 18.6
49.6, 18.8
49.6, 19
49.6, 19.2
49.6, 19.4
49.6, 19.6
49.6, 19.8
49.6, 20
49.6, 20.2
49.6, 20.4
49.6, 20.6
49.6, 20.8
49.6, 21
49.6, 21.2
49.6, 21.4
49.6, 21.6
49.6, 21.8
49.6, 22
49.6, 22.2
49.6, 22.4
49.6, 22.6
49.6, 22.8
49.6, 23
49.6, 23.2
49.6, 23.4
49.6, 23.6
49.6, 23.8
49.6, 24
49.6, 24.2
49.6, 24.4
49.6, 24.6
49.6, 24.8
49.6, 25
49.6, 25.2
49.6, 25.4
49.6, 25.6
49.6, 25.8
49.6, 26
49.6, 26.2
49.6, 26.4
49.6, 26.6
49.6, 26.8
49.6, 27
49.6, 27.2
49.6, 27.4
49.6, 27.6
49.6, 27.8
49.6, 28
49.6, 28.2
49.6, 28.4
49.6, 28.6
49.6, 28.8
49.6, 29
49.6, 29.2
49.6, 29.4
49.6, 29.6
49.6, 29.8
49.6, 30
49.6, 30.2
49.6, 30.4
49.6, 30.6
49.6, 30.8
49.6, 31
49.6, 31.2
49.6, 31.4
49.6, 31.6
49.6, 31.8
49.6, 32
49.6, 32.2
49.6, 32.4
49.6, 32.6
49.6, 32.8
49.6, 33
49.6, 33.2
49.6, 33.4
49.6, 33.6
49.6, 33.8
49.6, 34
49.6, 34.2
49.6, 34.4
49.6, 34.6
49.6, 34.8
49.6, 35
49.6, 35.2
49.6, 35.4
49.6, 35.6
49.6, 35.8
49.6, 36
49.6, 36.2
49.6, 36.4
49.6, 36.6
49.6, 36.8
49.6, 37
49.6, 37.2
49.6, 37.4
49.6, 37.6
49.6, 37.8
49.6, 38
49.6, 38.2
49.6, 38.4
49.6, 38.6
49.6, 38.8
49.6, 39
49.6, 39.2
49.6, 39.4
49.6, 39.6
49.6, 39.8
49.6, 40
49.6, 40.2
49.6, 40.4
49.6, 40.6
49.6, 40.8
49.6, 41
49.6, 41.2
49.6, 41.4
49.6, 41.6
49.6, 41.8
49.6, 42
49.6, 42.2
49.6, 42.4
49.6, 42.6
49.6, 42.8
49.6, 43
49.6, 43.2
49.6, 43.4
49.6, 43.6
49.6, 43.8
49.6, 44
49.6, 44.2
49.6, 44.4
49.6, 44.6
49.6, 44.8
49.6, 45
49.6, 45.2
49.6, 45.4
49.6, 45.6
49.6, 45.8
49.6, 46
49.6, 46.2
49.6, 46.4
49.6, 46.6
49.6, 46.8
49.6, 47
49.6, 47.2
49.6, 47.4
49.6, 47.6
49.6, 47.8
49.6, 48
49.6, 48.2
49.6, 48.4
49.6, 48.6
49.6, 48.8
49.6, 49
49.6, 49.2
49.6, 49.4
49.6, 49.6
49.6, 49.8
49.6, 50
49.8, 0.2
49.8, 0.4
49.8, 0.6
49.8, 0.8
49.8, 1
49.8, 1.2
49.8, 1.4
49.8, 1.6
49.8, 1.8
49.8, 2
49.8, 2.2
49.8, 2.4
49.8, 2.6
49.8, 2.8
49.8, 3
49.8, 3.2
49.8, 3.4
49.8, 3.6
49.8, 3.8
49.8, 4
49.8, 4.2
49.8, 4.4
49.8, 4.6
49.8, 4.8
49.8, 5
49.8, 5.2
49.8, 5.4
49.8, 5.6
49.8, 5.8
49.8, 6
49.8, 6.2
49.8, 6.4
49.8, 6.6
49.8, 6.8
49.8, 7
49.8, 7.2
49.8, 7.4
49.8, 7.6
49.8, 7.8
49.8, 8
49.8, 8.2
49.8, 8.4
49.8, 8.6
49.8, 8.8
49.8, 9
49.8, 9.2
49.8, 9.4
49.8, 9.6
49.8, 9.8
49.8, 10
49.8, 10.2
49.8, 10.4
49.8, 10.6
49.8, 10.8
49.8, 11
49.8, 11.2
49.8, 11.4
49.8, 11.6
49.8, 11.8
49.8, 12
49.8, 12.2
49.8, 12.4
49.8, 12.6
49.8, 12.8
49.8, 13
49.8, 13.2
49.8, 13.4
49.8, 13.6
49.8, 13.8
49.8, 14
49.8, 14.2
49.8, 14.4
49.8, 14.6
49.8, 14.8
49.8, 15
49.8, 15.2
49.8, 15.4
49.8, 15.6
49.8, 15.8
49.8, 16
49.8, 16.2
49.8, 16.4
49.8, 16.6
49.8, 16.8
49.8, 17
49.8, 17.2
49.8, 17.4
49.8, 17.6
49.8, 17.8
49.8, 18
49.8, 18.2
49.8, 18.4
49.8, 18.6
49.8, 18.8
49.8, 19
49.8, 19.2
49.8, 19.4
49.8, 19.6
49.8, 19.8
49.8, 20
49.8, 20.2
49.8, 20.4
49.8, 20.6
49.8, 20.8
49.8, 21
49.8, 21.2
49.8, 21.4
49.8, 21.6
49.8, 21.8
49.8, 22
49.8, 22.2
49.8, 22.4
49.8, 22.6
49.8, 22.8
49.8, 23
49.8, 23.2
49.8, 23.4
49.8, 23.6
49.8, 23.8
49.8, 24
49.8, 24.2
49.8, 24.4
49.8, 24.6
49.8, 24.8
49.8, 25
49.8, 25.2
49.8, 25.4
49.8, 25.6
49.8, 25.8
49.8, 26
49.8, 26.2
49.8, 26.4
49.8, 26.6
49.8, 26.8
49.8, 27
49.8, 27.2
49.8, 27.4
49.8, 27.6
49.8, 27.8
49.8, 28
49.8, 28.2
49.8, 28.4
49.8, 28.6
49.8, 28.8
49.8, 29
49.8, 29.2
49.8, 29.4
49.8, 29.6
49.8, 29.8
49.8, 30
49.8, 30.2
49.8, 30.4
49.8, 30.6
49.8, 30.8
49.8, 31
49.8, 31.2
49.8, 31.4
49.8, 31.6
49.8, 31.8
49.8, 32
49.8, 32.2
49.8, 32.4
49.8, 32.6
49.8, 32.8
49.8, 33
49.8, 33.2
49.8, 33.4
49.8, 33.6
49.8, 33.8
49.8, 34
49.8, 34.2
49.8, 34.4
49.8, 34.6
49.8, 34.8
49.8, 35
49.8, 35.2
49.8, 35.4
49.8, 35.6
49.8, 35.8
49.8, 36
49.8, 36.2
49.8, 36.4
49.8, 36.6
49.8, 36.8
49.8, 37
49.8, 37.2
49.8, 37.4
49.8, 37.6
49.8, 37.8
49.8, 38
49.8, 38.2
49.8, 38.4
49.8, 38.6
49.8, 38.8
49.8, 39
49.8, 39.2
49.8, 39.4
49.8, 39.6
49.8, 39.8
49.8, 40
49.8, 40.2
49.8, 40.4
49.8, 40.6
49.8, 40.8
49.8, 41
49.8, 41.2
49.8, 41.4
49.8, 41.6
49.8, 41.8
49.8, 42
49.8, 42.2
49.8, 42.4
49.8, 42.6
49.8, 42.8
49.8, 43
49.8, 43.2
49.8, 43.4
49.8, 43.6
49.8, 43.8
49.8, 44
49.8, 44.2
49.8, 44.4
49.8, 44.6
49.8, 44.8
49.8, 45
49.8, 45.2
49.8, 45.4
49.8, 45.6
49.8, 45.8
49.8, 46
49.8, 46.2
49.8, 46.4
49.8, 46.6
49.8, 46.8
49.8, 47
49.8, 47.2
49.8, 47.4
49.8, 47.6
49.8, 47.8
49.8, 48
49.8, 48.2
49.8, 48.4
49.8, 48.6
49.8, 48.8
49.8, 49
49.8, 49.2
49.8, 49.4
49.8, 49.6
49.8, 49.8
49.8, 50
50, 0.2
50, 0.4
50, 0.6
50, 0.8
50, 1
50, 1.2
50, 1.4
50, 1.6
50, 1.8
50, 2
50, 2.2
50, 2.4
50, 2.6
50, 2.8
50, 3
50, 3.2
50, 3.4
50, 3.6
50, 3.8
50, 4
50, 4.2
50, 4.4
50, 4.6
50, 4.8
50, 5
50, 5.2
50, 5.4
50, 5.6
50, 5.8
50, 6
50, 6.2
50, 6.4
50, 6.6
50, 6.8
50, 7
50, 7.2
50, 7.4
50, 7.6
50, 7.8
50, 8
50, 8.2
50, 8.4
50, 8.6
50, 8.8
50, 9
50, 9.2
50, 9.4
50, 9.6
50, 9.8
50, 10
50, 10.2
50, 10.4
50, 10.6
50, 10.8
50, 11
50, 11.2
50, 11.4
50, 11.6
50, 11.8
50, 12
50, 12.2
50, 12.4
50, 12.6
50, 12.8
50, 13
50, 13.2
50, 13.4
50, 13.6
50, 13.8
50, 14
50, 14.2
50, 14.4
50, 14.6
50, 14.8
50, 15
50, 15.2
50, 15.4
50, 15.6
50, 15.8
50, 16
50, 16.2
50, 16.4
50, 16.6
50, 16.8
50, 17
50, 17.2
50, 17.4
50, 17.6
50, 17.8
50, 18
50, 18.2
50, 18.4
50, 18.6
50, 18.8
50, 19
50, 19.2
50, 19.4
50, 19.6
50, 19.8
50, 20
50, 20.2
50, 20.4
50, 20.6
50, 20.8
50, 21
50, 21.2
50, 21.4
50, 21.6
50, 21.8
50, 22
50, 22.2
50, 22.4
50, 22.6
50, 22.8
50, 23
50, 23.2
50, 23.4
50, 23.6
50, 23.8
50, 24
50, 24.2
50, 24.4
50, 24.6
50, 24.8
50, 25
50, 25.2
50, 25.4
50, 25.6
50, 25.8
50, 26
50, 26.2
50, 26.4
50, 26.6
50, 26.8
50, 27
50, 27.2
50, 27.4
50, 27.6
50, 27.8
50, 28
50, 28.2
50, 28.4
50, 28.6
50, 28.8
50, 29
50, 29.2
50, 29.4
50, 29.6
50, 29.8
50, 30
50, 30.2
50, 30.4
50, 30.6
50, 30.8
50, 31
50, 31.2
50, 31.4
50, 31.6
50, 31.8
50, 32
50, 32.2
50, 32.4
50, 32.6
50, 32.8
50, 33
50, 33.2
50, 33.4
50, 33.6
50, 33.8
50, 34
50, 34.2
50, 34.4
50, 34.6
50, 34.8
50, 35
50, 35.2
50, 35.4
50, 35.6
50, 35.8
50, 36
50, 36.2
50, 36.4
50, 36.6
50, 36.8
50, 37
50, 37.2
50, 37.4
50, 37.6
50, 37.8
50, 38
50, 38.2
50, 38.4
50, 38.6
50, 38.8
50, 39
50, 39.2
50, 39.4
50, 39.6
50, 39.8
50, 40
50, 40.2
50, 40.4
50, 40.6
50, 40.8
50, 41
50, 41.2
50, 41.4
50, 41.6
50, 41.8
50, 42
50, 42.2
50, 42.4
50, 42.6
50, 42.8
50, 43
50, 43.2
50, 43.4
50, 43.6
50, 43.8
50, 44
50, 44.2
50, 44.4
50, 44.6
50, 44.8
50, 45
50, 45.2
50, 45.4
50, 45.6
50, 45.8
50, 46
50, 46.2
50, 46.4
50, 46.6
50, 46.8
50, 47
50, 47.2
50, 47.4
50, 47.6
50, 47.8
50, 48
50, 48.2
50, 48.4
50, 48.6
50, 48.8
50, 49
50, 49.2
50, 49.4
50, 49.6
50, 49.8
50, 50

